Date,F18 sp500_mean_lag1,F18 sp500_mean_lag2,F19 usd_index_mean_lag1,F19 usd_index_mean_lag2,F23 natural_gas_price_mean_lag1,F23 natural_gas_price_mean_lag2,F24 brent_price_mean_lag1,F24 brent_price_mean_lag2,F25 biofuels_mean_lag1,F25 biofuels_mean_lag2,F28 clean_energy_etf_wilderhill_mean_lag1,F28 clean_energy_etf_wilderhill_mean_lag2,F29 low_carbon_energy_etf_mean_lag1,F29 low_carbon_energy_etf_mean_lag2,F30 natural_gas_nymex_mean_lag1,F30 natural_gas_nymex_mean_lag2,F34 eu_epu_mean_lag1,F34 eu_epu_mean_lag2,F35 global_epu_mean_lag1,F35 global_epu_mean_lag2,F36 global_sustainability_uncertainty_mean_lag1,F36 global_sustainability_uncertainty_mean_lag2,F39 geopolitical_risk_threats_mean_lag1,F39 geopolitical_risk_threats_mean_lag2,F38 geopolitical_risk_events_mean_lag1,F38 geopolitical_risk_events_mean_lag2,F42 attention_to_energy_price_mean_lag1,F42 attention_to_energy_price_mean_lag2,F43 attention_to_supply_demand_mean_lag1,F43 attention_to_supply_demand_mean_lag2,F44 attention_to_carbon_trading_mean_lag1,F44 attention_to_carbon_trading_mean_lag2,F45 attention_to_energy_policy_mean_lag1,F45 attention_to_energy_policy_mean_lag2,F46 extreme_weather_index_mean_lag1,F46 extreme_weather_index_mean_lag2,F47 attention_to_geopolitical_risks_mean_lag1,F47 attention_to_geopolitical_risks_mean_lag2,F48 attention_to_extreme_events_mean_lag1,F48 attention_to_extreme_events_mean_lag2,label_up
2013-05-03,1577.4940000000001,1555.1599999999999,82.774,82.418,65.372,67.574,101.8,99.354,116.03399999999999,117.758,22.759999999999998,21.3,39.126,37.465999999999994,4.198,4.264,205.6240806474562,205.6240806474562,137.0366791190662,137.0366791190662,25.366486234671,25.366486234671,109.65644760131836,99.05102233886718,123.45876159667971,121.09673995971677,0.42360889768141374,0.5591352448577284,-0.15785336872714228,0.012741063830850097,0.24410194072123165,0.19388947213691266,0.3486441063447065,0.43717294677106455,0.06235959096442212,0.28231763841812485,0.1841589341835192,0.07736355375248083,0.31002299560442653,0.37396143263607706,1
2013-05-10,1597.1779999999999,1577.4940000000001,81.958,82.774,64.128,65.372,102.63399999999999,101.8,118.936,116.03399999999999,23.866,22.759999999999998,40.5,39.126,4.2254000000000005,4.198,165.73255698412217,205.6240806474562,120.03612239177482,137.0366791190662,24.751972510090962,25.366486234671,57.772514724731444,109.65644760131836,95.74506530761718,123.45876159667971,0.24615968169646085,0.42360889768141374,-0.12810039881665206,-0.15785336872714228,0.1676743601238791,0.24410194072123165,0.4073457877727475,0.3486441063447065,0.1672722502956462,0.06235959096442212,0.04916116769876592,0.1841589341835192,0.26524200777308593,0.31002299560442653,0
2013-05-17,1629.755,1597.1779999999999,82.49000000000001,81.958,63.932500000000005,64.128,104.28,102.63399999999999,117.625,118.936,24.4675,23.866,42.19,40.5,3.94775,4.2254000000000005,139.1382078752328,165.73255698412217,108.7024179069139,120.03612239177482,24.34229669370427,24.751972510090962,69.73348999023438,57.772514724731444,74.36525344848633,95.74506530761718,0.24045286353684373,0.24615968169646085,-0.043520172637267374,-0.12810039881665206,-0.05380053319548725,0.1676743601238791,0.3041227058459302,0.4073457877727475,0.0539175178095622,0.1672722502956462,-0.1172760795790623,0.04916116769876592,0.25519585222633906,0.26524200777308593,0
2013-05-24,1652.166,1629.755,83.712,82.49000000000001,64.262,63.932500000000005,103.508,104.28,117.34200000000001,117.625,26.330000000000002,24.4675,44.726,42.19,4.0012,3.94775,139.1382078752328,139.1382078752328,108.7024179069139,108.7024179069139,24.34229669370427,24.34229669370427,69.16305007934571,69.73348999023438,100.76442413330078,74.36525344848633,0.26164006149047836,0.24045286353684373,-0.18175774619501261,-0.043520172637267374,-0.009202848874664854,-0.05380053319548725,0.23253465661439607,0.3041227058459302,0.11778202906788293,0.0539175178095622,0.023921712668906074,-0.1172760795790623,0.16944172299287757,0.25519585222633906,1
2013-05-31,1658.182,1652.166,83.87,83.712,66.148,64.262,103.27799999999999,103.508,116.968,117.34200000000001,27.669999999999998,26.330000000000002,46.086,44.726,4.1932,4.0012,139.1382078752328,139.1382078752328,108.7024179069139,108.7024179069139,24.34229669370427,24.34229669370427,84.35059280395508,69.16305007934571,123.3653610229492,100.76442413330078,0.2535526590777349,0.26164006149047836,-0.3348966607426562,-0.18175774619501261,-0.01654604628452546,-0.009202848874664854,0.13850533887036434,0.23253465661439607,0.13251918180402553,0.11778202906788293,-0.09473797776674574,0.023921712668906074,-0.09662978110581522,0.16944172299287757,1
2013-06-07,1648.3925,1658.182,83.5375,83.87,65.27,66.148,102.31,103.27799999999999,117.055,116.968,27.725,27.669999999999998,47.3175,46.086,4.08225,4.1932,139.1382078752328,139.1382078752328,108.7024179069139,108.7024179069139,24.34229669370427,24.34229669370427,124.8647632598877,84.35059280395508,97.45820713043213,123.3653610229492,0.15343946947277934,0.2535526590777349,-0.33154278076155375,-0.3348966607426562,-0.07578467376823315,-0.01654604628452546,-0.010965042529185454,0.13850533887036434,-0.06060627048104837,0.13251918180402553,-0.15690228698764144,-0.09473797776674574,-0.3031609708824223,-0.09662978110581522,1
2013-06-14,1629.328,1648.3925,82.258,83.5375,63.398,65.27,103.30199999999999,102.31,116.374,117.055,26.810000000000002,27.725,46.012,47.3175,3.929,4.08225,177.5346382997794,139.1382078752328,128.6658905397237,108.7024179069139,23.70570296054189,24.34229669370427,93.70430450439453,124.8647632598877,91.16498413085937,97.45820713043213,0.13558513756778343,0.15343946947277934,-0.4283949879968776,-0.33154278076155375,-0.13030830270493574,-0.07578467376823315,-0.00012308385972880086,-0.010965042529185454,0.038221255272146,-0.06060627048104837,-0.28302534050098904,-0.15690228698764144,-0.08038069280872864,-0.3031609708824223,1
2013-06-21,1628.91,1629.328,81.002,82.258,63.6,63.398,104.11600000000001,103.30199999999999,115.03800000000001,116.374,26.7,26.810000000000002,45.774,46.012,3.7695999999999996,3.929,177.5346382997794,177.5346382997794,128.6658905397237,128.6658905397237,23.70570296054189,23.70570296054189,79.5190444946289,93.70430450439453,107.63033676147461,91.16498413085937,-0.026518248931240933,0.13558513756778343,-0.42123461475332463,-0.4283949879968776,-0.16925734952566127,-0.13030830270493574,-0.1517542247953307,-0.00012308385972880086,0.007700958756456612,0.038221255272146,-0.4186113516836425,-0.28302534050098904,-0.30409420283523303,-0.08038069280872864,0
2013-06-28,1620.08,1628.91,81.362,81.002,63.589999999999996,63.6,104.13399999999999,104.11600000000001,117.29400000000001,115.03800000000001,26.45,26.7,45.402,45.774,3.8781999999999996,3.7695999999999996,177.5346382997794,177.5346382997794,128.6658905397237,128.6658905397237,23.70570296054189,23.70570296054189,114.62437057495114,79.5190444946289,105.43558197021484,107.63033676147461,-0.052302992290232844,-0.026518248931240933,-0.38218446505129966,-0.42123461475332463,0.061466666575607974,-0.16925734952566127,-0.17567583165340334,-0.1517542247953307,-0.01561403679856388,0.007700958756456612,-0.41679205198365493,-0.4186113516836425,-0.282895875904356,-0.30409420283523303,1
2013-07-05,1596.772,1620.08,82.828,81.362,63.57000000000001,63.589999999999996,101.812,104.13399999999999,114.43599999999999,117.29400000000001,26.080000000000002,26.45,44.532,45.402,3.6479999999999997,3.8781999999999996,177.5346382997794,177.5346382997794,128.6658905397237,128.6658905397237,23.70570296054189,23.70570296054189,57.87376403808594,114.62437057495114,79.92714767456054,105.43558197021484,0.15789118986706646,-0.052302992290232844,-0.2972971552484327,-0.38218446505129966,-0.16660748497613342,0.061466666575607974,-0.031794153111238475,-0.17567583165340334,-0.022503725173903418,-0.01561403679856388,-0.528852746730895,-0.41679205198365493,-0.3270962615577014,-0.282895875904356,0
2013-07-12,1619.085,1596.772,83.55,82.828,65.4375,63.57000000000001,105.12,101.812,109.89,114.43599999999999,27.3625,26.080000000000002,46.6175,44.532,3.6345,3.6479999999999997,166.712684872173,177.5346382997794,108.9695359150694,128.6658905397237,23.59250075436124,23.70570296054189,93.78683090209962,57.87376403808594,68.58876323699951,79.92714767456054,0.0037095115713272,0.15789118986706646,-0.4540752061347014,-0.2972971552484327,-0.2171085916453871,-0.16660748497613342,-0.23832125111670832,-0.031794153111238475,-0.04689847706091825,-0.022503725173903418,-0.5215987134374975,-0.528852746730895,-0.5323170937425448,-0.3270962615577014,1
2013-07-19,1660.122,1619.085,83.548,83.55,65.64000000000001,65.4375,108.05799999999999,105.12,110.922,109.89,28.26,27.3625,47.962,46.6175,3.6670000000000003,3.6345,166.712684872173,166.712684872173,108.9695359150694,108.9695359150694,23.59250075436124,23.59250075436124,68.98847351074218,93.78683090209962,95.30649261474609,68.58876323699951,0.07854326415291948,0.0037095115713272,-0.4416318266101862,-0.4540752061347014,0.05056339182145016,-0.2171085916453871,-0.3002722136868967,-0.23832125111670832,-8.433514565719946e-06,-0.04689847706091825,-0.6013859820351005,-0.5215987134374975,-0.24919497174760039,-0.5323170937425448,1
2013-07-26,1684.2259999999999,1660.122,82.724,83.548,65.396,65.64000000000001,108.774,108.05799999999999,109.73400000000001,110.922,29.369999999999997,28.26,48.924,47.962,3.7161999999999997,3.6670000000000003,166.712684872173,166.712684872173,108.9695359150694,108.9695359150694,23.59250075436124,23.59250075436124,100.92606048583986,68.98847351074218,83.7988296508789,95.30649261474609,0.23396148097218233,0.07854326415291948,-0.4122552203691325,-0.4416318266101862,0.35779008250188815,0.05056339182145016,-0.2897744046807024,-0.3002722136868967,0.2703950087059074,-8.433514565719946e-06,-0.3480247649081639,-0.6013859820351005,-0.4942770818078361,-0.24919497174760039,1
2013-08-02,1691.152,1684.2259999999999,81.99,82.724,65.958,65.396,107.71600000000001,108.774,107.346,109.73400000000001,29.433999999999997,29.369999999999997,49.815999999999995,48.924,3.6634,3.7161999999999997,166.712684872173,166.712684872173,108.9695359150694,108.9695359150694,23.59250075436124,23.59250075436124,59.884521484375,100.92606048583986,77.06859741210937,83.7988296508789,0.09983587784756885,0.23396148097218233,-0.5522549175867362,-0.4122552203691325,-0.06581318359533614,0.35779008250188815,-0.19941577422422685,-0.2897744046807024,-0.16042310857759362,0.2703950087059074,-0.5233418460733722,-0.3480247649081639,-0.555367942316589,-0.4942770818078361,1
2013-08-09,1694.712,1691.152,81.9,81.99,65.85,65.958,108.10999999999999,107.71600000000001,106.16,107.346,29.330000000000002,29.433999999999997,50.836,49.815999999999995,3.4142,3.6634,158.4435120570298,166.712684872173,113.51471462414324,108.9695359150694,23.796277399903992,23.59250075436124,55.62559585571289,59.884521484375,74.65888633728028,77.06859741210937,0.06255385304652439,0.09983587784756885,-0.4985768014858028,-0.5522549175867362,-0.2854921529749864,-0.06581318359533614,-0.20946870486663083,-0.19941577422422685,-0.2936155221268358,-0.16042310857759362,-0.4821796828690152,-0.5233418460733722,-0.5398297493236138,-0.555367942316589,0
2013-08-16,1696.864,1694.712,81.374,81.9,65.22999999999999,65.85,107.84400000000001,108.10999999999999,103.93199999999999,106.16,28.97,29.330000000000002,50.682,50.836,3.2822000000000005,3.4142,146.039752834315,158.4435120570298,120.33248268775398,113.51471462414324,24.10194236821813,23.796277399903992,91.12343826293946,55.62559585571289,110.48700714111331,74.65888633728028,0.03790704254785854,0.06255385304652439,-0.49048768314432606,-0.4985768014858028,-0.2502773663745814,-0.2854921529749864,-0.2649169461654383,-0.20946870486663083,-0.12307844922939866,-0.2936155221268358,-0.6675890260178304,-0.4821796828690152,-0.5004359049495755,-0.5398297493236138,1
2013-08-23,1677.234,1696.864,81.47200000000001,81.374,64.346,65.22999999999999,110.1,107.84400000000001,105.176,103.93199999999999,28.07,28.97,49.356,50.682,3.3448,3.2822000000000005,146.039752834315,146.039752834315,120.33248268775398,120.33248268775398,24.10194236821813,24.10194236821813,64.88190078735352,91.12343826293946,69.82758865356445,110.48700714111331,0.25347936404724913,0.03790704254785854,-0.3329206631128393,-0.49048768314432606,-0.16746750783538375,-0.2502773663745814,-0.24756946743437913,-0.2649169461654383,-0.09919978495566018,-0.12307844922939866,-0.3985898718058702,-0.6675890260178304,-0.42837938603568027,-0.5004359049495755,1
2013-08-30,1652.334,1677.234,81.276,81.47200000000001,64.016,64.346,110.16000000000001,110.1,104.732,105.176,27.619999999999997,28.07,48.45,49.356,3.4793999999999996,3.3448,146.039752834315,146.039752834315,120.33248268775398,120.33248268775398,24.10194236821813,24.10194236821813,63.061597442626955,64.88190078735352,111.1569091796875,69.82758865356445,0.1403676037057504,0.25347936404724913,-0.4881452248590679,-0.3329206631128393,-0.09473475339366541,-0.16746750783538375,-0.2995212911139638,-0.24756946743437913,-0.1663785686815445,-0.09919978495566018,-0.6131345712896076,-0.3985898718058702,-0.3464949641687184,-0.42837938603568027,1
2013-09-06,1634.145,1652.334,81.64500000000001,81.276,64.27000000000001,64.016,115.035,110.16000000000001,106.035,104.732,27.6,27.619999999999997,48.197500000000005,48.45,3.575,3.4793999999999996,146.039752834315,146.039752834315,120.332482687754,120.33248268775398,24.10194236821813,24.10194236821813,137.88686561584473,63.061597442626955,164.16771507263184,111.1569091796875,0.15437056909688368,0.1403676037057504,-0.4556737747219579,-0.4881452248590679,-0.10279888257290938,-0.09473475339366541,-0.24513024614201973,-0.2995212911139638,-0.23202016787210294,-0.1663785686815445,-0.22686438180625687,-0.6131345712896076,-0.12718883207455967,-0.3464949641687184,1
2013-09-13,1650.775,1634.145,82.34,81.64500000000001,65.96,64.27000000000001,115.4925,115.035,104.8075,106.035,28.6625,27.6,49.05,48.197500000000005,3.6135,3.575,179.7052692450336,146.039752834315,139.5774387006066,120.332482687754,25.40516820501154,24.10194236821813,91.40402126312253,137.88686561584473,93.91633796691895,164.16771507263184,0.1482638017375426,0.15437056909688368,-0.359397508649248,-0.4556737747219579,-0.13847506988609068,-0.10279888257290938,-0.06345227622816033,-0.24513024614201973,-0.16587169311743927,-0.23202016787210294,-0.1852862015787356,-0.22686438180625687,-0.19136791937361308,-0.12718883207455967,1
2013-09-20,1683.248,1650.775,81.64,82.34,66.794,65.96,112.376,115.4925,105.578,104.8075,29.5,28.6625,50.57,49.05,3.6142000000000003,3.6135,179.7052692450336,179.7052692450336,139.5774387006066,139.5774387006066,25.40516820501154,25.40516820501154,83.87544860839844,91.40402126312253,107.92850494384766,93.91633796691895,0.20331146123391922,0.1482638017375426,-0.3291942191363531,-0.359397508649248,0.199325907340986,-0.13847506988609068,-0.050525825455343024,-0.06345227622816033,0.023372964976547624,-0.16587169311743927,0.1275438405646673,-0.1852862015787356,-0.1835467168462098,-0.19136791937361308,0
2013-09-27,1712.0259999999998,1683.248,80.69200000000001,81.64,65.958,66.794,109.36800000000001,112.376,104.39200000000001,105.578,29.939999999999998,29.5,51.75,50.57,3.7206,3.6142000000000003,179.7052692450336,179.7052692450336,139.5774387006066,139.5774387006066,25.40516820501154,25.40516820501154,95.32950439453126,83.87544860839844,81.5349254608154,107.92850494384766,0.13033479047657812,0.20331146123391922,-0.2956548625820135,-0.3291942191363531,0.04388068329959106,0.199325907340986,-0.02644560248973541,-0.050525825455343024,-0.09242161147726657,0.023372964976547624,-0.12863802166218283,0.1275438405646673,-0.2102958773987475,-0.1835467168462098,0
2013-10-04,1696.4900000000002,1712.0259999999998,80.44,80.69200000000001,65.362,65.958,108.59200000000001,109.36800000000001,105.16,104.39200000000001,30.715999999999998,29.939999999999998,52.64200000000001,51.75,3.5347999999999997,3.7206,179.7052692450336,179.7052692450336,139.5774387006066,139.5774387006066,25.40516820501154,25.40516820501154,145.2347839355469,95.32950439453126,148.79703521728516,81.5349254608154,0.2051097890668597,0.13033479047657812,-0.30724986660256565,-0.2956548625820135,-0.1597648489127209,0.04388068329959106,0.08488220626767007,-0.02644560248973541,-0.05856124428444585,-0.09242161147726657,-0.02799864857358746,-0.12863802166218283,-0.12447042915424766,-0.2102958773987475,0
2013-10-11,1687.916,1696.4900000000002,80.03999999999999,80.44,67.86800000000001,65.362,108.792,108.59200000000001,104.43599999999999,105.16,32.3,30.715999999999998,54.394000000000005,52.64200000000001,3.5432,3.5347999999999997,204.3613604672208,179.7052692450336,163.78785984367315,139.5774387006066,25.9133038161688,25.40516820501154,92.46528167724608,145.2347839355469,93.68262176513672,148.79703521728516,0.14453974657207996,0.2051097890668597,-0.12165750769057622,-0.30724986660256565,-0.05984436976702233,-0.1597648489127209,0.03994651075070377,0.08488220626767007,-0.08218636196295621,-0.05856124428444585,-0.14358432055295958,-0.02799864857358746,-0.14147356228537653,-0.12447042915424766,1
2013-10-18,1676.7459999999999,1687.916,80.24199999999999,80.03999999999999,69.538,67.86800000000001,110.396,108.792,105.39000000000001,104.43599999999999,32.05,32.3,54.648,54.394000000000005,3.7046,3.5432,210.5253832727676,204.3613604672208,169.8404651294398,163.78785984367315,26.040337718958106,25.9133038161688,74.0333480834961,92.46528167724608,101.00686569213867,93.68262176513672,0.3455214935520085,0.14453974657207996,0.051809425440808646,-0.12165750769057622,0.09727554066750707,-0.05984436976702233,0.09463365322138327,0.03994651075070377,-0.07910845600353293,-0.08218636196295621,-0.16605590465189102,-0.14358432055295958,0.028433072047702086,-0.14147356228537653,0
2013-10-25,1721.4779999999998,1676.7459999999999,80.102,80.24199999999999,69.112,69.538,110.18199999999999,110.396,106.51399999999998,105.39000000000001,33.304,32.05,56.636,54.648,3.78,3.7046,210.5253832727676,210.5253832727676,169.8404651294398,169.8404651294398,26.040337718958106,26.040337718958106,78.48680114746094,74.0333480834961,70.46077613830565,101.00686569213867,0.2646936189969725,0.3455214935520085,-0.16247964829207,0.051809425440808646,0.1467319171697997,0.09727554066750707,0.2541722911099422,0.09463365322138327,0.04844272800847567,-0.07910845600353293,-0.23426571816313851,-0.16605590465189102,0.05087920793508792,0.028433072047702086,1
2013-11-01,1751.5099999999998,1721.4779999999998,79.328,80.102,69.078,69.112,108.266,110.18199999999999,107.11800000000001,106.51399999999998,33.769999999999996,33.304,56.489999999999995,56.636,3.6408,3.78,210.5253832727676,210.5253832727676,169.8404651294398,169.8404651294398,26.040337718958106,26.040337718958106,76.22577056884765,78.48680114746094,81.62001419067384,70.46077613830565,0.4302814168518127,0.2646936189969725,0.08873929415960854,-0.16247964829207,0.24553763532868614,0.1467319171697997,0.30115538321754726,0.2541722911099422,0.020952794312583803,0.04844272800847567,-0.18424278753828965,-0.23426571816313851,0.037731547571995996,0.05087920793508792,0
2013-11-08,1763.11,1751.5099999999998,79.91999999999999,79.328,69.084,69.078,108.646,108.266,104.13199999999999,107.11800000000001,32.37,33.769999999999996,55.00599999999999,56.489999999999995,3.5558,3.6408,199.76132120601088,210.5253832727676,156.83940501565775,169.8404651294398,26.007579612692133,26.040337718958106,50.2063549041748,76.22577056884765,93.1386291503906,81.62001419067384,0.28824118121289066,0.4302814168518127,-0.2519666513298892,0.08873929415960854,0.11718971224742025,0.24553763532868614,0.09490310844991036,0.30115538321754726,-0.04844896312342345,0.020952794312583803,-0.0628209963436974,-0.18424278753828965,-0.027614865177365118,0.037731547571995996,0
2013-11-15,1763.83,1763.11,80.76599999999999,79.91999999999999,70.27000000000001,69.084,105.076,108.646,102.654,104.13199999999999,33.13,32.37,55.45399999999999,55.00599999999999,3.4974000000000003,3.5558,156.7050729389839,199.76132120601088,104.8351645605295,156.83940501565775,25.876547187628216,26.007579612692133,81.09643783569337,50.2063549041748,52.1977783203125,93.1386291503906,0.26443640109139743,0.28824118121289066,-0.07697246163311394,-0.2519666513298892,0.4472617504382831,0.11718971224742025,0.1782098328863464,0.09490310844991036,-0.0696591601546388,-0.04844896312342345,-0.14798465383337167,-0.0628209963436974,0.03128426145072878,-0.027614865177365118,0
2013-11-22,1782.0760000000002,1763.83,80.96400000000001,80.76599999999999,71.434,70.27000000000001,107.274,105.076,101.828,102.654,33.29,33.13,55.367999999999995,55.45399999999999,3.6043999999999996,3.4974000000000003,156.7050729389839,156.7050729389839,104.8351645605295,104.8351645605295,25.876547187628216,25.876547187628216,102.84016647338868,81.09643783569337,50.12059326171875,52.1977783203125,0.10190837436807162,0.26443640109139743,-0.01866428068375362,-0.07697246163311394,0.21472561839891147,0.4472617504382831,0.28440133255184086,0.1782098328863464,0.25475263495634126,-0.0696591601546388,-0.0876617668948465,-0.14798465383337167,0.008623977340542334,0.03128426145072878,1
2013-11-29,1792.2759999999998,1782.0760000000002,80.806,80.96400000000001,70.93199999999999,71.434,108.91600000000001,107.274,100.39200000000001,101.828,32.05,33.29,54.162,55.367999999999995,3.6634,3.6043999999999996,156.7050729389839,156.7050729389839,104.8351645605295,104.8351645605295,25.876547187628216,25.876547187628216,88.46873474121094,102.84016647338868,57.85975646972656,50.12059326171875,0.38576972981162605,0.10190837436807162,0.2203820513958999,-0.01866428068375362,0.23888430883031053,0.21472561839891147,0.265143096828341,0.28440133255184086,0.21987876578011528,0.25475263495634126,0.015577474602729202,-0.0876617668948465,0.0014543643080550672,0.008623977340542334,1
2013-12-06,1804.5675,1792.2759999999998,80.7125,80.806,70.575,70.93199999999999,110.72,108.91600000000001,99.585,100.39200000000001,31.625,32.05,54.519999999999996,54.162,3.864,3.6634,156.7050729389839,156.7050729389839,104.8351645605295,104.8351645605295,25.87654718762822,25.876547187628216,171.9538459777832,88.46873474121094,53.20814037322998,57.85975646972656,0.14695408805950255,0.38576972981162605,0.1961966397355187,0.2203820513958999,0.04790879103522333,0.23888430883031053,-0.0418810503452393,0.265143096828341,-0.1319221701506928,0.21987876578011528,-0.32527835517510073,0.015577474602729202,-0.22294221613323542,0.0014543643080550672,1
2013-12-13,1795.7959999999998,1804.5675,80.53999999999999,80.7125,72.55,70.575,111.708,110.72,98.74,99.585,31.380000000000003,31.625,54.378,54.519999999999996,4.034,3.864,157.9986187013059,156.7050729389839,124.12662457240899,104.8351645605295,26.17039952719415,25.87654718762822,66.30167846679687,171.9538459777832,57.52782649993897,53.20814037322998,0.3399719535668181,0.14695408805950255,-0.18451046113007732,0.1961966397355187,0.25858326062294,0.04790879103522333,0.29567666033407963,-0.0418810503452393,0.1456571668889661,-0.1319221701506928,-0.13048899588437504,-0.32527835517510073,0.05660065423667758,-0.22294221613323542,0
2013-12-20,1788.8059999999998,1795.7959999999998,80.072,80.53999999999999,70.538,72.55,109.194,111.708,97.826,98.74,30.080000000000002,31.380000000000003,53.484,54.378,4.3132,4.034,157.9986187013059,157.9986187013059,124.12662457240899,124.12662457240899,26.17039952719415,26.17039952719415,73.73907012939453,66.30167846679687,33.022097206115724,57.52782649993897,0.26811811557951853,0.3399719535668181,-0.31632430535730055,-0.18451046113007732,0.2522983737229509,0.25858326062294,0.13430978174650832,0.29567666033407963,0.11321427089382019,0.1456571668889661,0.09948345447261515,-0.13048899588437504,0.06621366127092129,0.05660065423667758,1
2013-12-27,1801.2220000000002,1788.8059999999998,80.36,80.072,70.654,70.538,110.12,109.194,95.938,97.826,30.74,30.080000000000002,54.315999999999995,53.484,4.339,4.3132,157.9986187013059,157.9986187013059,124.12662457240899,124.12662457240899,26.17039952719415,26.17039952719415,93.5664665222168,73.73907012939453,82.6209213256836,33.022097206115724,0.06686599244019312,0.26811811557951853,-0.2746758312981076,-0.31632430535730055,-0.18198797828865723,0.2522983737229509,-0.20787240788796452,0.13430978174650832,-0.1678903109563972,0.11321427089382019,-0.06418306454166992,0.09948345447261515,-0.17665974674299637,0.06621366127092129,0
2014-01-03,1834.2366666666667,1801.2220000000002,80.42666666666666,80.36,70.34333333333333,70.654,111.88,110.12,96.35666666666667,95.938,31.133333333333336,30.74,55.18666666666667,54.315999999999995,4.428666666666667,4.339,157.9986187013059,157.9986187013059,124.126624572409,124.12662457240899,26.17039952719415,26.17039952719415,81.42296091715495,93.5664665222168,74.12786229451497,82.6209213256836,-0.32507388443682966,0.06686599244019312,-0.7189265439002627,-0.2746758312981076,-0.6550096962299713,-0.18198797828865723,-0.8595043204675012,-0.20787240788796452,-0.33200570259448065,-0.1678903109563972,-0.7112854698069456,-0.06418306454166992,-0.5431626205235379,-0.17665974674299637,0
2014-01-10,1838.195,1834.2366666666667,80.42,80.42666666666666,68.595,70.34333333333333,109.17,111.88,95.27250000000001,96.35666666666667,32.4375,31.133333333333336,56.177499999999995,55.18666666666667,4.3205,4.428666666666667,156.250529949334,157.9986187013059,120.1167786165773,124.126624572409,26.333402182484868,26.17039952719415,95.73393249511719,81.42296091715495,95.36242389678955,74.12786229451497,-0.05218622031356673,-0.32507388443682966,-0.6344961190555384,-0.7189265439002627,-0.4719868892893567,-0.6550096962299713,-0.7793278891059551,-0.8595043204675012,-0.026072856625163954,-0.33200570259448065,-0.5728482727327797,-0.7112854698069456,-0.4023850114877381,-0.5431626205235379,1
2014-01-17,1836.5279999999998,1838.195,80.834,80.42,68.148,68.595,106.974,109.17,93.582,95.27250000000001,33.410000000000004,32.4375,57.52,56.177499999999995,4.175800000000001,4.3205,154.5024411973621,156.250529949334,116.10693266074558,120.1167786165773,26.49640483777559,26.333402182484868,55.735939025878906,95.73393249511719,125.70529327392578,95.36242389678955,0.16561437496740586,-0.05218622031356673,-0.19007405259390855,-0.6344961190555384,0.20463825567735644,-0.4719868892893567,-0.18342565196523072,-0.7793278891059551,0.5344373704721083,-0.026072856625163954,-0.15129334461352345,-0.5728482727327797,0.10568289859659245,-0.4023850114877381,1
2014-01-24,1838.2100000000003,1836.5279999999998,80.852,80.834,66.422,68.148,106.768,106.974,92.824,93.582,33.81,33.410000000000004,58.592,57.52,4.3351999999999995,4.175800000000001,154.5024411973621,154.5024411973621,116.10693266074558,116.10693266074558,26.49640483777559,26.49640483777559,85.48096237182618,55.735939025878906,80.57330551147462,125.70529327392578,0.13114227013293003,0.16561437496740586,-0.13272559210848117,-0.19007405259390855,0.15102808270395124,0.20463825567735644,-0.08561724373859796,-0.18342565196523072,0.15737401641096754,0.5344373704721083,-0.11841175258609635,-0.15129334461352345,0.07716581648102552,0.10568289859659245,1
2014-01-31,1826.8525,1838.2100000000003,80.7975,80.852,65.85499999999999,66.422,107.615,106.768,91.9525,92.824,33.787499999999994,33.81,59.115,58.592,4.758,4.3351999999999995,154.5024411973621,154.5024411973621,116.1069326607456,116.10693266074558,26.49640483777559,26.49640483777559,90.44602394104004,85.48096237182618,83.52839946746826,80.57330551147462,0.20818101773030773,0.13114227013293003,0.1771862326520845,-0.13272559210848117,0.027821104058284175,0.15102808270395124,-0.03742994283090005,-0.08561724373859796,-0.11847259587026648,0.15737401641096754,-0.07812642110929405,-0.11841175258609635,0.10676331640770192,0.07716581648102552,1
2014-02-07,1785.0080000000003,1826.8525,80.776,80.7975,62.896,65.85499999999999,107.25999999999999,107.615,91.704,91.9525,32.64,33.787499999999994,57.141999999999996,59.115,5.078200000000001,4.758,154.5024411973621,154.5024411973621,116.10693266074558,116.1069326607456,26.49640483777559,26.49640483777559,76.58856582641602,90.44602394104004,60.701463317871095,83.52839946746826,0.3577329077740844,0.20818101773030773,-0.24200173338592257,0.1771862326520845,0.2293221126926805,0.027821104058284175,-0.11826637491516598,-0.03742994283090005,-0.087984633468419,-0.11847259587026648,-0.05297465550745382,-0.07812642110929405,0.11952933494100348,0.10676331640770192,1
2014-02-14,1763.836,1785.0080000000003,80.958,80.776,60.775999999999996,62.896,106.96600000000001,107.25999999999999,95.10799999999999,91.704,31.53,32.64,55.996,57.141999999999996,5.0032000000000005,5.078200000000001,148.4366151727905,154.5024411973621,101.971658523366,116.10693266074558,26.748386941510766,26.49640483777559,85.27065925598143,76.58856582641602,68.17189292907715,60.701463317871095,0.12902693350810462,0.3577329077740844,-0.15231731089733136,-0.24200173338592257,0.2691996642344967,0.2293221126926805,-0.09508107198142743,-0.11826637491516598,-0.12609821731179532,-0.087984633468419,-0.2405680818043346,-0.05297465550745382,0.13071294244236947,0.11952933494100348,1
2014-02-21,1821.462,1763.836,80.48400000000001,80.958,60.062,60.775999999999996,108.782,106.96600000000001,95.25,95.10799999999999,33.05,31.53,58.552,55.996,4.9323999999999995,5.0032000000000005,148.4366151727905,148.4366151727905,101.971658523366,101.971658523366,26.748386941510766,26.748386941510766,60.038595581054686,85.27065925598143,59.722998046875,68.17189292907715,0.10421289832646163,0.12902693350810462,0.12866141023404232,-0.15231731089733136,0.19985849060369748,0.2691996642344967,0.04364728239059894,-0.09508107198142743,0.21421977987085294,-0.12609821731179532,-0.15101973409328123,-0.2405680818043346,0.15733417788806078,0.13071294244236947,0
2014-02-28,1836.385,1821.462,80.1875,80.48400000000001,58.555,60.062,110.27,108.782,98.85,95.25,34.2875,33.05,59.5125,58.552,5.97475,4.9323999999999995,148.4366151727905,148.4366151727905,101.971658523366,101.971658523366,26.74838694151077,26.748386941510766,124.28433227539061,60.038595581054686,74.81308269500732,59.722998046875,0.29455916657398984,0.10421289832646163,-0.01577137426556375,0.12866141023404232,0.2837467750120453,0.19985849060369748,-0.25604145685118307,0.04364728239059894,-0.20836423491443062,0.21421977987085294,0.13302078620934354,-0.15101973409328123,0.14934242482598925,0.15733417788806078,1
2014-03-07,1850.3259999999998,1836.385,80.166,80.1875,56.446000000000005,58.555,109.54,110.27,101.22200000000001,98.85,35.769999999999996,34.2875,61.888,59.5125,4.9032,5.97475,148.4366151727905,148.4366151727905,101.971658523366,101.971658523366,26.748386941510766,26.74838694151077,63.836465454101564,124.28433227539061,67.86337966918946,74.81308269500732,0.4056694108044889,0.29455916657398984,-0.06577745154806917,-0.01577137426556375,0.3367506986349397,0.2837467750120453,0.09836753033067047,-0.25604145685118307,-0.12118457435159709,-0.20836423491443062,0.055867354971848394,0.13302078620934354,0.3006676206775426,0.14934242482598925,0
2014-03-14,1869.7040000000002,1850.3259999999998,79.934,80.166,59.128,56.446000000000005,109.072,109.54,105.22200000000001,101.22200000000001,38.45,35.769999999999996,63.36800000000001,61.888,4.5924,4.9032,156.843410588161,148.4366151727905,115.7800935898925,101.971658523366,26.67409774628503,26.748386941510766,239.54524841308594,63.836465454101564,111.5838409423828,67.86337966918946,0.2777700183437907,0.4056694108044889,0.11843710225178081,-0.06577745154806917,0.24890735811710737,0.3367506986349397,0.014967175773409063,0.09836753033067047,-0.17551092697010834,-0.12118457435159709,0.8398660914090655,0.055867354971848394,0.47948394337729017,0.3006676206775426,0
2014-03-21,1860.0940000000003,1869.7040000000002,79.628,79.934,58.33,59.128,108.122,109.072,104.91,105.22200000000001,38.0,38.45,62.2,63.36800000000001,4.510800000000001,4.5924,156.843410588161,156.843410588161,115.7800935898925,115.7800935898925,26.67409774628503,26.67409774628503,131.98189544677734,239.54524841308594,78.34523315429688,111.5838409423828,0.21165677019444326,0.2777700183437907,-0.024301115699650055,0.11843710225178081,0.16094625195649206,0.24890735811710737,0.27510498453576543,0.014967175773409063,-0.19010015297947436,-0.17551092697010834,0.10411276343502766,0.8398660914090655,0.4692254875585907,0.47948394337729017,0
2014-03-28,1866.0759999999998,1860.0940000000003,79.828,79.628,56.864,58.33,106.45,108.122,102.71399999999998,104.91,37.78,38.0,62.31,62.2,4.4316,4.510800000000001,156.843410588161,156.843410588161,115.7800935898925,115.7800935898925,26.67409774628503,26.67409774628503,183.46765747070313,131.98189544677734,73.1501007080078,78.34523315429688,0.18547596836412697,0.21165677019444326,-0.18664241226899564,-0.024301115699650055,0.2493599742901352,0.16094625195649206,0.21450776938988528,0.27510498453576543,-0.25835976759555745,-0.19010015297947436,0.11706951824646372,0.10411276343502766,0.21625522691512397,0.4692254875585907,0
2014-04-04,1856.4559999999997,1866.0759999999998,80.066,79.828,53.918000000000006,56.864,107.346,106.45,103.502,102.71399999999998,35.480000000000004,37.78,60.262,62.31,4.4316,4.4316,156.843410588161,156.843410588161,115.7800935898925,115.7800935898925,26.67409774628503,26.67409774628503,140.94238739013673,183.46765747070313,81.01292114257811,73.1501007080078,0.16020646421144163,0.18547596836412697,0.01886948771077016,-0.18664241226899564,0.2493856571602763,0.2493599742901352,0.30253256435778314,0.21450776938988528,-0.3495476355235517,-0.25835976759555745,0.04675324277072744,0.11706951824646372,0.2037812547913344,0.21625522691512397,1
2014-04-11,1880.524,1856.4559999999997,80.264,80.066,49.472,53.918000000000006,106.208,107.346,104.09400000000001,103.502,35.85,35.480000000000004,61.992,60.262,4.384,4.4316,124.55707261243693,156.843410588161,112.41872927497002,115.7800935898925,27.01743922883191,26.67409774628503,88.39655990600585,140.94238739013673,66.205078125,81.01292114257811,0.11018093432004672,0.16020646421144163,0.1027689984681456,0.01886948771077016,0.22247050713523397,0.2493856571602763,0.07730902340904403,0.30253256435778314,-0.10131403359092768,-0.3495476355235517,-0.018632236790018922,0.04675324277072744,0.1900507823800201,0.2037812547913344,1
2014-04-18,1843.5900000000001,1880.524,79.684,80.264,51.315999999999995,49.472,107.252,106.208,103.90599999999999,104.09400000000001,33.82000000000001,35.85,59.891999999999996,61.992,4.5742,4.384,116.4854881185059,124.55707261243693,111.57838819623939,112.41872927497002,27.10327459946863,27.01743922883191,112.91390762329101,88.39655990600585,56.15572738647461,66.205078125,0.04696956177694762,0.11018093432004672,-0.08418791111688047,0.1027689984681456,0.18583906460888916,0.22247050713523397,0.017077507346465303,0.07730902340904403,-0.27596616645140154,-0.10131403359092768,-0.025827661721600243,-0.018632236790018922,0.2951051836949999,0.1900507823800201,1
2014-04-25,1850.1875,1843.5900000000001,79.805,79.684,52.2125,51.315999999999995,109.235,107.252,104.09,103.90599999999999,33.0625,33.82000000000001,58.575,59.891999999999996,4.5995,4.5742,116.4854881185059,116.4854881185059,111.5783881962394,111.57838819623939,27.10327459946863,27.10327459946863,157.67395782470703,112.91390762329101,74.28329467773436,56.15572738647461,0.01717587834945355,0.04696956177694762,-0.006580880016694825,-0.08418791111688047,0.254935373546468,0.18583906460888916,0.09042922143170445,0.017077507346465303,-0.3408125490340382,-0.27596616645140154,0.03518630430971882,-0.025827661721600243,0.25301201463238165,0.2951051836949999,0
2014-05-02,1874.2375,1850.1875,79.83000000000001,79.805,49.025,52.2125,109.57249999999999,109.235,104.7525,104.09,34.5375,33.0625,60.7625,58.575,4.70525,4.5995,116.4854881185059,116.4854881185059,111.5783881962394,111.5783881962394,27.10327459946863,27.10327459946863,128.36987686157227,157.67395782470703,80.11542224884033,74.28329467773436,-0.00614776186219315,0.01717587834945355,-0.12223288729832008,-0.006580880016694825,0.2102778333224798,0.254935373546468,-0.00625234495701138,0.09042922143170445,-0.38334958613358316,-0.3408125490340382,-0.035075189091534474,0.03518630430971882,0.19010456345176752,0.25301201463238165,0
2014-05-09,1879.306,1874.2375,79.614,79.83000000000001,47.05800000000001,49.025,108.304,109.57249999999999,104.526,104.7525,32.81,34.5375,59.116,60.7625,4.766800000000001,4.70525,128.40805844711713,116.4854881185059,110.02036263175356,111.5783881962394,27.25395601737201,27.10327459946863,161.4035400390625,128.36987686157227,64.27712860107422,80.11542224884033,0.06726653046634559,-0.00614776186219315,-0.09320581796790647,-0.12223288729832008,0.12138081876468913,0.2102778333224798,0.145033257932554,-0.00625234495701138,-0.3110529836941872,-0.38334958613358316,0.2845273515295986,-0.035075189091534474,0.32356151951994616,0.19010456345176752,0
2014-05-16,1875.01,1879.306,79.42500000000001,79.614,45.7625,47.05800000000001,107.78,108.304,103.5025,104.526,31.025,32.81,57.9475,59.116,4.6605,4.766800000000001,146.291913940034,128.40805844711713,107.6833242850248,110.02036263175356,27.47997814422708,27.25395601737201,127.408899307251,161.4035400390625,85.38747549057008,64.27712860107422,0.03989152241910222,0.06726653046634559,0.27285200827730155,-0.09320581796790647,0.17661004962700108,0.12138081876468913,0.09560303987504895,0.145033257932554,0.042722760617522934,-0.3110529836941872,0.300049183671544,0.2845273515295986,0.14081359534607518,0.32356151951994616,0
2014-05-23,1886.268,1875.01,80.03200000000001,79.42500000000001,45.254000000000005,45.7625,109.606,107.78,102.992,103.5025,30.619999999999997,31.025,58.83,57.9475,4.4082,4.6605,146.291913940034,146.291913940034,107.68332428502478,107.6833242850248,27.47997814422708,27.47997814422708,99.00649871826172,127.408899307251,81.73180389404297,85.38747549057008,0.02521308628329517,0.03989152241910222,0.07603104016279805,0.27285200827730155,0.08358637976824933,0.17661004962700108,-0.034352536837599056,0.09560303987504895,-0.05552311846456952,0.042722760617522934,0.26815701485473886,0.300049183671544,0.05007399875857286,0.14081359534607518,1
2014-05-30,1887.792,1886.268,80.152,80.03200000000001,44.46,45.254000000000005,110.102,109.606,100.276,102.992,30.688,30.619999999999997,59.407999999999994,58.83,4.4518,4.4082,146.291913940034,146.291913940034,107.68332428502478,107.68332428502478,27.47997814422708,27.47997814422708,74.37923011779786,99.00649871826172,90.97480773925781,81.73180389404297,0.22135569997034285,0.02521308628329517,-0.32254611273273825,0.07603104016279805,0.1274807793843596,0.08358637976824933,0.0851735714563567,-0.034352536837599056,-0.271827537112593,-0.05552311846456952,-0.07675495316716012,0.26815701485473886,-0.06561873922048925,0.05007399875857286,1
2014-06-06,1916.3225,1887.792,80.4525,80.152,42.535000000000004,44.46,109.8025,110.102,98.3375,100.276,32.3,30.688,61.75,59.407999999999994,4.55625,4.4518,146.291913940034,146.291913940034,107.6833242850248,107.68332428502478,27.47997814422708,27.47997814422708,93.19914627075195,74.37923011779786,71.3197555541992,90.97480773925781,0.017931789837220748,0.22135569997034285,-0.45381829789598066,-0.32254611273273825,0.11878487989601708,0.1274807793843596,0.010992739038700326,0.0851735714563567,-0.39942742353132876,-0.271827537112593,0.06284539591912917,-0.07675495316716012,-0.10800356812201568,-0.06561873922048925,1
2014-06-13,1933.398,1916.3225,80.522,80.4525,41.19,42.535000000000004,108.69000000000001,109.8025,96.46000000000001,98.3375,31.71,32.3,61.846000000000004,61.75,4.658399999999999,4.55625,111.7961041819876,146.291913940034,92.11171825766009,107.6833242850248,26.82021459029216,27.47997814422708,66.41911163330079,93.19914627075195,84.7825912475586,71.3197555541992,0.2541030862563156,0.017931789837220748,-0.2514798423310366,-0.45381829789598066,0.1005331921226124,0.11878487989601708,0.015040918524317482,0.010992739038700326,-0.5131622806398394,-0.39942742353132876,-0.08730597512110934,0.06284539591912917,-0.2201654559843349,-0.10800356812201568,1
2014-06-20,1942.444,1933.398,80.682,80.522,40.594,41.19,111.178,108.69000000000001,95.17,96.46000000000001,32.3,31.71,62.472,61.846000000000004,4.636799999999999,4.658399999999999,111.7961041819876,111.7961041819876,92.11171825766009,92.11171825766009,26.82021459029216,26.82021459029216,87.67038650512696,66.41911163330079,113.405419921875,84.7825912475586,0.11936689166561051,0.2541030862563156,-0.3255462779777646,-0.2514798423310366,0.18480224802379552,0.1005331921226124,-0.14074974298797116,0.015040918524317482,-0.49144783856727353,-0.5131622806398394,-0.31641445670113444,-0.08730597512110934,-0.32448723097720866,-0.2201654559843349,1
2014-06-27,1951.8200000000002,1942.444,80.424,80.682,40.846000000000004,40.594,114.104,111.178,96.672,95.17,34.124,32.3,64.772,62.472,4.638,4.636799999999999,111.7961041819876,111.7961041819876,92.11171825766009,92.11171825766009,26.82021459029216,26.82021459029216,144.75274353027345,87.67038650512696,169.3846237182617,113.405419921875,0.03638330967986996,0.11936689166561051,-0.4083566351731922,-0.3255462779777646,-0.058884440909688196,0.18480224802379552,-0.2510569407101282,-0.14074974298797116,-0.5501904564545395,-0.49144783856727353,-0.41193128192260764,-0.31641445670113444,-0.3660870576509294,-0.32448723097720866,1
2014-07-04,1958.06,1951.8200000000002,80.20599999999999,80.424,39.465999999999994,40.846000000000004,113.81800000000001,114.104,97.452,96.672,34.06,34.124,64.98400000000001,64.772,4.4686,4.638,111.7961041819876,111.7961041819876,92.11171825766009,92.11171825766009,26.82021459029216,26.82021459029216,132.4666748046875,144.75274353027345,116.67245178222656,169.3846237182617,-0.0015161898941801588,0.03638330967986996,-0.4027176124375475,-0.4083566351731922,0.12400552366564091,-0.058884440909688196,-0.35387374163866064,-0.2510569407101282,-0.590145454087615,-0.5501904564545395,-0.5165774834998382,-0.41193128192260764,-0.3744461254897501,-0.3660870576509294,0
2014-07-11,1973.4025,1958.06,79.9425,80.20599999999999,38.620000000000005,39.465999999999994,111.7225,113.81800000000001,93.1675,97.452,34.4625,34.06,65.84,64.98400000000001,4.4197500000000005,4.4686,117.89947461448375,111.7961041819876,94.47429533458188,92.11171825766009,27.076319341529008,26.82021459029216,110.8392105102539,132.4666748046875,109.26245689392093,116.67245178222656,-0.16520900705547076,-0.0015161898941801588,0.02971712130108964,-0.4027176124375475,-0.07021389728854752,0.12400552366564091,-0.328176524860036,-0.35387374163866064,-0.3242890608506245,-0.590145454087615,-0.5340866919456089,-0.5165774834998382,-0.6089846372313326,-0.3744461254897501,1
2014-07-18,1969.288,1973.4025,80.15799999999999,79.9425,35.724000000000004,38.620000000000005,108.55799999999999,111.7225,89.53999999999999,93.1675,32.839999999999996,34.4625,63.364,65.84,4.173,4.4197500000000005,119.93393142531582,117.89947461448375,95.26182102688914,94.47429533458188,27.16168759194129,27.076319341529008,117.34616088867188,110.8392105102539,113.23299560546874,109.26245689392093,-0.2587686490109581,-0.16520900705547076,-0.3783092611988973,0.02971712130108964,-0.027860395582818536,-0.07021389728854752,-0.37632023647584145,-0.328176524860036,0.0027282961885026825,-0.3242890608506245,-0.4829628092842668,-0.5340866919456089,-0.6463360257365045,-0.6089846372313326,1
2014-07-25,1973.658,1969.288,80.42800000000001,80.15799999999999,37.54,35.724000000000004,106.796,108.55799999999999,87.38,89.53999999999999,32.47,32.839999999999996,62.815999999999995,63.364,4.0536,4.173,119.93393142531582,119.93393142531582,95.26182102688914,95.26182102688914,27.16168759194129,27.16168759194129,181.45128173828127,117.34616088867188,156.8991775512695,113.23299560546874,-0.14026552515903176,-0.2587686490109581,-0.2930943477447661,-0.3783092611988973,0.03453322012608991,-0.027860395582818536,-0.34047049222760617,-0.37632023647584145,0.11736267166525671,0.0027282961885026825,-0.5901642559147279,-0.4829628092842668,-0.6262974241479027,-0.6463360257365045,1
2014-08-01,1982.098,1973.658,80.812,80.42800000000001,38.56,37.54,107.7,106.796,86.05,87.38,32.730000000000004,32.47,62.910000000000004,62.815999999999995,3.8022,4.0536,119.93393142531582,119.93393142531582,95.26182102688914,95.26182102688914,27.16168759194129,27.16168759194129,247.40492553710936,181.45128173828127,106.16054992675781,156.8991775512695,-0.14941341390354201,-0.14026552515903176,-0.3773129817425095,-0.2930943477447661,0.1161577231490402,0.03453322012608991,-0.3130612590445424,-0.34047049222760617,-0.008983744697239799,0.11736267166525671,-0.35948249072969907,-0.5901642559147279,-0.24290293697599155,-0.6262974241479027,0
2014-08-08,1954.95,1982.098,81.28,80.812,41.224000000000004,38.56,106.532,107.7,84.84,86.05,31.9,32.730000000000004,61.766,62.910000000000004,3.7960000000000003,3.8022,122.61021822596267,119.93393142531582,95.75002564678957,95.26182102688914,26.805712207065987,27.16168759194129,185.90807800292967,247.40492553710936,136.60157012939453,106.16054992675781,-0.3003846689165391,-0.14941341390354201,-0.542401787750958,-0.3773129817425095,-0.22969145582140982,0.1161577231490402,-0.398037426383654,-0.3130612590445424,0.06148890271298678,-0.008983744697239799,-0.3653937144433548,-0.35948249072969907,-0.5252234628289518,-0.24290293697599155,1
2014-08-15,1924.1200000000001,1954.95,81.442,81.28,40.55800000000001,41.224000000000004,105.01399999999998,106.532,83.988,84.84,31.47,31.9,61.144000000000005,61.766,3.9004,3.7960000000000003,133.3153654285502,122.61021822596267,97.70284412639134,95.75002564678957,25.38181066756479,26.805712207065987,202.0933410644531,185.90807800292967,152.5150344848633,136.60157012939453,-0.17167795896443008,-0.3003846689165391,-0.2981630124901218,-0.542401787750958,-0.28877123521542847,-0.22969145582140982,-0.44837380911029745,-0.398037426383654,0.03374341460591044,0.06148890271298678,-0.2855846941950289,-0.3653937144433548,-0.5921112483269979,-0.5252234628289518,1
2014-08-22,1945.5260000000003,1924.1200000000001,81.522,81.442,42.372,40.55800000000001,103.50399999999999,105.01399999999998,82.732,83.988,32.57000000000001,31.47,62.943999999999996,61.144000000000005,3.8903999999999996,3.9004,133.3153654285502,133.3153654285502,97.70284412639134,97.70284412639134,25.38181066756479,25.38181066756479,187.35587158203126,202.0933410644531,105.42357940673828,152.5150344848633,-0.3056560517699366,-0.17167795896443008,-0.284643402818695,-0.2981630124901218,-0.07831589068065302,-0.28877123521542847,-0.4588946296492013,-0.44837380911029745,-0.09825403866420176,0.03374341460591044,-0.43152105486238634,-0.2855846941950289,-0.6399329153979365,-0.5921112483269979,0
2014-08-29,1984.1239999999998,1945.5260000000003,82.042,81.522,41.904,42.372,102.072,103.50399999999999,81.342,82.732,33.9,32.57000000000001,64.734,62.943999999999996,3.8442,3.8903999999999996,133.3153654285502,133.3153654285502,97.70284412639134,97.70284412639134,25.38181066756479,25.38181066756479,153.65062255859374,187.35587158203126,133.1305725097656,105.42357940673828,-0.21481488510470426,-0.3056560517699366,-0.3924770296203993,-0.284643402818695,-0.1804983618929278,-0.07831589068065302,-0.425413455955742,-0.4588946296492013,0.05678991369076799,-0.09825403866420176,-0.4586824054107185,-0.43152105486238634,-0.5978019712868344,-0.6399329153979365,0
2014-09-05,2000.0625,1984.1239999999998,82.58500000000001,82.042,45.4625,41.904,102.7175,102.072,80.7425,81.342,34.0125,33.9,65.01,64.734,3.99425,3.8442,133.3153654285502,133.3153654285502,97.70284412639134,97.70284412639134,25.38181066756479,25.38181066756479,160.31340408325195,153.65062255859374,94.16741752624512,133.1305725097656,-0.23296862943928254,-0.21481488510470426,-0.2828115236859255,-0.3924770296203993,-0.22811760674019765,-0.1804983618929278,-0.2617969447146917,-0.425413455955742,0.06704729059537154,0.05678991369076799,-0.1972516020076604,-0.4586824054107185,-0.5698091372091256,-0.5978019712868344,0
2014-09-12,2002.0900000000001,2000.0625,83.3575,82.58500000000001,50.795,45.4625,101.44,102.7175,78.995,80.7425,34.4375,34.0125,65.64,65.01,3.83725,3.99425,190.2155758158398,133.3153654285502,122.813628174305,97.70284412639134,25.3723286165981,25.38181066756479,237.63035583496094,160.31340408325195,123.04455184936525,94.16741752624512,-0.03207784241353988,-0.23296862943928254,-0.2793021438918397,-0.2828115236859255,-0.020575668008261792,-0.22811760674019765,-0.24920702169691522,-0.2617969447146917,-0.09154868479658423,0.06704729059537154,-0.16933764336560742,-0.1972516020076604,-0.41916587359540863,-0.5698091372091256,0
2014-09-19,1993.732,2002.0900000000001,84.216,83.3575,49.89,50.795,98.518,101.44,76.16,78.995,34.89,34.4375,64.636,65.64,3.8988,3.83725,190.2155758158398,190.2155758158398,122.813628174305,122.813628174305,25.3723286165981,25.3723286165981,141.49861907958984,237.63035583496094,130.12431793212892,123.04455184936525,-0.015375690528390606,-0.03207784241353988,-0.07123814473621051,-0.2793021438918397,0.037783963020011226,-0.020575668008261792,-0.03271903302012734,-0.24920702169691522,0.201585876929873,-0.09154868479658423,0.08103769992731935,-0.16933764336560742,-0.44600259918181095,-0.41916587359540863,0
2014-09-26,2001.288,1993.732,84.426,84.216,51.372,49.89,98.152,98.518,74.55,76.16,33.86,34.89,62.501999999999995,64.636,3.9372,3.8988,190.2155758158398,190.2155758158398,122.813628174305,122.813628174305,25.3723286165981,25.3723286165981,146.30964202880858,141.49861907958984,130.89897155761722,130.12431793212892,-0.03486680983543668,-0.015375690528390606,-0.11018840310456582,-0.07123814473621051,0.060931806786725815,0.037783963020011226,-0.09499836586077494,-0.03271903302012734,0.2326084852025374,0.201585876929873,0.1905900217777525,0.08103769992731935,-0.37408229503618035,-0.44600259918181095,0
2014-10-03,1984.8400000000001,2001.288,85.06400000000001,84.426,50.538,51.372,96.954,98.152,73.006,74.55,32.44,33.86,61.008,62.501999999999995,3.9064,3.9372,190.2155758158398,190.2155758158398,122.813628174305,122.813628174305,25.3723286165981,25.3723286165981,118.52094039916992,146.30964202880858,150.71587219238282,130.89897155761722,0.06530995488952443,-0.03486680983543668,0.07438408004427992,-0.11018840310456582,0.19654791537772837,0.060931806786725815,0.0334574732787926,-0.09499836586077494,0.08989540115062386,0.2326084852025374,-0.02897340348945593,0.1905900217777525,-0.3885458402941555,-0.37408229503618035,1
2014-10-10,1962.0639999999999,1984.8400000000001,85.938,85.06400000000001,55.088,50.538,94.352,96.954,73.67999999999999,73.006,31.360000000000003,32.44,58.772000000000006,61.008,4.0538,3.9064,166.104620354183,190.2155758158398,117.1071902039528,122.813628174305,25.60144786358328,25.3723286165981,105.85988006591796,118.52094039916992,74.16649322509765,150.71587219238282,0.0022043023362786516,0.06530995488952443,-0.15842687728181035,0.07438408004427992,0.1012383451543494,0.19654791537772837,0.09503320419274142,0.0334574732787926,0.08827224811558712,0.08989540115062386,-0.015438028590187983,-0.02897340348945593,-0.19508029850939326,-0.3885458402941555,1
2014-10-17,1940.6299999999999,1962.0639999999999,85.59,85.938,55.04600000000001,55.088,91.30799999999999,94.352,76.038,73.67999999999999,28.910000000000004,31.360000000000003,54.827999999999996,58.772000000000006,3.8828000000000005,4.0538,150.0306500464118,166.104620354183,113.30289822371802,117.1071902039528,25.75419402824007,25.60144786358328,91.0323356628418,105.85988006591796,85.62682800292968,74.16649322509765,0.03021421540539268,0.0022043023362786516,-0.09570520461821905,-0.15842687728181035,0.18678568911638344,0.1012383451543494,0.26474320926389294,0.09503320419274142,-0.11417526885523602,0.08827224811558712,-0.03238389545259586,-0.015438028590187983,-0.10205155332554572,-0.19508029850939326,1
2014-10-24,1872.89,1940.6299999999999,85.218,85.59,54.342,55.04600000000001,85.668,91.30799999999999,76.274,76.038,27.4,28.910000000000004,51.614,54.827999999999996,3.8188000000000004,3.8828000000000005,150.0306500464118,150.0306500464118,113.30289822371802,113.30289822371802,25.75419402824007,25.75419402824007,86.7518798828125,91.0323356628418,58.51050720214844,85.62682800292968,0.19522691339285383,0.03021421540539268,0.020965600612681972,-0.09570520461821905,0.19765887673006935,0.18678568911638344,0.1162033427078278,0.26474320926389294,0.0603713583133776,-0.11417526885523602,0.035620861648278865,-0.03238389545259586,0.35504754502225927,-0.10205155332554572,1
2014-10-31,1937.56,1872.89,85.56,85.218,53.544000000000004,54.342,85.85799999999999,85.668,76.036,76.274,28.76,27.4,53.977999999999994,51.614,3.657,3.8188000000000004,150.0306500464118,150.0306500464118,113.30289822371802,113.30289822371802,25.75419402824007,25.75419402824007,74.94155960083008,86.7518798828125,79.02997207641602,58.51050720214844,0.09973843498881042,0.19522691339285383,-0.13933926993410548,0.020965600612681972,0.19053317282911691,0.19765887673006935,0.15576257367542895,0.1162033427078278,-0.18798599780732803,0.0603713583133776,0.003518948764836688,0.035620861648278865,-0.21604372395006063,0.35504754502225927,1
2014-11-07,1988.336,1937.56,86.006,85.56,53.658,53.544000000000004,86.216,85.85799999999999,77.412,76.036,29.330000000000002,28.76,55.194,53.977999999999994,3.7276000000000002,3.657,150.0306500464118,150.0306500464118,113.30289822371802,113.30289822371802,25.75419402824007,25.75419402824007,100.76889495849609,74.94155960083008,104.07679138183593,79.02997207641602,0.20216522436926582,0.09973843498881042,0.203316238112506,-0.13933926993410548,0.113638529433957,0.19053317282911691,0.4322734771385492,0.15576257367542895,0.050408928997054125,-0.18798599780732803,0.13436387311704043,0.003518948764836688,0.00677509765861774,-0.21604372395006063,1
2014-11-14,2023.3220000000001,1988.336,87.506,86.006,54.370000000000005,53.658,83.36,86.216,75.92999999999999,77.412,29.54,29.330000000000002,56.646,55.194,4.237,3.7276000000000002,152.4248850360595,150.0306500464118,120.50506865634812,113.30289822371802,26.412356973273184,25.75419402824007,84.20770874023438,100.76889495849609,61.5592658996582,104.07679138183593,0.22763145340401772,0.20216522436926582,-0.05640320543572126,0.203316238112506,0.4065640470392501,0.113638529433957,0.31751029089239957,0.4322734771385492,-0.06154651663203248,0.050408928997054125,-0.00398282499403754,0.13436387311704043,-0.18847397904436813,0.00677509765861774,1
2014-11-21,2039.068,2023.3220000000001,87.7,87.506,54.354,54.370000000000005,80.34400000000001,83.36,77.042,75.92999999999999,28.68,29.54,56.706,56.646,4.136799999999999,4.237,152.4248850360595,152.4248850360595,120.50506865634812,120.50506865634812,26.412356973273184,26.412356973273184,70.69139785766602,84.20770874023438,56.500465393066406,61.5592658996582,0.2128185003719026,0.22763145340401772,-0.0044882355258989235,-0.05640320543572126,0.3390766862403206,0.4065640470392501,0.4166019502390134,0.31751029089239957,0.3123816302386556,-0.06154651663203248,0.25624936115152713,-0.00398282499403754,-0.1400449404271186,-0.18847397904436813,1
2014-11-28,2051.618,2039.068,87.824,87.7,55.50599999999999,54.354,79.114,80.34400000000001,76.608,77.042,28.47,28.68,57.446000000000005,56.706,4.3422,4.136799999999999,152.4248850360595,152.4248850360595,120.50506865634812,120.50506865634812,26.412356973273184,26.412356973273184,115.53238067626953,70.69139785766602,95.91054992675781,56.500465393066406,0.2032261791530221,0.2128185003719026,0.08128570405329628,-0.0044882355258989235,0.3831858434335172,0.3390766862403206,0.37046747191609464,0.4166019502390134,0.42774165823780896,0.3123816302386556,0.10261824730076623,0.25624936115152713,-0.13015121054594797,-0.1400449404271186,0
2014-12-05,2069.2075,2051.618,87.97999999999999,87.824,58.472500000000004,55.50599999999999,76.4775,79.114,77.14750000000001,76.608,28.55,28.47,58.57,57.446000000000005,4.219,4.3422,152.4248850360595,152.4248850360595,120.5050686563481,120.50506865634812,26.41235697327318,26.412356973273184,132.91166877746582,115.53238067626953,122.20988845825195,95.91054992675781,0.0964431467048244,0.2032261791530221,-0.28930487658041687,0.08128570405329628,-0.19728148394383194,0.3831858434335172,0.027792349904068647,0.37046747191609464,-0.18374372141920856,0.42774165823780896,-0.1007283560930766,0.10261824730076623,-0.5022639032351771,-0.13015121054594797,0
2014-12-12,2068.322,2069.2075,88.72,87.97999999999999,56.474000000000004,58.472500000000004,70.34200000000001,76.4775,75.644,77.14750000000001,27.04,28.55,56.141999999999996,58.57,3.8274,4.219,176.0239495284129,152.4248850360595,111.6585729788122,120.5050686563481,26.2610664469001,26.41235697327318,72.32024002075197,132.91166877746582,83.68572998046876,122.20988845825195,0.741111373408003,0.0964431467048244,0.04541183122289048,-0.28930487658041687,0.13703862800531857,-0.19728148394383194,0.28843371211288976,0.027792349904068647,0.32763053548547666,-0.18374372141920856,0.14513541346945757,-0.1007283560930766,-0.0399700072080348,-0.5022639032351771,1
2014-12-19,2036.786,2068.322,88.56800000000001,88.72,54.75599999999999,56.474000000000004,64.56,70.34200000000001,76.292,75.644,26.03,27.04,53.936,56.141999999999996,3.6764,3.8274,176.0239495284129,176.0239495284129,111.6585729788122,111.6585729788122,26.2610664469001,26.2610664469001,74.35755767822266,72.32024002075197,122.12778930664065,83.68572998046876,0.6474370347812117,0.741111373408003,-0.03236473239566936,0.04541183122289048,0.31027565382624,0.13703862800531857,0.31431949208010074,0.28843371211288976,0.25561780789092725,0.32763053548547666,0.33252488627352017,0.14513541346945757,-0.13549428724227122,-0.0399700072080348,1
2014-12-26,2021.4279999999999,2036.786,88.68199999999999,88.56800000000001,53.878,54.75599999999999,60.55,64.56,76.708,76.292,25.580000000000002,26.03,52.739999999999995,53.936,3.6292,3.6764,176.0239495284129,176.0239495284129,111.6585729788122,111.6585729788122,26.2610664469001,26.2610664469001,136.87457427978515,74.35755767822266,111.20543823242186,122.12778930664065,0.6285442773729021,0.6474370347812117,-0.19832122093365706,-0.03236473239566936,-0.05225486264553921,0.31027565382624,-0.0864845374405421,0.31431949208010074,0.008891603428351779,0.25561780789092725,0.05599482812216409,0.33252488627352017,0.1537548150336212,-0.13549428724227122,0
2015-01-02,2080.8633333333332,2021.4279999999999,89.90333333333332,88.68199999999999,53.330000000000005,53.878,60.68,60.55,76.64333333333333,76.708,26.416666666666668,25.580000000000002,54.49333333333333,52.739999999999995,3.1149999999999998,3.6292,176.0239495284129,176.0239495284129,111.65857297881219,111.6585729788122,26.2610664469001,26.2610664469001,89.23507181803386,136.87457427978515,100.26663716634114,111.20543823242186,0.1602377585603113,0.6285442773729021,-0.6521019824616895,-0.19832122093365706,-0.5863319625171177,-0.05225486264553921,-0.6275360402057473,-0.0864845374405421,-0.35197004905394036,0.008891603428351779,-0.5163737328628261,0.05599482812216409,-0.6523356867033129,0.1537548150336212,0
2015-01-09,2072.005,2080.8633333333332,90.395,89.90333333333332,49.92,53.330000000000005,57.3825,60.68,75.32000000000001,76.64333333333333,26.3375,26.416666666666668,54.26,54.49333333333333,3.04375,3.1149999999999998,174.26427002343794,176.0239495284129,116.25795523560798,111.65857297881219,26.179645555216773,26.2610664469001,89.13868045806885,89.23507181803386,82.07684993743896,100.26663716634114,0.04635303478009123,0.1602377585603113,-0.719830119347495,-0.6521019824616895,-0.5295662792695821,-0.5863319625171177,-0.7760765139581167,-0.6275360402057473,-0.07179830785423715,-0.35197004905394036,-0.4543780712927134,-0.5163737328628261,-0.5703591448676997,-0.6523356867033129,1
2015-01-16,2031.2079999999999,2072.005,91.85104,90.395,46.516000000000005,49.92,51.286,57.3825,75.77799999999999,75.32000000000001,25.214,26.3375,52.63199999999999,54.26,2.9128,3.04375,168.985231508513,174.26427002343794,130.0561020059953,116.25795523560798,25.9353828801668,26.179645555216773,65.6590446472168,89.13868045806885,130.73900451660157,82.07684993743896,0.5758711448894409,0.04635303478009123,-0.12238789998398913,-0.719830119347495,0.2320175596593681,-0.5295662792695821,-0.0338555209185196,-0.7760765139581167,0.29501196653620265,-0.07179830785423715,-0.008508510671134117,-0.4543780712927134,-0.03112914293423804,-0.5703591448676997,0
2015-01-23,2014.9299999999998,2031.2079999999999,92.23588,91.85104,47.388,46.516000000000005,48.11,51.286,74.954,75.77799999999999,24.66,25.214,51.7,52.63199999999999,3.0512,2.9128,168.985231508513,168.985231508513,130.0561020059953,130.0561020059953,25.9353828801668,25.9353828801668,70.72323837280274,65.6590446472168,233.27276611328125,130.73900451660157,0.6517613651330201,0.5758711448894409,-0.36966033172748897,-0.12238789998398913,0.08572368308626693,0.2320175596593681,-0.07098858307528037,-0.0338555209185196,0.03971430393221032,0.29501196653620265,-0.050951355923932094,-0.008508510671134117,0.03997626362324216,-0.03112914293423804,0
2015-01-30,2042.4099999999999,2014.9299999999998,93.748075,92.23588,44.932500000000005,47.388,48.5825,48.11,75.8725,74.954,24.2375,24.66,52.2725,51.7,2.9065000000000003,3.0512,168.985231508513,168.985231508513,130.0561020059953,130.0561020059953,25.9353828801668,25.9353828801668,102.41031265258788,70.72323837280274,175.1131000518799,233.27276611328125,0.4131243914688171,0.6517613651330201,-0.17483336990697665,-0.36966033172748897,0.05626658946171441,0.08572368308626693,0.0747391178028308,-0.07098858307528037,0.12556851110819425,0.03971430393221032,0.3912796305013891,-0.050951355923932094,-0.01666689795128265,0.03997626362324216,1
2015-02-06,2021.0080000000003,2042.4099999999999,94.63876,93.748075,46.108,44.932500000000005,49.67,48.5825,72.834,75.8725,24.78,24.2375,53.414,52.2725,2.8276,2.9065000000000003,168.985231508513,168.985231508513,130.0561020059953,130.0561020059953,25.9353828801668,25.9353828801668,110.29185180664062,102.41031265258788,144.35397186279297,175.1131000518799,0.45358143296926895,0.4131243914688171,-0.023451382257050478,-0.17483336990697665,0.3279386188258234,0.05626658946171441,0.0022186813798395822,0.0747391178028308,0.06932939872865561,0.12556851110819425,0.078244468678516,0.3912796305013891,-0.03229548823292014,-0.01666689795128265,1
2015-02-13,2046.0759999999998,2021.0080000000003,94.174,94.63876,46.724000000000004,46.108,56.238,49.67,72.264,72.834,25.869999999999997,24.78,55.736000000000004,53.414,2.6550000000000002,2.8276,155.0936499384687,168.985231508513,116.2650534048721,130.0561020059953,26.322932989591994,25.9353828801668,127.15439147949219,110.29185180664062,116.95388565063476,144.35397186279297,0.4692269616524455,0.45358143296926895,0.2125760096172126,-0.023451382257050478,0.2366480945976767,0.3279386188258234,0.2416888763863867,0.0022186813798395822,0.08780544544093771,0.06932939872865561,0.26712143697521906,0.078244468678516,-0.09255667495041624,-0.03229548823292014,1
2015-02-20,2073.866,2046.0759999999998,94.5008,94.174,51.348,46.724000000000004,57.6,56.238,73.83,72.264,26.68,25.869999999999997,56.418000000000006,55.736000000000004,2.7176,2.6550000000000002,155.0936499384687,155.0936499384687,116.2650534048721,116.2650534048721,26.322932989591994,26.322932989591994,137.72513122558593,127.15439147949219,97.40719299316406,116.95388565063476,0.3821535866985337,0.4692269616524455,-0.2181492630370029,0.2125760096172126,0.21216220946679112,0.2366480945976767,0.12566081271133486,0.2416888763863867,0.13471855271618655,0.08780544544093771,0.10975534935497706,0.26712143697521906,0.0050952210343813194,-0.09255667495041624,0
2015-02-27,2101.9425,2073.866,94.22955,94.5008,49.792500000000004,51.348,60.8725,57.6,73.78750000000001,73.83,27.0875,26.68,57.495,56.418000000000006,2.84375,2.7176,155.0936499384687,155.0936499384687,116.2650534048721,116.2650534048721,26.32293298959199,26.322932989591994,143.74585723876953,137.72513122558593,152.5198745727539,97.40719299316406,0.35523979942704154,0.3821535866985337,-0.01788755653993107,-0.2181492630370029,0.2395105512932942,0.21216220946679112,0.026874739863548325,0.12566081271133486,0.30946014046138354,0.13471855271618655,0.17901372266677473,0.10975534935497706,-0.06002697519425027,0.0050952210343813194,0
2015-03-06,2110.848,2101.9425,94.79192,94.22955,50.402,49.792500000000004,60.364,60.8725,71.518,73.78750000000001,27.619999999999997,27.0875,58.434000000000005,57.495,2.8212,2.84375,155.0936499384687,155.0936499384687,116.2650534048721,116.2650534048721,26.322932989591994,26.32293298959199,135.43541870117184,143.74585723876953,108.98401947021485,152.5198745727539,0.17547735549380725,0.35523979942704154,0.0034932840450222213,-0.01788755653993107,0.20106795757226306,0.2395105512932942,0.006243481654371852,0.026874739863548325,0.1725313015786599,0.30946014046138354,0.37772957522657835,0.17901372266677473,-0.056764598825210025,-0.06002697519425027,0
2015-03-13,2099.2,2110.848,96.17568,94.79192,47.215999999999994,50.402,60.263999999999996,60.364,70.602,71.518,27.810000000000002,27.619999999999997,58.302,58.434000000000005,2.7718,2.8212,131.7454415437159,155.0936499384687,113.1828314370053,116.2650534048721,26.60724376021621,26.322932989591994,152.32245178222655,135.43541870117184,87.58048248291017,108.98401947021485,0.03333982671021782,0.17547735549380725,0.07387604825740998,0.0034932840450222213,0.32728258825374906,0.20106795757226306,0.0001586580317640418,0.006243481654371852,0.11617758878336126,0.1725313015786599,0.22746620057277028,0.37772957522657835,0.09923100216652417,-0.056764598825210025,1
2015-03-20,2056.636,2099.2,99.10011999999999,96.17568,46.836,47.215999999999994,56.842,60.263999999999996,69.212,70.602,27.43,27.810000000000002,57.112,58.302,2.739,2.7718,131.7454415437159,131.7454415437159,113.1828314370053,113.1828314370053,26.60724376021621,26.60724376021621,86.89324035644529,152.32245178222655,69.25074501037598,87.58048248291017,0.08063852688985416,0.03333982671021782,-0.15704308608856601,0.07387604825740998,0.10871931644296573,0.32728258825374906,0.14444427061491322,0.0001586580317640418,0.10059775534453534,0.11617758878336126,0.04667579492557958,0.22746620057277028,0.013434770237681557,0.09923100216652417,1
2015-03-27,2090.468,2056.636,98.81244,99.10011999999999,46.29,46.836,54.522000000000006,56.842,67.91,69.212,27.830000000000002,27.43,58.112,57.112,2.818,2.739,131.7454415437159,131.7454415437159,113.1828314370053,113.1828314370053,26.60724376021621,26.60724376021621,110.2624298095703,86.89324035644529,68.8454216003418,69.25074501037598,0.07486943821566615,0.08063852688985416,-0.15891949200566752,-0.15704308608856601,0.1516136221667977,0.10871931644296573,0.25169405050623384,0.14444427061491322,0.07770442633421622,0.10059775534453534,0.06525497869792748,0.04667579492557958,-0.10900886069420668,0.013434770237681557,1
2015-04-03,2074.828,2090.468,97.17296,98.81244,47.25,46.29,56.622,54.522000000000006,68.548,67.91,28.130000000000003,27.830000000000002,58.21,58.112,2.7008,2.818,131.7454415437159,131.7454415437159,113.1828314370053,113.1828314370053,26.60724376021621,26.60724376021621,127.46749725341797,110.2624298095703,113.3425407409668,68.8454216003418,0.019254691034048983,0.07486943821566615,-0.28831228791411234,-0.15891949200566752,0.2401585596328975,0.1516136221667977,-0.0008792033061710613,0.25169405050623384,-0.047012628312333424,0.07770442633421622,0.17221260223863966,0.06525497869792748,-0.053451706076809026,-0.10900886069420668,1
2015-04-10,2070.1949999999997,2074.828,98.018625,97.17296,47.04,47.25,55.8625,56.622,67.66,68.548,28.0875,28.130000000000003,58.3225,58.21,2.6505,2.7008,139.5331986341812,131.7454415437159,107.61985188464311,113.1828314370053,26.703759669770797,26.60724376021621,145.46294784545898,127.46749725341797,100.17002582550049,113.3425407409668,0.06610511036858269,0.019254691034048983,-0.04340829395472627,-0.28831228791411234,0.14367721068096073,0.2401585596328975,0.3258923904432251,-0.0008792033061710613,0.0008917125528908748,-0.047012628312333424,0.11727130860153895,0.17221260223863966,-0.22854601726067603,-0.053451706076809026,0
2015-04-17,2087.8675,2070.1949999999997,98.600325,98.018625,46.155,47.04,57.2725,55.8625,68.60249999999999,67.66,28.6875,28.0875,61.015,58.3225,2.5845000000000002,2.6505,147.3209557246465,139.5331986341812,102.0568723322809,107.61985188464311,26.80027557932538,26.703759669770797,167.08800506591797,145.46294784545898,109.71812438964842,100.17002582550049,0.05468984273691785,0.06610511036858269,-0.22671842473546644,-0.04340829395472627,0.022664332361333625,0.14367721068096073,-0.08190611641342618,0.3258923904432251,0.016492646075049404,0.0008917125528908748,0.0544274644267477,0.11727130860153895,-0.1472212454139473,-0.22854601726067603,1
2015-04-24,2096.214,2087.8675,98.34794000000001,98.600325,45.532,46.155,60.822,57.2725,68.828,68.60249999999999,29.410000000000004,28.6875,61.734,61.015,2.5938,2.5845000000000002,147.3209557246465,147.3209557246465,102.0568723322809,102.0568723322809,26.80027557932538,26.80027557932538,129.61988220214843,167.08800506591797,97.99405212402344,109.71812438964842,-0.0654625550757677,0.05468984273691785,0.002768903496714814,-0.22671842473546644,0.3016417356857902,0.022664332361333625,0.32948407468588903,-0.08190611641342618,-0.006590657230650632,0.016492646075049404,0.3545753898421863,0.0544274644267477,-0.04198679671684246,-0.1472212454139473,1
2015-05-01,2107.254,2096.214,97.63162,98.34794000000001,44.456,45.532,63.678,60.822,68.15799999999999,68.828,29.52,29.410000000000004,61.968,61.734,2.5558,2.5938,147.3209557246465,147.3209557246465,102.0568723322809,102.0568723322809,26.80027557932538,26.80027557932538,101.45396881103515,129.61988220214843,91.8022476196289,97.99405212402344,0.04953059553300006,-0.0654625550757677,0.04826070627311333,0.002768903496714814,0.21350605334644795,0.3016417356857902,0.3488275349603574,0.32948407468588903,0.03804696571033296,-0.006590657230650632,0.3279535916513482,0.3545753898421863,-0.023841286084497076,-0.04198679671684246,1
2015-05-08,2104.866,2107.254,95.62188,97.63162,43.092,44.456,65.71000000000001,63.678,67.744,68.15799999999999,29.298000000000002,29.52,62.089999999999996,61.968,2.628,2.5558,150.97371816085717,147.3209557246465,102.64801863051852,102.0568723322809,26.806257228776378,26.80027557932538,68.44661254882813,101.45396881103515,58.60818519592285,91.8022476196289,-0.04751157198424982,0.04953059553300006,0.08209867267602805,0.04826070627311333,0.31619455728934753,0.21350605334644795,0.2648389539635482,0.3488275349603574,0.40815318201076967,0.03804696571033296,0.6189544154811644,0.3279535916513482,-0.008041857137438642,-0.023841286084497076,1
2015-05-15,2093.4275,2104.866,94.669625,95.62188,42.317499999999995,43.092,66.555,65.71000000000001,67.8475,67.744,28.2,29.298000000000002,62.165,62.089999999999996,2.7925,2.628,165.5847679056999,150.97371816085717,105.012603823469,102.64801863051852,26.83018382658037,26.806257228776378,71.97211265563965,68.44661254882813,67.89581775665283,58.60818519592285,-0.12169242025394456,-0.04751157198424982,-0.19546123321474138,0.08209867267602805,0.27775212800047283,0.31619455728934753,0.25981323530578504,0.2648389539635482,0.15921675881500397,0.40815318201076967,0.32581572918259877,0.6189544154811644,0.07652217568575187,-0.008041857137438642,0
2015-05-22,2109.352,2093.4275,93.98098,94.669625,42.81,42.317499999999995,66.396,66.555,68.474,67.8475,28.79,28.2,64.1,62.165,2.9316,2.7925,165.5847679056999,165.5847679056999,105.012603823469,105.012603823469,26.830183826580374,26.83018382658037,109.67954711914062,71.97211265563965,71.12592468261718,67.89581775665283,-0.1558376677334808,-0.12169242025394456,-0.11822269919951582,-0.19546123321474138,0.1122876316448524,0.27775212800047283,0.15947421940605205,0.25981323530578504,0.2825337541265164,0.15921675881500397,0.24024308599493951,0.32581572918259877,-0.05924542851907042,0.07652217568575187,0
2015-05-29,2127.952,2109.352,95.34192,93.98098,41.791999999999994,42.81,65.446,66.396,67.224,68.474,28.604000000000003,28.79,64.328,64.1,2.9417999999999997,2.9316,165.5847679056999,165.5847679056999,105.012603823469,105.012603823469,26.830183826580374,26.830183826580374,102.7612419128418,109.67954711914062,81.76902999877929,71.12592468261718,-0.09500971176817614,-0.1558376677334808,-0.08249124284294365,-0.11822269919951582,0.2073773481542743,0.1122876316448524,-0.05633679691426034,0.15947421940605205,0.14293764941236664,0.2825337541265164,0.09750412962087282,0.24024308599493951,-0.1959766029181293,-0.05924542851907042,1
2015-06-05,2113.965,2127.952,97.093375,95.34192,41.9125,41.791999999999994,63.480000000000004,65.446,65.03999999999999,67.224,28.3,28.604000000000003,63.8,64.328,2.74625,2.9417999999999997,165.5847679056999,165.5847679056999,105.012603823469,105.012603823469,26.83018382658037,26.830183826580374,54.94858646392822,102.7612419128418,60.77674388885498,81.76902999877929,-0.1646445092929789,-0.09500971176817614,-0.2837664637520051,-0.08249124284294365,0.11256805614660167,0.2073773481542743,-0.09988877512607665,-0.05633679691426034,0.7221234993571743,0.14293764941236664,0.04515322193272215,0.09750412962087282,-0.2984303966799493,-0.1959766029181293,1
2015-06-12,2104.814,2113.965,96.14,97.093375,42.332,41.9125,63.902,63.480000000000004,67.084,65.03999999999999,28.369999999999997,28.3,63.324,63.8,2.6393999999999997,2.74625,193.9479941562385,165.5847679056999,120.1230661343752,105.012603823469,27.510704838501276,26.83018382658037,78.62538986206056,54.94858646392822,104.0080680847168,60.77674388885498,0.009192463567252363,-0.1646445092929789,-0.2531692715537004,-0.2837664637520051,0.09758576088957552,0.11256805614660167,-0.19192807364484393,-0.09988877512607665,0.18614879785562088,0.7221234993571743,-0.009239807557185264,0.04515322193272215,-0.26033182002928706,-0.2984303966799493,0
2015-06-19,2093.52,2104.814,95.038,96.14,43.064,42.332,64.45,63.902,66.322,67.084,28.3,28.369999999999997,62.912,63.324,2.8034,2.6393999999999997,193.9479941562385,193.9479941562385,120.1230661343752,120.1230661343752,27.510704838501276,27.510704838501276,77.89522781372071,78.62538986206056,42.10648078918457,104.0080680847168,-0.2370570714337677,0.009192463567252363,-0.3149830346669583,-0.2531692715537004,0.006021346315901441,0.09758576088957552,-0.23625346479258313,-0.19192807364484393,-0.13682630860407002,0.18614879785562088,-0.31711039177757555,-0.009239807557185264,-0.34698579841058186,-0.26033182002928706,1
2015-06-26,2102.478,2093.52,94.4225,95.038,42.312,43.064,63.492,64.45,64.14,66.322,28.577999999999996,28.3,63.322,62.912,2.8462,2.8034,193.9479941562385,193.9479941562385,120.1230661343752,120.1230661343752,27.510704838501276,27.510704838501276,72.79186248779297,77.89522781372071,82.57636871337891,42.10648078918457,-0.33205531864369914,-0.2370570714337677,-0.22822398430556032,-0.3149830346669583,-0.05732408615277882,0.006021346315901441,-0.2852305722161935,-0.23625346479258313,-0.11792802127099086,-0.13682630860407002,-0.26167655232675074,-0.31711039177757555,-0.42272438324115125,-0.34698579841058186,0
2015-07-03,2111.886,2102.478,95.13525999999999,94.4225,43.088,42.312,63.548,63.492,66.184,64.14,28.51,28.577999999999996,63.763999999999996,63.322,2.7682,2.8462,193.9479941562385,193.9479941562385,120.1230661343752,120.1230661343752,27.510704838501276,27.510704838501276,99.80497360229494,72.79186248779297,87.42783660888674,82.57636871337891,-0.19474779303455958,-0.33205531864369914,-0.3903599693522234,-0.22822398430556032,-0.10018660044065548,-0.05732408615277882,-0.4358139247949625,-0.2852305722161935,0.11375122024856857,-0.11792802127099086,-0.05555148808995003,-0.26167655232675074,-0.4255836422009073,-0.42272438324115125,1
2015-07-10,2068.7375,2111.886,95.70847499999999,95.13525999999999,42.515,43.088,62.42,63.548,70.1525,66.184,26.825,28.51,61.1575,63.763999999999996,2.8105,2.7682,189.2177612181376,193.9479941562385,122.20070253522644,120.1230661343752,27.797727721944405,27.510704838501276,109.05799865722658,99.80497360229494,134.1221923828125,87.42783660888674,-0.30977514006582313,-0.19474779303455958,-0.19606663238691732,-0.3903599693522234,-0.06332462646547679,-0.10018660044065548,-0.47772413213006726,-0.4358139247949625,0.5087971177151167,0.11375122024856857,-0.38444052627463554,-0.05555148808995003,0.05827231059954616,-0.4255836422009073,1
2015-07-17,2064.942,2068.7375,96.29657999999999,95.70847499999999,43.278,42.515,57.556,62.42,70.124,70.1525,25.196,26.825,59.664,61.1575,2.7306,2.8105,184.4875282800367,189.2177612181376,124.27833893607769,122.20070253522644,28.08475060538753,27.797727721944405,94.684130859375,109.05799865722658,58.84405326843262,134.1221923828125,-0.01653896562778216,-0.30977514006582313,-0.1278972584773935,-0.19606663238691732,-0.07969521521862566,-0.06332462646547679,-0.3661188950490011,-0.47772413213006726,0.06974540078701427,0.5087971177151167,-0.42133996795498296,-0.38444052627463554,-0.1697864328864592,0.05827231059954616,1
2015-07-24,2113.3759999999997,2064.942,97.24408,96.29657999999999,43.312,43.278,57.604,57.556,70.202,70.124,25.509999999999998,25.196,61.798,59.664,2.8692,2.7306,184.4875282800367,184.4875282800367,124.27833893607769,124.27833893607769,28.08475060538753,28.08475060538753,189.59111328125002,94.684130859375,60.63863830566406,58.84405326843262,0.23300066757541468,-0.01653896562778216,-0.27680657886939597,-0.1278972584773935,-0.05501296743521461,-0.07969521521862566,-0.27330384852513956,-0.3661188950490011,-0.12998176351729882,0.06974540078701427,-0.46685881484918107,-0.42133996795498296,-0.6203219924268504,-0.1697864328864592,0
2015-07-31,2108.688,2113.3759999999997,97.46172,97.24408,42.616,43.312,55.94199999999999,57.604,65.856,70.202,24.75,25.509999999999998,60.778,61.798,2.8388,2.8692,184.4875282800367,184.4875282800367,124.27833893607769,124.27833893607769,28.08475060538753,28.08475060538753,157.49075927734378,189.59111328125002,123.84324188232422,60.63863830566406,-0.10830583629861479,0.23300066757541468,-0.25867707708810916,-0.27680657886939597,0.04554918392052683,-0.05501296743521461,-0.34805002161172244,-0.27330384852513956,-0.12913897795006565,-0.12998176351729882,-0.3914913947171718,-0.46685881484918107,-0.7620837682931463,-0.6203219924268504,0
2015-08-07,2096.386,2108.688,97.01989999999999,97.46172,42.642,42.616,53.134,55.94199999999999,63.06,65.856,24.55,24.75,59.17,60.778,2.7960000000000003,2.8388,184.4875282800367,184.4875282800367,124.27833893607769,124.27833893607769,28.08475060538753,28.08475060538753,113.45990142822265,157.49075927734378,102.38070831298828,123.84324188232422,-0.010520334184250902,-0.10830583629861479,-0.31249350304452655,-0.25867707708810916,-0.10431454687992647,0.04554918392052683,-0.27855043309708866,-0.34805002161172244,-0.2569860977184034,-0.12913897795006565,-0.5072273823082425,-0.3914913947171718,-0.7283969992756119,-0.7620837682931463,1
2015-08-14,2090.466,2096.386,97.755,97.01989999999999,41.116,42.642,49.446000000000005,53.134,61.914,63.06,24.15,24.55,57.662,59.17,2.7938,2.7960000000000003,143.7111573719677,184.4875282800367,120.389305850493,124.27833893607769,26.962418969281167,28.08475060538753,117.24290008544922,113.45990142822265,65.42566013336182,102.38070831298828,0.23728783634644368,-0.010520334184250902,-0.2946226976349422,-0.31249350304452655,0.005310595217708203,-0.10431454687992647,-0.29332551514993377,-0.27855043309708866,-0.13967364896259762,-0.2569860977184034,-0.24125726791873675,-0.5072273823082425,-0.7396143026363686,-0.7283969992756119,1
2015-08-21,2089.846,2090.466,96.73728,97.755,40.372,41.116,49.5,49.446000000000005,61.424,61.914,23.66,24.15,56.096000000000004,57.662,2.841,2.7938,143.7111573719677,143.7111573719677,120.389305850493,120.389305850493,26.962418969281167,26.962418969281167,80.1021514892578,117.24290008544922,100.20623626708985,65.42566013336182,0.294451364488047,0.23728783634644368,-0.4205828125850248,-0.2946226976349422,-0.02421251472507476,0.005310595217708203,-0.3506320791293396,-0.29332551514993377,-0.22486694378423494,-0.13967364896259762,-0.39146255682321585,-0.24125726791873675,-0.6518445774223538,-0.7396143026363686,0
2015-08-28,2057.118,2089.846,96.1802,96.73728,39.038,40.372,47.358,49.5,60.525999999999996,61.424,22.69,23.66,54.403999999999996,56.096000000000004,2.7158,2.841,143.7111573719677,143.7111573719677,120.389305850493,120.389305850493,26.962418969281167,26.962418969281167,96.29204559326175,80.1021514892578,63.795022583007814,100.20623626708985,0.3521475997198436,0.294451364488047,-0.1410792199043711,-0.4205828125850248,-0.01102158402083032,-0.02421251472507476,-0.34300718197731694,-0.3506320791293396,-0.1321208237508415,-0.22486694378423494,-0.44851261977655216,-0.39146255682321585,-0.6009535192305605,-0.6518445774223538,0
2015-09-04,1935.5720000000001,2057.118,94.8824,96.1802,39.172000000000004,39.038,45.33,47.358,59.98199999999999,60.525999999999996,21.02,22.69,50.944,54.403999999999996,2.6762,2.7158,143.7111573719677,143.7111573719677,120.389305850493,120.389305850493,26.962418969281167,26.962418969281167,73.26399307250976,96.29204559326175,78.67581672668457,63.795022583007814,0.5916141198363718,0.3521475997198436,-0.38705597168898853,-0.1410792199043711,0.18189380581607137,-0.01102158402083032,-0.4139369567643886,-0.34300718197731694,-0.1923271923135261,-0.1321208237508415,-0.2516636103550044,-0.44851261977655216,-0.15241660678131896,-0.6009535192305605,1
2015-09-11,1933.7649999999999,1935.5720000000001,95.971875,94.8824,41.47,39.172000000000004,50.0875,45.33,59.6425,59.98199999999999,21.675,21.02,51.355000000000004,50.944,2.6825,2.6762,194.4608296129615,143.7111573719677,154.3059402733971,120.389305850493,26.73544020687625,26.962418969281167,110.64279747009277,73.26399307250976,49.37996959686279,78.67581672668457,0.34699130907796283,0.5916141198363718,-0.457507443261056,-0.38705597168898853,-0.11742538516768367,0.18189380581607137,-0.22537032605245266,-0.4139369567643886,-0.3374957961654589,-0.1923271923135261,-0.11660222593020592,-0.2516636103550044,-0.5275827555610945,-0.15241660678131896,0
2015-09-18,1956.1975,1933.7649999999999,95.6236,95.971875,41.307500000000005,41.47,48.5325,50.0875,60.815,59.6425,22.1625,21.675,52.4475,51.355000000000004,2.68425,2.6825,194.4608296129615,194.4608296129615,154.3059402733971,154.3059402733971,26.73544020687625,26.73544020687625,136.590124130249,110.64279747009277,126.85695838928221,49.37996959686279,0.28619646530337806,0.34699130907796283,-0.24115547428138862,-0.457507443261056,-0.05083165312746062,-0.11742538516768367,-0.1439114697388167,-0.22537032605245266,-0.041877234326983453,-0.3374957961654589,0.25116345113721505,-0.11660222593020592,-0.5366514044129402,-0.5275827555610945,0
2015-09-25,1974.932,1956.1975,95.18732,95.6236,41.088,41.307500000000005,47.86,48.5325,61.374,60.815,22.182,22.1625,52.73,52.4475,2.6806,2.68425,194.4608296129615,194.4608296129615,154.3059402733971,154.3059402733971,26.735440206876252,26.73544020687625,99.96473541259766,136.590124130249,85.87212524414062,126.85695838928221,0.1935241792696705,0.28619646530337806,-0.205133742418775,-0.24115547428138862,0.06361462734443867,-0.05083165312746062,-0.1339862207561197,-0.1439114697388167,0.10384556538077354,-0.041877234326983453,0.11028177519144595,0.25116345113721505,-0.5544129459811898,-0.5366514044129402,1
2015-10-02,1942.4099999999999,1974.932,96.19453999999999,95.18732,40.278,41.088,48.504000000000005,47.86,60.774,61.374,21.374000000000002,22.182,50.534000000000006,52.73,2.5748,2.6806,194.4608296129615,194.4608296129615,154.3059402733971,154.3059402733971,26.735440206876252,26.735440206876252,132.39187927246093,99.96473541259766,78.62856369018554,85.87212524414062,0.12184339073484404,0.1935241792696705,-0.28322896834528555,-0.205133742418775,0.05406444683411371,0.06361462734443867,-0.036824459834398325,-0.1339862207561197,-0.05837787373305707,0.10384556538077354,0.05420336553598011,0.11028177519144595,-0.5101479766076608,-0.5544129459811898,1
2015-10-09,1912.214,1942.4099999999999,96.04434,96.19453999999999,40.874,40.278,47.952,48.504000000000005,63.391999999999996,60.774,20.462,21.374000000000002,49.334,50.534000000000006,2.5114,2.5748,182.60895204238938,194.4608296129615,139.1914283205126,154.3059402733971,26.754752158863386,26.735440206876252,141.35503234863282,132.39187927246093,108.45559692382812,78.62856369018554,0.1719914545627394,0.12184339073484404,0.13524625764904236,-0.28322896834528555,0.21631351703770768,0.05406444683411371,0.00685680484816562,-0.036824459834398325,-0.15773353026814582,-0.05837787373305707,0.12225264263234614,0.05420336553598011,-0.5493630697044266,-0.5101479766076608,1
2015-10-16,1998.2240000000002,1912.214,95.46362,96.04434,41.904,40.874,51.64,47.952,65.954,63.391999999999996,22.875999999999998,20.462,53.668000000000006,49.334,2.4788,2.5114,164.8311356865312,182.60895204238938,116.51966039118591,139.1914283205126,26.78372008684409,26.754752158863386,65.40145797729492,141.35503234863282,128.2421646118164,108.45559692382812,0.3171902262720426,0.1719914545627394,0.16823905655166077,0.13524625764904236,0.26189341685908046,0.21631351703770768,0.12444193613630798,0.00685680484816562,-0.009761954388861543,-0.15773353026814582,0.37299562961792476,0.12225264263234614,-0.5110970826071987,-0.5493630697044266,1
2015-10-23,2014.4720000000002,1998.2240000000002,94.55064,95.46362,40.632,41.904,49.484,51.64,65.454,65.954,22.982,22.875999999999998,53.616,53.668000000000006,2.4868,2.4788,164.8311356865312,164.8311356865312,116.51966039118591,116.51966039118591,26.78372008684409,26.78372008684409,83.89684371948242,65.40145797729492,88.56303634643555,128.2421646118164,0.2395981497357682,0.3171902262720426,0.11830592573873429,0.16823905655166077,0.07528365058139261,0.26189341685908046,0.14014601972943647,0.12444193613630798,-0.05134765210199842,-0.009761954388861543,0.16146487031848053,0.37299562961792476,-0.4620592763003537,-0.5110970826071987,1
2015-10-30,2042.2060000000001,2014.4720000000002,95.65042,94.55064,40.160000000000004,40.632,48.248000000000005,49.484,65.534,65.454,22.490000000000002,22.982,53.236000000000004,53.616,2.3988,2.4868,164.8311356865312,164.8311356865312,116.51966039118591,116.51966039118591,26.78372008684409,26.78372008684409,65.64789276123047,83.89684371948242,80.62330627441406,88.56303634643555,0.05656732843739394,0.2395981497357682,0.052031756254353335,0.11830592573873429,0.22713346459195152,0.07528365058139261,0.04455102589226932,0.14014601972943647,-0.16580866387314572,-0.05134765210199842,0.2512530289795391,0.16146487031848053,-0.44719818667151356,-0.4620592763003537,0
2015-11-06,2079.238,2042.2060000000001,97.0839,95.65042,39.282,40.160000000000004,48.352,48.248000000000005,66.15,65.534,22.27,22.490000000000002,53.013999999999996,53.236000000000004,2.153,2.3988,164.8311356865312,164.8311356865312,116.51966039118591,116.51966039118591,26.78372008684409,26.78372008684409,65.56110229492188,65.64789276123047,75.82617797851563,80.62330627441406,0.4410586819511481,0.05656732843739394,0.23827951387536617,0.052031756254353335,0.03737817467017385,0.22713346459195152,0.0320174158752651,0.04455102589226932,-0.1000406883301228,-0.16580866387314572,0.16054467361428965,0.2512530289795391,-0.31608450106665914,-0.44719818667151356,0
2015-11-13,2103.0559999999996,2079.238,97.82424,97.0839,38.962,39.282,48.662,48.352,66.66999999999999,66.15,22.747999999999998,22.27,53.782000000000004,53.013999999999996,2.3012,2.153,164.4021538083516,164.8311356865312,106.3239784900833,116.51966039118591,25.49630529877362,26.78372008684409,60.31175079345703,65.56110229492188,105.33421936035157,75.82617797851563,0.09779672313725044,0.4410586819511481,0.2884552326584306,0.23827951387536617,0.31456206866652164,0.03737817467017385,0.18811953705042755,0.0320174158752651,-0.04473456029824775,-0.1000406883301228,0.2756411202349923,0.16054467361428965,-0.42611521053122176,-0.31608450106665914,1
2015-11-20,2060.862,2103.0559999999996,98.95972,97.82424,37.284000000000006,38.962,45.622,48.662,64.782,66.66999999999999,21.208000000000002,22.747999999999998,51.398,53.782000000000004,2.3007999999999997,2.3012,164.4021538083516,164.4021538083516,106.3239784900833,106.3239784900833,25.49630529877362,25.49630529877362,54.4393611907959,60.31175079345703,71.6786865234375,105.33421936035157,-0.03507114266764135,0.09779672313725044,-0.11248035156570899,0.2884552326584306,0.24839853765248215,0.31456206866652164,0.2167268577078584,0.18811953705042755,-0.08091297699248248,-0.04473456029824775,0.0895292695781707,0.2756411202349923,-0.4706630643974261,-0.42611521053122176,1
2015-11-27,2071.524,2060.862,99.4377,98.95972,37.302,37.284000000000006,44.222,45.622,65.184,64.782,20.56,21.208000000000002,51.108,51.398,2.3047999999999997,2.3007999999999997,164.4021538083516,164.4021538083516,106.3239784900833,106.3239784900833,25.49630529877362,25.49630529877362,194.03118896484375,54.4393611907959,437.3053405761719,71.6786865234375,0.24698524781476916,-0.03507114266764135,0.29029520051036706,-0.11248035156570899,0.1756437937423032,0.24839853765248215,0.33029452651940133,0.2167268577078584,0.14548780199236735,-0.08091297699248248,0.5645363351881886,0.0895292695781707,-0.46913516154641455,-0.4706630643974261,0
2015-12-04,2088.6775,2071.524,99.795275,99.4377,37.325,37.302,45.495,44.222,65.925,65.184,21.0,20.56,52.09,51.108,2.207,2.3047999999999997,164.4021538083516,164.4021538083516,106.3239784900833,106.3239784900833,25.49630529877362,25.49630529877362,183.73519897460938,194.03118896484375,316.6286811828613,437.3053405761719,0.018753540285600806,0.24698524781476916,-0.03724960291071586,0.29029520051036706,0.2080196781276152,0.1756437937423032,-0.0706170373876367,0.33029452651940133,-0.07428792497011034,0.14548780199236735,0.0576408298721517,0.5645363351881886,-0.5528520245382889,-0.46913516154641455,0
2015-12-11,2080.772,2088.6775,99.23748,99.795275,38.596,37.325,43.676,45.495,67.324,65.925,21.832,21.0,53.379999999999995,52.09,2.1995999999999998,2.207,150.81553219084617,164.4021538083516,111.91807535773187,106.3239784900833,25.175995117001587,25.49630529877362,119.88818206787111,183.73519897460938,206.38483123779298,316.6286811828613,0.5778892349344336,0.018753540285600806,0.1423840761307673,-0.03724960291071586,0.30987698307628053,0.2080196781276152,0.45534852303765394,-0.0706170373876367,0.40858844016928836,-0.07428792497011034,0.325805042818728,0.0576408298721517,-0.45609293182162014,-0.5528520245382889,0
2015-12-18,2050.576,2080.772,97.99542,99.23748,36.638,38.596,39.751999999999995,43.676,66.976,67.324,21.6,21.832,51.932,53.379999999999995,2.0408,2.1995999999999998,147.4188767864698,150.81553219084617,113.31659957464402,111.91807535773187,25.09591757155858,25.175995117001587,129.21448364257813,119.88818206787111,258.3725219726563,206.38483123779298,0.35121005447345865,0.5778892349344336,0.17641299179882877,0.1423840761307673,0.31793297486317584,0.30987698307628053,0.3152899657296399,0.45534852303765394,0.1799306418037861,0.40858844016928836,0.5107744281103792,0.325805042818728,-0.4332526884882391,-0.45609293182162014,1
2015-12-25,2037.172,2050.576,98.39598000000001,97.99542,34.808,36.638,37.5,39.751999999999995,66.264,66.976,23.080000000000002,21.6,53.822,51.932,1.8056,2.0408,147.4188767864698,147.4188767864698,113.31659957464402,113.31659957464402,25.09591757155858,25.09591757155858,132.40051116943357,129.21448364257813,191.96856079101562,258.3725219726563,0.40238416508939273,0.35121005447345865,-0.09818366825386098,0.17641299179882877,0.19238273606932194,0.31793297486317584,0.12615020171842511,0.3152899657296399,0.04989503535596339,0.1799306418037861,0.40933738279014237,0.5107744281103792,-0.4780283140964968,-0.4332526884882391,1
2016-01-01,2046.35,2037.172,98.23407499999999,98.39598000000001,33.065,34.808,36.9275,37.5,66.32,66.264,24.2125,23.080000000000002,55.19,53.822,1.95275,1.8056,147.4188767864698,147.4188767864698,113.316599574644,113.31659957464402,25.09591757155858,25.09591757155858,92.85405731201172,132.40051116943357,157.26301574707028,191.96856079101562,0.08762569094786182,0.40238416508939273,-0.6008534295920035,-0.09818366825386098,-0.362998859399332,0.19238273606932194,-0.6408016900428825,0.12615020171842511,-0.3607653362803666,0.04989503535596339,-0.49609613280596454,0.40933738279014237,-0.6729672780477647,-0.4780283140964968,0
2016-01-08,2060.54,2046.35,98.2932,98.23407499999999,33.3725,33.065,37.0375,36.9275,65.725,66.32,23.8875,24.2125,54.980000000000004,55.19,2.28775,1.95275,147.4188767864698,147.4188767864698,113.316599574644,113.316599574644,25.09591757155858,25.09591757155858,104.04496192932127,92.85405731201172,140.53156852722168,157.26301574707028,-0.16967505202730382,0.08762569094786182,-0.6844714048044089,-0.6008534295920035,-0.5195093377529327,-0.362998859399332,-0.7578536501699702,-0.6408016900428825,0.12764275930980193,-0.3607653362803666,-0.4712732713160288,-0.49609613280596454,-0.5664033324865314,-0.6729672780477647,0
2016-01-15,1976.95,2060.54,98.8214,98.2932,34.028,33.3725,35.034,37.0375,64.258,65.725,22.248,23.8875,52.754,54.980000000000004,2.3560000000000003,2.28775,209.7402895175312,147.4188767864698,145.1322782699401,113.316599574644,26.31023692334084,25.09591757155858,201.15414123535157,104.04496192932127,144.6205780029297,140.53156852722168,0.17291852164342608,-0.16967505202730382,-0.157833971598147,-0.6844714048044089,-0.04006052765661684,-0.5195093377529327,-0.15294656986092278,-0.7578536501699702,0.7328776101245629,0.12764275930980193,0.037716533927823516,-0.4712732713160288,-0.08894150934677311,-0.5664033324865314,0
2016-01-22,1910.9599999999998,1976.95,98.9464,98.8214,32.548,34.028,30.538,35.034,64.196,64.258,19.889999999999997,22.248,48.964,52.754,2.2321999999999997,2.3560000000000003,209.7402895175312,209.7402895175312,145.1322782699401,145.1322782699401,26.31023692334084,26.31023692334084,128.6684326171875,201.15414123535157,94.4689811706543,144.6205780029297,0.3263438500937122,0.17291852164342608,-0.09487046846171905,-0.157833971598147,0.034100076740509425,-0.04006052765661684,0.15566491967670887,-0.15294656986092278,0.21592764245923113,0.7328776101245629,0.08657474215837739,0.037716533927823516,-0.001774774551781383,-0.08894150934677311,0
2016-01-29,1879.1375,1910.9599999999998,99.20485000000001,98.9464,30.7325,32.548,29.5175,30.538,65.0025,64.196,19.1125,19.889999999999997,47.255,48.964,2.1215,2.2321999999999997,209.7402895175312,209.7402895175312,145.1322782699401,145.1322782699401,26.31023692334084,26.31023692334084,141.0830001831055,128.6684326171875,139.234130859375,94.4689811706543,0.43047477161399816,0.3263438500937122,-0.07568435807984673,-0.09487046846171905,0.22279539458916217,0.034100076740509425,0.010267297525441352,0.15566491967670887,0.2659560536308374,0.21592764245923113,0.22205176426865808,0.08657474215837739,0.1308282986788892,-0.001774774551781383,0
2016-02-05,1899.452,1879.1375,99.09049999999999,99.20485000000001,30.536,30.7325,32.806,29.5175,63.866,65.0025,19.64,19.1125,47.926,47.255,2.2014,2.1215,209.7402895175312,209.7402895175312,145.1322782699401,145.1322782699401,26.31023692334084,26.31023692334084,91.56042861938477,141.0830001831055,66.9412223815918,139.234130859375,0.26591808953006674,0.43047477161399816,0.014843193026373103,-0.07568435807984673,0.24524676024924838,0.22279539458916217,-0.12333714242437657,0.010267297525441352,0.3109339842299089,0.2659560536308374,0.12231251327826395,0.22205176426865808,-0.10402766715356297,0.1308282986788892,0
2016-02-12,1910.0880000000002,1899.452,97.71644,99.09049999999999,29.189999999999998,30.536,34.104,32.806,62.81,63.866,19.689999999999998,19.64,48.28,47.926,2.05,2.2014,227.7928132128065,209.7402895175312,148.1019402901814,145.1322782699401,26.723951507182345,26.31023692334084,102.9912536621094,91.56042861938477,109.98792419433593,66.9412223815918,0.4129580602152173,0.26591808953006674,0.17108299583442066,0.014843193026373103,0.6595779384759932,0.24524676024924838,0.08523231283409308,-0.12333714242437657,0.16417036579282485,0.3109339842299089,0.05561726135999832,0.12231251327826395,-0.08927724948198781,-0.10402766715356297,1
2016-02-19,1850.274,1910.0880000000002,96.01906,97.71644,28.72,29.189999999999998,31.492,34.104,62.794,62.81,18.35,19.689999999999998,45.554,48.28,2.0488,2.05,227.7928132128065,227.7928132128065,148.1019402901814,148.1019402901814,26.723951507182345,26.723951507182345,109.27456588745117,102.9912536621094,104.02541656494141,109.98792419433593,0.217648264646137,0.4129580602152173,0.007267021522146383,0.17108299583442066,0.6485851580510307,0.6595779384759932,0.017119371288608354,0.08523231283409308,0.06272179902517017,0.16417036579282485,0.20747203016424898,0.05561726135999832,-0.03766435507274074,-0.08927724948198781,1
2016-02-26,1914.5025,1850.274,96.7873,96.01906,28.747500000000002,28.72,33.4925,31.492,62.8425,62.794,18.97,18.35,47.3575,45.554,1.87525,2.0488,227.7928132128065,227.7928132128065,148.1019402901814,148.1019402901814,26.72395150718235,26.723951507182345,123.25313758850098,109.27456588745117,163.5631446838379,104.02541656494141,0.08769033469976678,0.217648264646137,0.1452341824578537,0.007267021522146383,0.22852147052638888,0.6485851580510307,0.12214967912763805,0.017119371288608354,0.34429106392806075,0.06272179902517017,0.30073380779141157,0.20747203016424898,0.266342441661946,-0.03766435507274074,0
2016-03-04,1939.264,1914.5025,97.58328,96.7873,29.744,28.747500000000002,34.552,33.4925,63.52,62.8425,19.45,18.97,48.802,47.3575,1.7765999999999997,1.87525,227.7928132128065,227.7928132128065,148.1019402901814,148.1019402901814,26.723951507182345,26.72395150718235,85.0033088684082,123.25313758850098,122.43571853637695,163.5631446838379,0.159775715030871,0.08769033469976678,0.1922700555718088,0.1452341824578537,0.4099445075217714,0.22852147052638888,0.08274425164101054,0.12214967912763805,0.25975377569190217,0.34429106392806075,0.27115095172900877,0.30073380779141157,-0.11028978696178464,0.266342441661946,1
2016-03-11,1978.084,1939.264,97.91846000000001,97.58328,28.822000000000003,29.744,37.1,34.552,64.384,63.52,20.56,19.45,50.394,48.802,1.6872,1.7765999999999997,227.7612122058584,227.7928132128065,158.0037627281394,148.1019402901814,26.180946860899972,26.723951507182345,101.19038391113281,85.0033088684082,80.83084030151367,122.43571853637695,0.3913402503950568,0.159775715030871,0.39128965045247005,0.1922700555718088,0.34013495373724645,0.4099445075217714,0.1406031704519311,0.08274425164101054,0.3248910626664503,0.25975377569190217,0.2582247723700096,0.27115095172900877,-0.06084460331246777,-0.11028978696178464,0
2016-03-18,1996.4080000000001,1978.084,96.78138,97.91846000000001,28.116000000000003,28.822000000000003,40.4,37.1,65.55,64.384,20.696,20.56,51.178,50.394,1.7528,1.6872,227.75331195412136,227.7612122058584,160.4792183376289,158.0037627281394,26.045195699329376,26.180946860899972,89.33132858276367,101.19038391113281,70.10637588500978,80.83084030151367,0.43026557522430997,0.3913402503950568,0.31469747048122476,0.39128965045247005,0.38669766593741883,0.34013495373724645,0.24340594588814093,0.1406031704519311,0.35606826383847695,0.3248910626664503,0.09992965894645078,0.2582247723700096,-0.13736362536811897,-0.06084460331246777,0
2016-03-25,2030.5919999999999,1996.4080000000001,95.77024,96.78138,28.651999999999997,28.116000000000003,40.268,40.4,67.97200000000001,65.55,20.81,20.696,52.998000000000005,51.178,1.8762,1.7528,227.75331195412136,227.75331195412136,160.4792183376289,160.4792183376289,26.045195699329376,26.045195699329376,88.79209747314454,89.33132858276367,127.07391815185547,70.10637588500978,0.254766250852751,0.43026557522430997,0.26734020671341613,0.31469747048122476,0.20387363667783406,0.38669766593741883,0.057303499077261746,0.24340594588814093,0.2553910117416259,0.35606826383847695,-0.07854722992601344,0.09992965894645078,-0.1719445346549487,-0.13736362536811897,1
2016-04-01,2043.5125,2030.5919999999999,95.812025,95.77024,28.6725,28.651999999999997,41.06,40.268,69.5575,67.97200000000001,20.4375,20.81,52.815,52.998000000000005,1.82275,1.8762,227.7533119541214,227.75331195412136,160.4792183376289,160.4792183376289,26.04519569932938,26.045195699329376,111.15664482116699,88.79209747314454,211.33749198913574,127.07391815185547,-0.05526237776236234,0.254766250852751,-0.14193927331444423,0.26734020671341613,0.2529017681836414,0.20387363667783406,0.13846420838359152,0.057303499077261746,-0.0081174248411361,0.2553910117416259,-0.028731526840199098,-0.07854722992601344,-0.1647290468755762,-0.1719445346549487,1
2016-04-08,2062.87,2043.5125,94.802225,95.812025,28.475,28.6725,39.167500000000004,41.06,67.9925,69.5575,20.2,20.4375,52.8975,52.815,1.9535,1.82275,222.56779555538523,227.7533119541214,156.20234299898215,160.4792183376289,25.94502816007699,26.04519569932938,133.11617851257324,111.15664482116699,183.62311172485352,211.33749198913574,0.043739390339048896,-0.05526237776236234,-0.035626717676873504,-0.14193927331444423,0.3375707953521214,0.2529017681836414,0.15847273011536117,0.13846420838359152,-0.08220904751839705,-0.0081174248411361,0.10443242069964258,-0.028731526840199098,-0.24366303961201743,-0.1647290468755762,1
2016-04-15,2053.4939999999997,2062.87,94.45926,94.802225,26.68,28.475,39.354,39.167500000000004,66.066,67.9925,19.892000000000003,20.2,51.888,52.8975,1.9742000000000002,1.9535,207.01124635917682,222.56779555538523,143.3717169830418,156.20234299898215,25.64452554231982,25.94502816007699,78.38103103637695,133.11617851257324,93.56616821289063,183.62311172485352,0.09431323445039563,0.043739390339048896,0.1619606631812476,-0.035626717676873504,0.35514657218522033,0.3375707953521214,0.2872627272720951,0.15847273011536117,0.05639066549552729,-0.08220904751839705,0.1726637073005791,0.10443242069964258,0.031376156962783265,-0.24366303961201743,1
2016-04-22,2069.928,2053.4939999999997,94.50014,94.45926,26.616000000000003,26.68,43.727999999999994,39.354,65.846,66.066,20.259999999999998,19.892000000000003,52.158,51.888,1.9647999999999999,1.9742000000000002,207.01124635917682,207.01124635917682,143.3717169830418,143.3717169830418,25.64452554231982,25.64452554231982,100.30004577636718,78.38103103637695,80.73218002319337,93.56616821289063,0.18586400819790877,0.09431323445039563,0.22586662447124514,0.1619606631812476,0.3551884202232386,0.35514657218522033,0.09988378754597432,0.2872627272720951,0.3579876839122474,0.05639066549552729,0.138031132118485,0.1726637073005791,0.003309190686965635,0.031376156962783265,1
2016-04-29,2096.12,2069.928,94.5682,94.50014,28.356,26.616000000000003,44.476,43.727999999999994,69.218,65.846,20.8,20.259999999999998,52.612,52.158,2.061,1.9647999999999999,207.01124635917682,207.01124635917682,143.3717169830418,143.3717169830418,25.64452554231982,25.64452554231982,81.53467330932617,100.30004577636718,91.14207458496094,80.73218002319337,0.24391114971986214,0.18586400819790877,0.2883979645099793,0.22586662447124514,0.3852491953585573,0.3551884202232386,0.26450720033685593,0.09988378754597432,0.5941749326796704,0.3579876839122474,0.4074981958960501,0.138031132118485,-0.02781208092731254,0.003309190686965635,0
2016-05-06,2083.15,2096.12,94.09902,94.5682,30.46,28.356,46.734,44.476,69.384,69.218,20.862000000000002,20.8,52.513999999999996,52.612,2.0692,2.061,207.01124635917682,207.01124635917682,143.3717169830418,143.3717169830418,25.64452554231982,25.64452554231982,85.50631332397461,81.53467330932617,86.95301284790038,91.14207458496094,0.08238790228475945,0.24391114971986214,0.029858476640253484,0.2883979645099793,0.42427891608993507,0.3852491953585573,0.37757943807950617,0.26450720033685593,0.3636149419072443,0.5941749326796704,0.4620692378285408,0.4074981958960501,-0.02782863851456211,-0.02781208092731254,0
2016-05-13,2060.738,2083.15,93.31226000000001,94.09902,28.433999999999997,30.46,45.16,46.734,68.642,69.384,19.782,20.862000000000002,50.354,52.513999999999996,2.0892,2.0692,198.4647210697391,207.01124635917682,127.121035066965,143.3717169830418,24.83792482131798,25.64452554231982,73.27196426391602,85.50631332397461,104.49168701171875,86.95301284790038,0.05715767796091962,0.08238790228475945,0.19142435446981687,0.029858476640253484,0.27971304949440406,0.42427891608993507,0.11054818998680742,0.37757943807950617,0.3586675015118996,0.3636149419072443,0.4379688392897044,0.4620692378285408,-0.03050637485344686,-0.02782863851456211,1
2016-05-20,2063.652,2060.738,94.20956,93.31226000000001,29.427999999999997,28.433999999999997,46.532,45.16,69.42999999999999,68.642,18.802,19.782,49.602,50.354,2.136,2.0892,198.4647210697391,198.4647210697391,127.121035066965,127.121035066965,24.83792482131798,24.83792482131798,99.74837188720703,73.27196426391602,91.77747268676758,104.49168701171875,-0.021335030558145,0.05715767796091962,0.05298577794373651,0.19142435446981687,0.74103133119049,0.27971304949440406,0.05388380765856824,0.11054818998680742,0.31331795070647345,0.3586675015118996,0.20929594177589578,0.4379688392897044,-0.15525196682412282,-0.03050637485344686,0
2016-05-27,2050.772,2063.652,94.98751999999999,94.20956,29.468,29.427999999999997,48.942,46.532,70.708,69.42999999999999,18.692,18.802,49.14,49.602,2.0358,2.136,198.4647210697391,198.4647210697391,127.121035066965,127.121035066965,24.83792482131798,24.83792482131798,91.70958557128907,99.74837188720703,84.74396057128907,91.77747268676758,0.07312441847287314,-0.021335030558145,-0.18228519434582724,0.05298577794373651,0.2729069034959889,0.74103133119049,0.08308863633613153,0.05388380765856824,0.23630840044940254,0.31331795070647345,0.148866705347862,0.20929594177589578,-0.14763422214229244,-0.15525196682412282,1
2016-06-03,2080.7599999999998,2050.772,95.43002,94.98751999999999,29.881999999999998,29.468,49.122,48.942,71.20599999999999,70.708,19.369999999999997,18.692,50.554,49.14,2.0318,2.0358,198.4647210697391,198.4647210697391,127.121035066965,127.121035066965,24.83792482131798,24.83792482131798,90.34870376586916,91.70958557128907,91.3726921081543,84.74396057128907,0.043521345924210184,0.07312441847287314,-0.07288748897007805,-0.18228519434582724,0.21831468779714486,0.2729069034959889,0.06686456688268971,0.08308863633613153,0.1707987978807572,0.23630840044940254,0.004933721518327117,0.148866705347862,-0.23037412974993715,-0.14763422214229244,1
2016-06-10,2100.17,2080.7599999999998,95.184825,95.43002,32.79,29.881999999999998,49.7725,49.122,73.68,71.20599999999999,19.4125,19.369999999999997,51.215,50.554,2.368,2.0318,374.574307056705,198.4647210697391,205.27613467064415,127.121035066965,25.217285983849568,24.83792482131798,102.31206703186035,90.34870376586916,140.15509223937988,91.3726921081543,0.18410729884260243,0.043521345924210184,-0.18044408572290827,-0.07288748897007805,0.20332660808394282,0.21831468779714486,-0.07250390171029879,0.06686456688268971,0.1902113631111357,0.1707987978807572,-0.18701760419820898,0.004933721518327117,-0.32298283877526474,-0.23037412974993715,0
2016-06-17,2110.442,2100.17,94.03568,95.184825,33.536,32.79,51.398,49.7725,77.55199999999999,73.68,19.598,19.4125,51.910000000000004,51.215,2.5162,2.368,433.2775023856936,374.574307056705,231.32783453853716,205.27613467064415,25.34373970469343,25.217285983849568,77.21303176879883,102.31206703186035,81.05857467651367,140.15509223937988,0.1992197167536213,0.18410729884260243,-0.07251610344015401,-0.18044408572290827,0.08506747433319606,0.20332660808394282,-0.24404274018247324,-0.07250390171029879,0.15998056887042952,0.1902113631111357,-0.26516482993789253,-0.18701760419820898,-0.3663067751350302,-0.32298283877526474,0
2016-06-24,2075.018,2110.442,94.54226,94.03568,33.565999999999995,33.536,49.102,51.398,77.85,77.55199999999999,18.71,19.598,49.308,51.910000000000004,2.5974,2.5162,433.2775023856936,433.2775023856936,231.32783453853716,231.32783453853716,25.34373970469343,25.34373970469343,68.02182998657227,77.21303176879883,139.25634765625,81.05857467651367,0.062043318551854874,0.1992197167536213,-0.27796221855736347,-0.07251610344015401,-0.011861354557179618,0.08506747433319606,-0.33969943713606005,-0.24404274018247324,-0.05884237335228924,0.15998056887042952,-0.29001491984678296,-0.26516482993789253,-0.5113816746785698,-0.3663067751350302,0
2016-07-01,2081.666,2075.018,93.95896,94.54226,34.194,33.565999999999995,50.094,49.102,74.704,77.85,18.752,18.71,49.839999999999996,49.308,2.7104,2.5974,433.2775023856936,433.2775023856936,231.32783453853716,231.32783453853716,25.34373970469343,25.34373970469343,106.12819366455078,68.02182998657227,85.92752075195312,139.25634765625,-0.02427645464726686,0.062043318551854874,-0.2776793759388838,-0.27796221855736347,0.006537635739605824,-0.011861354557179618,-0.32675204571034033,-0.33969943713606005,0.20347568260973553,-0.05884237335228924,-0.3480698281455711,-0.29001491984678296,-0.2634290474109237,-0.5113816746785698,0
2016-07-08,2061.8419999999996,2081.666,95.94336,93.95896,34.176,34.194,49.275999999999996,50.094,74.63399999999999,74.704,18.45,18.752,48.739999999999995,49.839999999999996,2.8814,2.7104,431.49743718133595,433.2775023856936,226.00546822873372,231.32783453853716,26.158253277654445,25.34373970469343,112.26648101806643,106.12819366455078,125.13003463745117,85.92752075195312,0.12759688217238113,-0.02427645464726686,-0.3960487776801171,-0.2776793759388838,-0.028770340677000177,0.006537635739605824,-0.2276192740709572,-0.32675204571034033,-0.27674144755750457,0.20347568260973553,-0.46520219548077757,-0.3480698281455711,-0.3578003421943595,-0.2634290474109237,1
2016-07-15,2104.02,2061.8419999999996,96.217625,95.94336,35.1025,34.176,47.48,49.275999999999996,72.1425,74.63399999999999,18.9875,18.45,49.2125,48.739999999999995,2.782,2.8814,424.3771763639056,431.49743718133595,204.7160029895198,226.00546822873372,29.41630756949849,26.158253277654445,114.95585632324217,112.26648101806643,135.27046585083008,125.13003463745117,0.13334831704384276,0.12759688217238113,-0.5376886576661408,-0.3960487776801171,-0.09463295151934747,-0.028770340677000177,-0.5373754126260841,-0.2276192740709572,-0.5675481439889294,-0.27674144755750457,-0.599832219324884,-0.46520219548077757,-0.3137954562747477,-0.3578003421943595,0
2016-07-22,2153.444,2104.02,96.43769999999999,96.217625,34.266,35.1025,47.19199999999999,47.48,71.976,72.1425,19.630000000000003,18.9875,51.142,49.2125,2.7312,2.782,424.3771763639056,424.3771763639056,204.7160029895198,204.7160029895198,29.416307569498493,29.41630756949849,87.03445510864258,114.95585632324217,108.0017921447754,135.27046585083008,0.22549805918411198,0.13334831704384276,-0.5668873268028902,-0.5376886576661408,-0.016861371325345174,-0.09463295151934747,-0.50936395649346,-0.5373754126260841,-0.4692307230965541,-0.5675481439889294,-0.6255722149809854,-0.599832219324884,-0.298484858784129,-0.3137954562747477,0
2016-07-29,2168.778,2153.444,97.00558,96.43769999999999,35.076,34.266,46.536,47.19199999999999,70.564,71.976,19.78,19.630000000000003,51.586,51.142,2.7154,2.7312,424.3771763639056,424.3771763639056,204.7160029895198,204.7160029895198,29.416307569498493,29.416307569498493,143.52503662109373,87.03445510864258,158.71094360351563,108.0017921447754,0.077544051236512,0.22549805918411198,-0.40889296137344716,-0.5668873268028902,-0.1275658746115947,-0.016861371325345174,-0.35617985899132454,-0.50936395649346,-0.3139605436264349,-0.4692307230965541,-0.5603644928341347,-0.6255722149809854,-0.4664662068670201,-0.298484858784129,1
2016-08-05,2169.58,2168.778,96.68978,97.00558,36.504,35.076,43.644,46.536,69.386,70.564,19.8,19.78,51.984,51.586,2.7760000000000002,2.7154,424.3771763639056,424.3771763639056,204.7160029895198,204.7160029895198,29.416307569498493,29.416307569498493,62.37959251403809,143.52503662109373,141.68795471191407,158.71094360351563,0.2244820968496044,0.077544051236512,-0.3017399180880478,-0.40889296137344716,-0.18023006573730888,-0.1275658746115947,-0.32301395193524235,-0.35617985899132454,-0.4221073691841612,-0.3139605436264349,-0.5371335991841109,-0.5603644928341347,-0.43066797531349443,-0.4664662068670201,1
2016-08-12,2167.7560000000003,2169.58,95.69732,96.68978,35.053999999999995,36.504,43.12,43.644,69.18199999999999,69.386,19.637999999999998,19.8,52.05800000000001,51.984,2.7898,2.7760000000000002,213.36658967518252,424.3771763639056,135.6176606251846,204.7160029895198,29.14597775016018,29.416307569498493,104.40580902099609,62.37959251403809,142.51484069824218,141.68795471191407,0.0725305014974293,0.2244820968496044,-0.3837898805686368,-0.3017399180880478,-0.09611026366063115,-0.18023006573730888,-0.16259773437997357,-0.32301395193524235,-0.47601105955081335,-0.4221073691841612,-0.4725649002222216,-0.5371335991841109,-0.517204534480662,-0.43066797531349443,0
2016-08-19,2181.5919999999996,2167.7560000000003,95.9463,95.69732,32.894,35.053999999999995,45.486000000000004,43.12,70.76599999999999,69.18199999999999,19.54,19.637999999999998,52.35,52.05800000000001,2.6122,2.7898,213.36658967518252,213.36658967518252,135.6176606251846,135.6176606251846,29.14597775016018,29.14597775016018,114.35940856933594,104.40580902099609,126.55659942626953,142.51484069824218,0.22672407120187907,0.0725305014974293,-0.48970481650354614,-0.3837898805686368,-0.20420305766027297,-0.09611026366063115,-0.3985993207309925,-0.16259773437997357,-0.3482081139138013,-0.47601105955081335,-0.5403394406950202,-0.4725649002222216,-0.6586740433546027,-0.517204534480662,1
2016-08-26,2184.282,2181.5919999999996,94.76468,95.9463,30.342000000000002,32.894,49.839999999999996,45.486000000000004,72.03,70.76599999999999,19.424,19.54,52.774,52.35,2.6168,2.6122,213.36658967518252,213.36658967518252,135.6176606251846,135.6176606251846,29.14597775016018,29.14597775016018,74.71768493652343,114.35940856933594,105.45865020751953,126.55659942626953,-0.03976885816914358,0.22672407120187907,-0.5272587855090322,-0.48970481650354614,-0.1079870667290718,-0.20420305766027297,-0.6034655474343493,-0.3985993207309925,-0.2695267512692422,-0.3482081139138013,-0.5245011065578005,-0.5403394406950202,-0.5261133150710396,-0.6586740433546027,0
2016-09-02,2177.298,2184.282,94.80681999999999,94.76468,29.404000000000003,30.342000000000002,49.552,49.839999999999996,72.394,72.03,19.27,19.424,53.436,52.774,2.7906,2.6168,213.36658967518252,213.36658967518252,135.6176606251846,135.6176606251846,29.14597775016018,29.14597775016018,80.80624084472655,74.71768493652343,148.7879211425781,105.45865020751953,0.33284530465176243,-0.03976885816914358,-0.36601377042856054,-0.5272587855090322,-0.12604183498881646,-0.1079870667290718,-0.3527098912578272,-0.6034655474343493,-0.06005474651463836,-0.2695267512692422,-0.5834800222771586,-0.5245011065578005,-0.3426915660580515,-0.5261133150710396,0
2016-09-09,2175.6580000000004,2177.298,95.8295,94.80681999999999,30.951999999999998,29.404000000000003,47.39,49.552,70.442,72.394,19.314,19.27,52.855999999999995,53.436,2.8302,2.7906,221.09915410030163,213.36658967518252,136.07381457964397,135.6176606251846,28.884631849855417,29.14597775016018,64.53539276123047,80.80624084472655,124.78131408691407,148.7879211425781,0.1816687774835133,0.33284530465176243,-0.315429997403357,-0.36601377042856054,-0.23689979271340428,-0.12604183498881646,-0.2481300886178464,-0.3527098912578272,-0.43375301254449444,-0.06005474651463836,-0.5663365070474148,-0.5834800222771586,-0.38775501091291076,-0.3426915660580515,1
2016-09-16,2170.4375,2175.6580000000004,95.049375,95.8295,30.6325,30.951999999999998,48.31,47.39,71.41499999999999,70.442,19.375,19.314,53.4125,52.855999999999995,2.749,2.8302,232.6980007379803,221.09915410030163,136.758045511333,136.07381457964397,28.49261299939827,28.884631849855417,90.0514144897461,64.53539276123047,82.38509845733643,124.78131408691407,0.5466815951874611,0.1816687774835133,-0.23950460064656698,-0.315429997403357,-0.09297189333259948,-0.23689979271340428,-0.17879183504189983,-0.2481300886178464,-0.4125423979655685,-0.43375301254449444,-0.35821581739544106,-0.5663365070474148,-0.2470584322954133,-0.38775501091291076,1
2016-09-23,2139.65,2170.4375,95.46474,95.049375,31.562,30.6325,46.726,48.31,71.65599999999999,71.41499999999999,18.472,19.375,52.11,53.4125,2.9175999999999997,2.749,232.6980007379803,232.6980007379803,136.758045511333,136.758045511333,28.49261299939827,28.49261299939827,101.94831390380858,90.0514144897461,102.31638336181639,82.38509845733643,0.24833369755263918,0.5466815951874611,-0.024504569904456912,-0.23950460064656698,-0.07577566028196904,-0.09297189333259948,-0.2132942706879512,-0.17879183504189983,-0.2632638061503674,-0.4125423979655685,-0.30296081770940003,-0.35821581739544106,-0.19773381515303842,-0.2470584322954133,1
2016-09-30,2156.774,2139.65,95.64892,95.46474,35.30800000000001,31.562,46.44,46.726,75.09,71.65599999999999,18.71,18.472,52.786,52.11,2.9966,2.9175999999999997,232.6980007379803,232.6980007379803,136.758045511333,136.758045511333,28.49261299939827,28.49261299939827,132.04342346191407,101.94831390380858,218.4300750732422,102.31638336181639,0.4373590937968789,0.24833369755263918,-0.10909065606897154,-0.024504569904456912,0.15786083451879407,-0.07577566028196904,-0.07277980815131899,-0.2132942706879512,-0.2128466055799235,-0.2632638061503674,-0.13928471423292105,-0.30296081770940003,-0.10641943006949273,-0.19773381515303842,1
2016-10-07,2159.3599999999997,2156.774,95.42716,95.64892,37.20399999999999,35.30800000000001,48.062,46.44,75.548,75.09,19.19,18.71,53.242,52.786,2.962,2.9966,232.6980007379803,232.6980007379803,136.758045511333,136.758045511333,28.49261299939827,28.49261299939827,101.85739593505859,132.04342346191407,129.52249755859376,218.4300750732422,0.34685058203144614,0.4373590937968789,-0.028686825899362535,-0.10909065606897154,-0.038288201867123346,0.15786083451879407,0.0439466413436502,-0.07277980815131899,-0.1398987065524989,-0.2128466055799235,-0.0996935687160007,-0.13928471423292105,-0.028689832234080927,-0.10641943006949273,1
2016-10-14,2157.186,2159.3599999999997,96.24062,95.42716,43.89,37.20399999999999,51.612,48.062,76.066,75.548,19.32,19.19,53.532000000000004,53.242,3.034,2.962,241.6306400193423,232.6980007379803,126.8833107595073,136.758045511333,27.41357954774681,28.49261299939827,93.37624778747559,101.85739593505859,100.6983024597168,129.52249755859376,0.8207152967490373,0.34685058203144614,-0.1264219647746186,-0.028686825899362535,0.04449185552996493,-0.038288201867123346,0.19471859176383152,0.0439466413436502,-0.06671574570919994,-0.1398987065524989,0.032570121422217026,-0.0996935687160007,0.00598745487164376,-0.028689832234080927,1
2016-10-21,2143.1375,2157.186,97.68414999999999,96.24062,44.0075,43.89,52.3275,51.612,76.1875,76.066,19.1,19.32,52.245000000000005,53.532000000000004,3.25175,3.034,241.6306400193423,241.6306400193423,126.8833107595073,126.8833107595073,27.41357954774681,27.41357954774681,76.63651466369629,93.37624778747559,133.79289627075195,100.6983024597168,0.4244826045494961,0.8207152967490373,-0.04231612125369723,-0.1264219647746186,0.1654374318415912,0.04449185552996493,0.22272282102212032,0.19471859176383152,-0.3077596638119322,-0.06671574570919994,-0.009503279865264624,0.032570121422217026,-0.044069287167177375,0.00598745487164376,1
2016-10-28,2138.578,2143.1375,98.11544,97.68414999999999,46.852,44.0075,51.806000000000004,52.3275,77.0,76.1875,19.102,19.1,52.510000000000005,52.245000000000005,3.1622,3.25175,241.6306400193423,241.6306400193423,126.8833107595073,126.8833107595073,27.41357954774681,27.41357954774681,104.74667205810547,76.63651466369629,123.84774475097656,133.79289627075195,0.39318505489053623,0.4244826045494961,0.0011889007303564902,-0.04231612125369723,0.07788353452084562,0.1654374318415912,0.3412645694694003,0.22272282102212032,-0.30368828852457336,-0.3077596638119322,0.13338420484626887,-0.009503279865264624,-0.15032673246710376,-0.044069287167177375,1
2016-11-04,2138.674,2138.578,98.66279999999999,98.11544,48.339999999999996,46.852,50.482,51.806000000000004,76.686,77.0,18.824,19.102,51.998000000000005,52.510000000000005,2.841,3.1622,241.6306400193423,241.6306400193423,126.8833107595073,126.8833107595073,27.41357954774681,27.41357954774681,97.05059661865235,104.74667205810547,70.39654312133788,123.84774475097656,0.5127218965497946,0.39318505489053623,-0.005517645967001319,0.0011889007303564902,0.12289438259824034,0.07788353452084562,0.1537303836965253,0.3412645694694003,-0.1291018193729952,-0.30368828852457336,-0.14959571704983302,0.13338420484626887,0.11651104348506366,-0.15032673246710376,0
2016-11-11,2101.93,2138.674,97.50422,98.66279999999999,53.053999999999995,48.339999999999996,47.046,50.482,74.292,76.686,17.972,18.824,50.108000000000004,51.998000000000005,2.8512,2.841,362.5909735073712,241.6306400193423,209.16970407722275,126.8833107595073,29.101420668988787,27.41357954774681,63.066958618164065,97.05059661865235,68.54848175048828,70.39654312133788,0.5497751038112998,0.5127218965497946,0.1784387628804538,-0.005517645967001319,0.05515460163700361,0.12289438259824034,0.21793624061634026,0.1537303836965253,0.2583316143890889,-0.1291018193729952,-0.028368492728590843,-0.14959571704983302,0.12215649947786118,0.11651104348506366,0
2016-11-18,2153.254,2101.93,98.40540000000001,97.50422,50.712,53.053999999999995,45.827999999999996,47.046,74.59,74.292,18.076,17.972,49.694,50.108000000000004,2.678,2.8512,392.8310568793784,362.5909735073712,229.74130240665164,209.16970407722275,29.52338094929928,29.101420668988787,77.30331420898438,63.066958618164065,64.07076492309571,68.54848175048828,0.5225662697785419,0.5497751038112998,-0.13090571170544527,0.1784387628804538,0.0863359955219701,0.05515460163700361,0.3047290818380418,0.21793624061634026,0.06771000840635116,0.2583316143890889,0.02168389557089346,-0.028368492728590843,0.21209968823126596,0.12215649947786118,0
2016-11-25,2178.1099999999997,2153.254,100.57820000000001,98.40540000000001,48.694,50.712,46.272000000000006,45.827999999999996,71.868,74.59,18.35,18.076,49.025999999999996,49.694,2.7536,2.678,392.8310568793784,392.8310568793784,229.74130240665164,229.74130240665164,29.52338094929928,29.52338094929928,97.96827011108398,77.30331420898438,97.55683441162108,64.07076492309571,0.4468978203066881,0.5225662697785419,0.15899814928296627,-0.13090571170544527,0.24857859553931524,0.0863359955219701,0.3778884734645784,0.3047290818380418,0.1956697946043358,0.06771000840635116,0.1173501349958469,0.02168389557089346,0.0469896303099182,0.21209968823126596,0
2016-12-02,2204.7974999999997,2178.1099999999997,101.269225,100.57820000000001,47.302499999999995,48.694,48.5525,46.272000000000006,71.72999999999999,71.868,18.475,18.35,49.7425,49.025999999999996,3.01075,2.7536,392.8310568793784,392.8310568793784,229.7413024066516,229.74130240665164,29.52338094929928,29.52338094929928,92.55903625488281,97.96827011108398,90.57272338867188,97.55683441162108,0.30539850176749994,0.4468978203066881,-0.1443846195673134,0.15899814928296627,-0.02802330842546434,0.24857859553931524,0.04960854192078301,0.3778884734645784,0.13687581534383478,0.1956697946043358,-0.2760659138083721,0.1173501349958469,-0.059050555473299945,0.0469896303099182,0
2016-12-09,2197.644,2204.7974999999997,101.07034,101.269225,48.438,47.302499999999995,50.698,48.5525,71.02799999999999,71.72999999999999,18.244,18.475,50.001999999999995,49.7425,3.368,3.01075,351.0700214307907,392.8310568793784,212.24919807222494,229.7413024066516,29.979864629192377,29.52338094929928,99.19826431274414,92.55903625488281,136.73806915283203,90.57272338867188,0.8651877206902586,0.30539850176749994,0.2951542853187639,-0.1443846195673134,0.3112477463655421,-0.02802330842546434,0.4908916175708772,0.04960854192078301,0.25751183389848464,0.13687581534383478,0.06486507316273701,-0.2760659138083721,0.0245546784271105,-0.059050555473299945,1
2016-12-16,2232.802,2197.644,100.70302000000001,101.07034,43.824,48.438,54.017999999999994,50.698,71.292,71.02799999999999,18.834,18.244,50.541999999999994,50.001999999999995,3.6666,3.368,288.428468257909,351.0700214307907,186.011041570585,212.24919807222494,30.664590149032016,29.979864629192377,72.46701583862304,99.19826431274414,82.30836715698243,136.73806915283203,0.8197129078779912,0.8651877206902586,0.15017421672489123,0.2951542853187639,0.6239089643218232,0.3112477463655421,0.42577125564937246,0.4908916175708772,0.27077054430529857,0.25751183389848464,0.21277831241926384,0.06486507316273701,0.07854067710212512,0.0245546784271105,1
2016-12-23,2260.4120000000003,2232.802,102.0033,100.70302000000001,45.226,43.824,54.908,54.017999999999994,69.748,71.292,18.666,18.834,50.616,50.541999999999994,3.474,3.6666,288.428468257909,288.428468257909,186.011041570585,186.011041570585,30.664590149032016,30.664590149032016,106.14687957763672,72.46701583862304,114.5279327392578,82.30836715698243,0.6153712124958783,0.8197129078779912,0.11485647197392605,0.15017421672489123,0.3747752428489582,0.6239089643218232,0.33359710397875786,0.42577125564937246,0.2405881591706033,0.27077054430529857,0.23798415373400067,0.21277831241926384,-0.05548333770421724,0.07854067710212512,1
2016-12-30,2264.6440000000002,2260.4120000000003,103.10802000000001,102.0033,47.068,45.226,54.988,54.908,68.002,69.748,18.838,18.666,50.102,50.616,3.4793999999999996,3.474,288.428468257909,288.428468257909,186.011041570585,186.011041570585,30.664590149032016,30.664590149032016,112.03114166259768,106.14687957763672,184.72438049316406,114.5279327392578,0.23130069426845426,0.6153712124958783,-0.4707957753783786,0.11485647197392605,-0.1866013579499025,0.3747752428489582,-0.3953738119121527,0.33359710397875786,-0.19265660378705377,0.2405881591706033,-0.1480993492899749,0.23798415373400067,-0.20421420560275294,-0.05548333770421724,0
2017-01-06,2251.7225,2264.6440000000002,102.833425,103.10802000000001,51.095,47.068,56.3175,54.988,69.4375,68.002,18.6575,18.838,50.54,50.102,3.80425,3.4793999999999996,288.428468257909,288.428468257909,186.011041570585,186.011041570585,30.66459014903202,30.664590149032016,127.75545310974124,112.03114166259768,145.48594284057617,184.72438049316406,0.06546755215993838,0.23130069426845426,-0.6003724374976682,-0.4707957753783786,-0.6246737886315517,-0.1866013579499025,-0.6993209415431467,-0.3953738119121527,-0.33402392479921017,-0.19265660378705377,-0.18332927879459832,-0.1480993492899749,-0.3475920799280092,-0.20421420560275294,0
2017-01-13,2268.64,2251.7225,102.344775,102.833425,50.1475,51.095,56.480000000000004,56.3175,72.7225,69.4375,18.805,18.6575,51.485,50.54,3.2880000000000003,3.80425,320.0237906961496,288.428468257909,249.2959533974032,186.011041570585,30.71960251573521,30.66459014903202,118.86903572082518,127.75545310974124,84.75603199005127,145.48594284057617,0.41949570438516004,0.06546755215993838,-0.28577619686960526,-0.6003724374976682,-0.06464545446489506,-0.6246737886315517,0.0122173510980172,-0.6993209415431467,0.40066023427476205,-0.33402392479921017,-0.18183156967022923,-0.18332927879459832,0.027879060624697374,-0.3475920799280092,0
2017-01-20,2271.6400000000003,2268.64,101.67342,102.344775,54.684000000000005,50.1475,55.028,56.480000000000004,72.738,72.7225,18.86,18.805,51.946000000000005,51.485,3.282,3.2880000000000003,320.0237906961496,320.0237906961496,249.29595339740317,249.2959533974032,30.71960251573521,30.71960251573521,127.44484252929688,118.86903572082518,125.5382095336914,84.75603199005127,0.4002353826268439,0.41949570438516004,-0.14657095521564778,-0.28577619686960526,0.061486643684935505,-0.06464545446489506,0.07828991403263375,0.0122173510980172,0.9119434446626251,0.40066023427476205,-0.18479303830251695,-0.18183156967022923,0.23781065392565157,0.027879060624697374,0
2017-01-27,2268.6949999999997,2271.6400000000003,100.882225,101.67342,53.7825,54.684000000000005,54.76,55.028,73.0575,72.738,18.8925,18.86,52.129999999999995,51.946000000000005,3.3215,3.282,320.0237906961496,320.0237906961496,249.2959533974032,249.29595339740317,30.71960251573521,30.71960251573521,122.74969291687012,127.44484252929688,106.8151683807373,125.5382095336914,0.2623772591428898,0.4002353826268439,-0.016386060898409372,-0.14657095521564778,0.07434945864558763,0.061486643684935505,0.16069720278518496,0.07828991403263375,0.5436348573184326,0.9119434446626251,0.42636676143882446,-0.18479303830251695,0.23089234039089296,0.23781065392565157,1
2017-02-03,2287.002,2268.6949999999997,100.2449,100.882225,53.705999999999996,53.7825,55.501999999999995,54.76,72.59,73.0575,19.06,18.8925,53.010000000000005,52.129999999999995,3.3253999999999997,3.3215,320.0237906961496,320.0237906961496,249.29595339740317,249.2959533974032,30.71960251573521,30.71960251573521,97.88721618652343,122.74969291687012,116.193017578125,106.8151683807373,0.28480612804169014,0.2623772591428898,-0.21273545344989211,-0.016386060898409372,0.5058080328221463,0.07434945864558763,0.20388121136395387,0.16069720278518496,0.3747393841270542,0.5436348573184326,0.06559514659508964,0.42636676143882446,0.15278890435265038,0.23089234039089296,0
2017-02-10,2283.518,2287.002,99.86323999999999,100.2449,56.886,53.705999999999996,56.220000000000006,55.501999999999995,72.572,72.59,18.794,19.06,52.988,53.010000000000005,3.1534,3.3253999999999997,270.25005152653387,320.0237906961496,211.91524163390037,249.29595339740317,31.349380334926877,30.71960251573521,169.13031616210938,97.88721618652343,169.91407165527343,116.193017578125,0.4245077666953108,0.28480612804169014,0.06525093007045324,-0.21273545344989211,0.13871633725378377,0.5058080328221463,0.22776152183680187,0.20388121136395387,0.22576312708171278,0.3747393841270542,0.03629898329588468,0.06559514659508964,0.24291945550682006,0.15278890435265038,0
2017-02-17,2300.8559999999998,2283.518,100.36608,99.86323999999999,54.73,56.886,55.644000000000005,56.220000000000006,73.36,72.572,18.904,18.794,53.358000000000004,52.988,3.0962,3.1534,237.06755874679,270.25005152653387,186.9947671248985,211.91524163390037,31.76923221438799,31.349380334926877,133.9306610107422,169.13031616210938,127.8588096618652,169.91407165527343,0.19363976238118594,0.4245077666953108,0.16439922396129994,0.06525093007045324,0.21668223334801087,0.13871633725378377,0.1144830909596574,0.22776152183680187,0.7571429175036901,0.22576312708171278,-0.0427926820996274,0.03629898329588468,0.11852120573077159,0.24291945550682006,1
2017-02-24,2342.692,2300.8559999999998,100.9364,100.36608,49.274,54.73,55.754,55.644000000000005,72.646,73.36,19.56,18.904,54.55800000000001,53.358000000000004,2.8924,3.0962,237.06755874679,237.06755874679,186.9947671248985,186.9947671248985,31.76923221438799,31.76923221438799,166.61207275390623,133.9306610107422,81.63843383789063,127.8588096618652,0.20640064184668105,0.19363976238118594,-0.11261445759593966,0.16439922396129994,0.2775438907305577,0.21668223334801087,0.24764024901257015,0.1144830909596574,0.4414905789779702,0.7571429175036901,-0.01641163638326023,-0.0427926820996274,0.1291608089192357,0.11852120573077159,1
2017-03-03,2364.8375,2342.692,101.219675,100.9364,46.5325,49.274,56.2675,55.754,71.8175,72.646,20.0875,19.56,54.9075,54.55800000000001,2.6,2.8924,237.06755874679,237.06755874679,186.9947671248985,186.9947671248985,31.76923221438799,31.76923221438799,95.22124862670898,166.61207275390623,85.95197677612303,81.63843383789063,0.3962155018973684,0.20640064184668105,0.29122043388852514,-0.11261445759593966,0.26157213339022695,0.2775438907305577,0.5376837408326309,0.24764024901257015,0.47559453235749455,0.4414905789779702,-0.04434870611393426,-0.01641163638326023,0.271619805770871,0.1291608089192357,0
2017-03-10,2378.8779999999997,2364.8375,101.54614000000001,101.219675,43.802,46.5325,55.772000000000006,56.2675,70.808,71.8175,19.848000000000003,20.0875,54.24400000000001,54.9075,2.7794,2.6,255.06863383433182,237.06755874679,218.18219964095746,186.9947671248985,32.00553392715438,31.76923221438799,87.40835494995117,95.22124862670898,97.00442657470703,85.95197677612303,0.31954723086072173,0.3962155018973684,0.630990670769318,0.29122043388852514,0.4279863020053707,0.26157213339022695,0.40526857543626316,0.5376837408326309,0.2522500657578079,0.47559453235749455,-0.07120126446546976,-0.04434870611393426,0.38612965904620367,0.271619805770871,0
2017-03-17,2368.83,2378.8779999999997,101.7953,101.54614000000001,42.538,43.802,53.720000000000006,55.772000000000006,68.69800000000001,70.808,19.47,19.848000000000003,53.462,54.24400000000001,2.9216,2.7794,267.0693505593597,255.06863383433182,238.9738213183301,218.18219964095746,32.16306840233197,32.00553392715438,124.93856506347656,87.40835494995117,97.73294525146487,97.00442657470703,0.326863256484073,0.31954723086072173,0.20630349026984235,0.630990670769318,0.4632294266150997,0.4279863020053707,0.4481662928885018,0.40526857543626316,0.48295400951295225,0.2522500657578079,-0.020924834148767002,-0.07120126446546976,0.21059890486043406,0.38612965904620367,0
2017-03-24,2376.7619999999997,2368.83,100.85810000000001,101.7953,41.668,42.538,51.516,53.720000000000006,67.272,68.69800000000001,19.656,19.47,54.144000000000005,53.462,2.9624,2.9216,267.0693505593597,267.0693505593597,238.9738213183301,238.9738213183301,32.16306840233197,32.16306840233197,82.73826141357422,124.93856506347656,77.65601501464843,97.73294525146487,0.5303677215989242,0.326863256484073,0.17473381767217927,0.20630349026984235,0.5352003232115583,0.4632294266150997,0.33695361920201566,0.4481662928885018,0.37493096948152305,0.48295400951295225,-0.021477592770631958,-0.020924834148767002,0.2521079552552404,0.21059890486043406,0
2017-03-31,2351.176,2376.7619999999997,99.86008000000001,100.85810000000001,40.068,41.668,50.916,51.516,66.076,67.272,19.380000000000003,19.656,53.86800000000001,54.144000000000005,3.0544000000000002,2.9624,267.0693505593597,267.0693505593597,238.9738213183301,238.9738213183301,32.16306840233197,32.16306840233197,121.73196258544922,82.73826141357422,144.4023422241211,77.65601501464843,0.4673274992806796,0.5303677215989242,0.15364346343552698,0.17473381767217927,0.18042587280942002,0.5352003232115583,0.327469100020245,0.33695361920201566,0.27597517609350875,0.37493096948152305,-0.03421270175717376,-0.021477592770631958,0.24827956500475726,0.2521079552552404,1
2017-04-07,2358.4139999999998,2351.176,99.9997,99.86008000000001,39.47,40.068,52.05800000000001,50.916,65.17,66.076,19.784,19.380000000000003,54.914,53.86800000000001,3.1408,3.0544000000000002,267.0693505593597,267.0693505593597,238.9738213183301,238.9738213183301,32.16306840233197,32.16306840233197,92.59588165283203,121.73196258544922,103.05530548095706,144.4023422241211,0.4921769310672871,0.4673274992806796,0.4856505981746996,0.15364346343552698,0.43198738740325837,0.18042587280942002,0.29589671733095696,0.327469100020245,0.40447473919628535,0.27597517609350875,-0.002844764721804005,-0.03421270175717376,0.2971101859130528,0.24827956500475726,1
2017-04-14,2356.996,2358.4139999999998,100.69596,99.9997,40.25,39.47,54.355999999999995,52.05800000000001,63.879999999999995,65.17,19.913999999999998,19.784,55.198,54.914,3.2558,3.1408,249.2189041390772,267.0693505593597,178.1244413483226,238.9738213183301,30.81664573203263,32.16306840233197,127.27689819335937,92.59588165283203,113.84817504882812,103.05530548095706,0.3535709833920329,0.4921769310672871,0.025585275483687296,0.4856505981746996,0.5543178374068122,0.43198738740325837,0.28119628975424715,0.29589671733095696,0.42616515603022964,0.40447473919628535,0.04997029129439018,-0.002844764721804005,0.24982667740614456,0.2971101859130528,0
2017-04-21,2346.205,2356.996,100.62180000000001,100.69596,38.457499999999996,40.25,55.989999999999995,54.355999999999995,64.525,63.879999999999995,20.4225,19.913999999999998,55.7025,55.198,3.2005,3.2558,249.2189041390772,249.2189041390772,178.1244413483226,178.1244413483226,30.81664573203263,30.81664573203263,143.57058906555176,127.27689819335937,157.84099006652832,113.84817504882812,0.46830691877288055,0.3535709833920329,0.20587763157349204,0.025585275483687296,0.36679991233925147,0.5543178374068122,0.4242365584391916,0.28119628975424715,0.28256598143743883,0.42616515603022964,0.25097673598992787,0.04997029129439018,0.1894801662458615,0.24982667740614456,0
2017-04-28,2346.2225,2346.205,99.71905000000001,100.62180000000001,39.305,38.457499999999996,53.1925,55.989999999999995,63.872499999999995,64.525,20.2725,20.4225,55.7475,55.7025,3.1475,3.2005,249.2189041390772,249.2189041390772,178.1244413483226,178.1244413483226,30.81664573203263,30.81664573203263,186.81875610351562,143.57058906555176,89.02233409881592,157.84099006652832,0.23870348079999226,0.46830691877288055,-0.1509299154498456,0.20587763157349204,0.10720594156596108,0.36679991233925147,0.3551150154916145,0.4242365584391916,0.22795024913943032,0.28256598143743883,0.11975407670486453,0.25097673598992787,0.3069585550833481,0.1894801662458615,0
2017-05-05,2384.636,2346.2225,99.00832,99.71905000000001,39.1,39.305,51.738,53.1925,62.955999999999996,63.872499999999995,20.919999999999998,20.2725,57.172000000000004,55.7475,3.1532,3.1475,249.2189041390772,249.2189041390772,178.1244413483226,178.1244413483226,30.81664573203263,30.81664573203263,111.74109497070314,186.81875610351562,90.43861694335939,89.02233409881592,0.3270892732001666,0.23870348079999226,0.2669767770916319,-0.1509299154498456,0.3347444501172519,0.10720594156596108,0.5323411764788266,0.3551150154916145,0.28673645565775396,0.22795024913943032,0.4028155261910896,0.11975407670486453,0.3899900467479742,0.3069585550833481,0
2017-05-12,2392.0275,2384.636,98.83885000000001,99.00832,38.474999999999994,39.1,49.682500000000005,51.738,62.995,62.955999999999996,20.625,20.919999999999998,57.6375,57.172000000000004,3.21875,3.1532,197.5896812325032,249.2189041390772,145.4253620033926,178.1244413483226,30.86813346875516,30.81664573203263,114.794020652771,111.74109497070314,76.72968292236328,90.43861694335939,0.589614225277403,0.3270892732001666,0.11693507324500232,0.2669767770916319,0.2211318158962604,0.3347444501172519,0.4289738036026581,0.5323411764788266,0.22689509422961257,0.28673645565775396,0.4448814654661138,0.4028155261910896,0.21531916957485012,0.3899900467479742,1
2017-05-19,2396.254,2392.0275,99.43786,98.83885000000001,36.046,38.474999999999994,49.980000000000004,49.682500000000005,62.74399999999999,62.995,20.808,20.625,58.4,57.6375,3.2982,3.21875,197.5896812325032,197.5896812325032,145.4253620033926,145.4253620033926,30.86813346875516,30.86813346875516,93.827392578125,114.794020652771,79.54866409301758,76.72968292236328,0.2644274526086045,0.589614225277403,0.057171504154722996,0.11693507324500232,0.3243048002562688,0.2211318158962604,0.47762581195876674,0.4289738036026581,0.2746345889190897,0.22689509422961257,0.1470796003767314,0.4448814654661138,0.20624561111587864,0.21531916957485012,1
2017-05-26,2381.494,2396.254,97.91356,99.43786,36.928,36.046,52.36,49.980000000000004,63.59400000000001,62.74399999999999,20.32,20.808,58.242000000000004,58.4,3.2418,3.2982,197.5896812325032,197.5896812325032,145.4253620033926,145.4253620033926,30.86813346875516,30.86813346875516,88.4949920654297,93.827392578125,61.87465972900391,79.54866409301758,0.2787271630392866,0.2644274526086045,-0.26662591739146074,0.057171504154722996,-0.04317505072695284,0.3243048002562688,0.1664920522536076,0.47762581195876674,0.11432047745329359,0.2746345889190897,-0.04203573104358628,0.1470796003767314,0.5137458694434833,0.20624561111587864,1
2017-06-02,2405.5440000000003,2381.494,97.20466,97.91356,36.468,36.928,53.117999999999995,52.36,63.062,63.59400000000001,20.65,20.32,58.58200000000001,58.242000000000004,3.3242,3.2418,197.5896812325032,197.5896812325032,145.4253620033926,145.4253620033926,30.86813346875516,30.86813346875516,161.2754669189453,88.4949920654297,171.64286270141602,61.87465972900391,0.3233875147270789,0.2787271630392866,-0.2850909921652606,-0.26662591739146074,-0.04747774097374559,-0.04317505072695284,-0.014797493173540621,0.1664920522536076,-0.022686203966514207,0.11432047745329359,-0.24917538429886585,-0.04203573104358628,-0.05385304761915839,0.5137458694434833,0
2017-06-09,2423.46,2405.5440000000003,97.03555,97.20466,36.8825,36.468,50.682500000000005,53.117999999999995,60.435,63.062,20.825,20.65,58.945,58.58200000000001,3.0945,3.3242,235.98993097734507,197.5896812325032,159.50357584606115,145.4253620033926,30.7154309953542,30.86813346875516,106.3566188812256,161.2754669189453,116.13593101501463,171.64286270141602,0.3052115550704489,0.3233875147270789,0.11369987052056144,-0.2850909921652606,0.2048796088959735,-0.04747774097374559,0.06361428221129634,-0.014797493173540621,0.2337093700016708,-0.022686203966514207,-0.23806146450276627,-0.24917538429886585,-0.036584880320120576,-0.05385304761915839,0
2017-06-16,2432.826,2423.46,96.86688000000001,97.03555,36.538,36.8825,48.732,50.682500000000005,60.739999999999995,60.435,21.03,20.825,59.42999999999999,58.945,3.0574,3.0945,274.3901807221869,235.98993097734507,173.5817896887297,159.50357584606115,30.56272852195324,30.7154309953542,150.2025390625,106.3566188812256,303.18418884277344,116.13593101501463,0.1642723198856233,0.3052115550704489,-0.2372265326873376,0.11369987052056144,0.0619257163020972,0.2048796088959735,0.007523743613079163,0.06361428221129634,0.04182726444107247,0.2337093700016708,-0.08630338701362222,-0.23806146450276627,-0.11269802245897823,-0.036584880320120576,0
2017-06-23,2434.654,2432.826,97.15072,96.86688000000001,35.034,36.538,47.660000000000004,48.732,60.29,60.739999999999995,21.119999999999997,21.03,59.278,59.42999999999999,3.0268,3.0574,274.3901807221869,274.3901807221869,173.5817896887297,173.5817896887297,30.56272852195324,30.56272852195324,117.49258422851562,150.2025390625,105.6364318847656,303.18418884277344,0.1484068199805054,0.1642723198856233,-0.32458105257642494,-0.2372265326873376,-0.030399280313056727,0.0619257163020972,-0.2682555748502927,0.007523743613079163,-0.006340249612732199,0.04182726444107247,-0.5171375832970063,-0.08630338701362222,-0.1709987974475386,-0.11269802245897823,1
2017-06-30,2439.78,2434.654,97.53264,97.15072,35.468,35.034,45.918,47.660000000000004,58.84400000000001,60.29,21.18,21.119999999999997,58.874,59.278,2.9256,3.0268,274.3901807221869,274.3901807221869,173.5817896887297,173.5817896887297,30.56272852195324,30.56272852195324,157.33377380371093,117.49258422851562,197.20475158691406,105.6364318847656,0.5405582187909863,0.1484068199805054,-0.2396604418590686,-0.32458105257642494,0.07105983240956626,-0.030399280313056727,-0.35296473187121685,-0.2682555748502927,0.4860448844478301,-0.006340249612732199,-0.4551612909368174,-0.5171375832970063,-0.2627939215175421,-0.1709987974475386,1
2017-07-07,2428.45,2439.78,96.23194,97.53264,36.944,35.468,47.38,45.918,58.346000000000004,58.84400000000001,21.71,21.18,59.48199999999999,58.874,3.055,2.9256,274.3901807221869,274.3901807221869,173.5817896887297,173.5817896887297,30.56272852195324,30.56272852195324,105.42757415771484,157.33377380371093,104.39535675048828,197.20475158691406,0.12314052657926564,0.5405582187909863,-0.5240397515770556,-0.2396604418590686,-0.15456509548227887,0.07105983240956626,-0.2469766897054094,-0.35296473187121685,-8.51047744090616e-05,0.4860448844478301,-0.46943247169792796,-0.4551612909368174,-0.33852638419898085,-0.2627939215175421,1
2017-07-14,2424.12,2428.45,96.056975,96.23194,36.92,36.944,48.3575,47.38,61.602500000000006,58.346000000000004,21.325,21.71,59.0875,59.48199999999999,2.882,3.055,181.4152257718481,274.3901807221869,167.4666365299838,173.5817896887297,29.50474074949584,30.56272852195324,213.95748901367188,105.42757415771484,80.52650260925293,104.39535675048828,-0.0103822378991666,0.12314052657926564,-0.28075532163097994,-0.5240397515770556,-0.21726987648751017,-0.15456509548227887,-0.20983059395422518,-0.2469766897054094,-0.36370880021012525,-8.51047744090616e-05,-0.411068088088439,-0.46943247169792796,-0.4544416578866184,-0.33852638419898085,0
2017-07-21,2440.662,2424.12,95.69566,96.056975,34.239999999999995,36.92,48.172000000000004,48.3575,61.205999999999996,61.602500000000006,21.619999999999997,21.325,59.784000000000006,59.0875,2.9712,2.882,181.4152257718481,181.4152257718481,167.4666365299838,167.4666365299838,29.50474074949584,29.50474074949584,111.5953384399414,213.95748901367188,64.01620254516601,80.52650260925293,0.22298367584131035,-0.0103822378991666,-0.20103244665074776,-0.28075532163097994,-0.18272646789591449,-0.21726987648751017,-0.23037111066835955,-0.20983059395422518,-0.19594128725621784,-0.36370880021012525,-0.36631465263876406,-0.411068088088439,-0.4962418833344454,-0.4544416578866184,0
2017-07-28,2467.9139999999998,2440.662,94.579,95.69566,35.794,34.239999999999995,49.104,48.172000000000004,61.470000000000006,61.205999999999996,22.52,21.619999999999997,61.205999999999996,59.784000000000006,3.0258,2.9712,181.4152257718481,181.4152257718481,167.4666365299838,167.4666365299838,29.50474074949584,29.50474074949584,123.92745819091799,111.5953384399414,74.42508239746094,64.01620254516601,0.14881554493063914,0.22298367584131035,-0.3510876910216544,-0.20103244665074776,-0.2556217201850902,-0.18272646789591449,-0.3287070708954854,-0.23037111066835955,-0.2985932968775599,-0.19594128725621784,-0.40144820125035724,-0.36631465263876406,-0.38610163716486323,-0.4962418833344454,1
2017-08-04,2474.478,2467.9139999999998,93.76396,94.579,37.658,35.794,50.804,49.104,60.946000000000005,61.470000000000006,22.686,22.52,61.19,61.205999999999996,2.935,3.0258,181.4152257718481,181.4152257718481,167.4666365299838,167.4666365299838,29.50474074949584,29.50474074949584,108.60534973144532,123.92745819091799,82.16531105041504,74.42508239746094,-0.12336930438153267,0.14881554493063914,-0.30828474976441317,-0.3510876910216544,-0.25022885431421593,-0.2556217201850902,-0.006380848919753368,-0.3287070708954854,-0.4314542277943604,-0.2985932968775599,-0.5249550624787311,-0.40144820125035724,-0.4259401918063784,-0.38610163716486323,1
2017-08-11,2474.642,2474.478,93.01604,93.76396,39.078,37.658,52.315999999999995,50.804,60.952,60.946000000000005,22.404,22.686,60.04200000000001,61.19,2.8402000000000003,2.935,156.04996370366715,181.4152257718481,146.75245702584212,167.4666365299838,29.12320906168255,29.50474074949584,185.5792022705078,108.60534973144532,92.6729965209961,82.16531105041504,0.10412107603154094,-0.12336930438153267,-0.30078228679011526,-0.30828474976441317,-0.2653162249460861,-0.25022885431421593,-0.2750282369751987,-0.006380848919753368,-0.20039559010944136,-0.4314542277943604,-0.3225367128765251,-0.5249550624787311,-0.46315003387927434,-0.4259401918063784,1
2017-08-18,2461.876,2474.642,93.41326,93.01604,41.948,39.078,52.196000000000005,52.315999999999995,59.096000000000004,60.952,21.964,22.404,59.513999999999996,60.04200000000001,2.9292,2.8402000000000003,149.7086481866219,156.04996370366715,141.5739121498067,146.75245702584212,29.02782613972923,29.12320906168255,217.89136352539063,185.5792022705078,93.01933288574219,92.6729965209961,0.038266590115505164,0.10412107603154094,0.16938423546043416,-0.30078228679011526,-0.3121905076033274,-0.2653162249460861,-0.23966525378843606,-0.2750282369751987,-0.34591396786550827,-0.20039559010944136,-0.3258409492450225,-0.3225367128765251,-0.23654350225823917,-0.46315003387927434,1
2017-08-25,2450.824,2461.876,93.59206,93.41326,42.910000000000004,41.948,50.904,52.196000000000005,57.476,59.096000000000004,21.64,21.964,58.658,59.513999999999996,2.955,2.9292,149.7086481866219,149.7086481866219,141.5739121498067,141.5739121498067,29.02782613972923,29.02782613972923,175.85416717529296,217.89136352539063,143.61037292480472,93.01933288574219,-0.2013461691970017,0.038266590115505164,-0.31763756650657876,0.16938423546043416,-0.34840526734907096,-0.3121905076033274,-0.27197351416420995,-0.23966525378843606,-0.4449219853772868,-0.34591396786550827,-0.20910177105149583,-0.3258409492450225,-0.4567887867083549,-0.23654350225823917,1
2017-09-01,2441.388,2450.824,93.13104000000001,93.59206,44.410000000000004,42.910000000000004,51.748000000000005,50.904,58.038,57.476,21.363999999999997,21.64,57.513999999999996,58.658,2.9652000000000003,2.955,149.7086481866219,149.7086481866219,141.5739121498067,141.5739121498067,29.02782613972923,29.02782613972923,153.10234375000002,175.85416717529296,160.79042282104493,143.61037292480472,-0.17921795605020446,-0.2013461691970017,-0.32099469813269754,-0.31763756650657876,-0.32274445587860223,-0.34840526734907096,-0.15172042303639927,-0.27197351416420995,-0.47626990511081446,-0.4449219853772868,-0.38770688596370834,-0.20910177105149583,-0.3410275452800985,-0.4567887867083549,1
2017-09-08,2463.0225,2441.388,92.680425,93.13104000000001,45.099999999999994,44.410000000000004,52.01,51.748000000000005,58.2,58.038,21.875,21.363999999999997,58.345,57.513999999999996,3.05875,2.9652000000000003,163.72308784184798,149.7086481866219,146.0715412719864,141.5739121498067,29.071783494349766,29.02782613972923,142.39711952209473,153.10234375000002,92.00768184661865,160.79042282104493,0.1604285262453491,-0.17921795605020446,-0.11977293567072544,-0.32099469813269754,-0.14737152664562453,-0.32274445587860223,-0.28150095684563065,-0.15172042303639927,0.18868593078339274,-0.47626990511081446,-0.2286828121443735,-0.38770688596370834,-0.36978455441897007,-0.3410275452800985,1
2017-09-15,2462.48,2463.0225,91.849625,92.680425,45.4825,45.099999999999994,53.835,52.01,58.95,58.2,22.1,21.875,58.4625,58.345,3.03275,3.05875,205.7664068075262,163.72308784184798,159.5644286385255,146.0715412719864,29.20365555821138,29.071783494349766,211.73227310180664,142.39711952209473,106.0528450012207,92.00768184661865,0.10546709345987867,0.1604285262453491,-0.14341236116275338,-0.11977293567072544,-0.2926733085263718,-0.14737152664562453,-0.11137336962937693,-0.28150095684563065,0.5378516735410349,0.18868593078339274,-0.2671426488531125,-0.2286828121443735,-0.23883196290805891,-0.36978455441897007,0
2017-09-22,2495.7619999999997,2462.48,92.03276,91.849625,45.946000000000005,45.4825,54.65,53.835,58.977999999999994,58.95,22.848,22.1,59.538,58.4625,3.0832,3.03275,205.7664068075262,205.7664068075262,159.5644286385255,159.5644286385255,29.20365555821138,29.20365555821138,122.4651710510254,211.73227310180664,76.18647079467773,106.0528450012207,0.41074210000148537,0.10546709345987867,0.10844066112805484,-0.14341236116275338,-0.19426706706901756,-0.2926733085263718,0.19864672980566767,-0.11137336962937693,-0.13616835489764628,0.5378516735410349,-0.11896258202659009,-0.2671426488531125,-0.2602822831943846,-0.23883196290805891,1
2017-09-29,2504.316,2495.7619999999997,92.13221999999999,92.03276,44.524,45.946000000000005,55.718,54.65,58.408,58.977999999999994,23.44,22.848,60.236000000000004,59.538,3.1094,3.0832,205.7664068075262,205.7664068075262,159.5644286385255,159.5644286385255,29.20365555821138,29.20365555821138,190.36313171386718,122.4651710510254,101.0268020629883,76.18647079467773,0.44644523402897346,0.41074210000148537,0.20834184700202413,0.10844066112805484,-0.2264206643207805,-0.19426706706901756,0.12575798841677027,0.19864672980566767,0.3710982620393128,-0.13616835489764628,-0.17022636168141736,-0.11896258202659009,-0.17751019188571876,-0.2602822831943846,0
2017-10-06,2505.9919999999997,2504.316,93.05496000000001,92.13221999999999,46.446,44.524,57.574,55.718,57.134,58.408,23.29,23.44,59.612,60.236000000000004,3.0827999999999998,3.1094,205.7664068075262,205.7664068075262,159.5644286385255,159.5644286385255,29.20365555821138,29.20365555821138,128.2590103149414,190.36313171386718,101.3169355392456,101.0268020629883,0.22333429534821927,0.44644523402897346,0.1535523671563234,0.20834184700202413,-0.1759950572724909,-0.2264206643207805,0.0669062506241706,0.12575798841677027,0.011541207073815073,0.3710982620393128,0.25504680094217663,-0.17022636168141736,-0.058781057585353604,-0.17751019188571876,1
2017-10-13,2540.568,2505.9919999999997,93.68350000000001,93.05496000000001,49.336,46.446,55.92,57.574,56.976,57.134,23.786,23.29,60.891999999999996,59.612,3.0924,3.0827999999999998,227.2336150414811,205.7664068075262,145.5646143799478,159.5644286385255,28.433908551564127,29.20365555821138,134.09370269775394,128.2590103149414,103.2027389526367,101.3169355392456,0.2900222421910504,0.22333429534821927,-0.08650568988066001,0.1535523671563234,-0.1021871042068578,-0.1759950572724909,0.15788256861422686,0.0669062506241706,-0.272839829520483,0.011541207073815073,-0.06872843391592239,0.25504680094217663,-0.03459442733600691,-0.058781057585353604,1
2017-10-20,2550.942,2540.568,93.23234,93.68350000000001,49.656,49.336,56.552,55.92,57.096000000000004,56.976,23.962,23.786,61.476,60.891999999999996,3.0918,3.0924,227.2336150414811,227.2336150414811,145.5646143799478,145.5646143799478,28.433908551564127,28.433908551564127,109.71813507080078,134.09370269775394,50.376566886901855,103.2027389526367,0.37529844732545936,0.2900222421910504,0.28816183887868674,-0.08650568988066001,0.22360002394326614,-0.1021871042068578,0.4138929065463949,0.15788256861422686,0.10096973394173317,-0.272839829520483,0.2623980907845646,-0.06872843391592239,0.16090980311889122,-0.03459442733600691,0
2017-10-27,2563.114,2550.942,93.41128,93.23234,49.826,49.656,57.766,56.552,56.96,57.096000000000004,24.05,23.962,61.553999999999995,61.476,3.1,3.0918,227.2336150414811,227.2336150414811,145.5646143799478,145.5646143799478,28.433908551564127,28.433908551564127,118.38084716796875,109.71813507080078,105.90897521972656,50.376566886901855,0.20018223331973642,0.37529844732545936,0.020571784505943158,0.28816183887868674,0.27806543656877475,0.22360002394326614,0.30731224774187843,0.4138929065463949,-0.00868240708989538,0.10096973394173317,0.031031864241098373,0.2623980907845646,0.2317790986538002,0.16090980311889122,1
2017-11-03,2566.546,2563.114,94.17988,93.41128,48.288,49.826,58.775999999999996,57.766,57.612,56.96,24.136000000000003,24.05,61.452,61.553999999999995,3.0776,3.1,227.2336150414811,227.2336150414811,145.5646143799478,145.5646143799478,28.433908551564127,28.433908551564127,129.98241119384767,118.38084716796875,62.65348777770996,105.90897521972656,0.401938155081628,0.20018223331973642,0.2145920363083537,0.020571784505943158,0.061366267218443384,0.27806543656877475,0.37825987693181695,0.30731224774187843,-0.06218662994179105,-0.00868240708989538,0.10363139844320354,0.031031864241098373,0.1595543598998125,0.2317790986538002,1
2017-11-10,2579.028,2566.546,94.69912,94.17988,50.386,48.288,61.089999999999996,58.775999999999996,57.98199999999999,57.612,24.622,24.136000000000003,62.217999999999996,61.452,3.0582000000000003,3.0776,228.72146139115148,227.2336150414811,155.3766816978764,145.5646143799478,28.375903073252374,28.433908551564127,79.59391632080079,129.98241119384767,119.81087799072266,62.65348777770996,0.44658119977582034,0.401938155081628,0.1420676982262886,0.2145920363083537,-0.03717890109968641,0.061366267218443384,0.3937850200106041,0.37825987693181695,-0.042024057705467396,-0.06218662994179105,0.09493482951544982,0.10363139844320354,0.23602392111818907,0.1595543598998125,0
2017-11-17,2588.614,2579.028,94.67511999999999,94.69912,53.86,50.386,63.779999999999994,61.089999999999996,58.438,57.98199999999999,25.034,24.622,60.562,62.217999999999996,3.2716000000000003,3.0582000000000003,229.7133589575984,228.72146139115148,161.9180599098288,155.3766816978764,28.33723275437787,28.375903073252374,160.2152099609375,79.59391632080079,96.92823181152343,119.81087799072266,0.6064866995939623,0.44658119977582034,0.1780575105561054,0.1420676982262886,0.18614672101861623,-0.03717890109968641,0.5100024680200057,0.3937850200106041,-0.018114656239369097,-0.042024057705467396,0.23989144039407098,0.09493482951544982,0.17707792571710307,0.23602392111818907,1
2017-11-24,2578.564,2588.614,93.94536000000001,94.67511999999999,53.556,53.86,62.263999999999996,63.779999999999994,58.46,58.438,24.488,25.034,59.27,60.562,3.1976,3.2716000000000003,229.7133589575984,229.7133589575984,161.9180599098288,161.9180599098288,28.33723275437787,28.33723275437787,110.9581527709961,160.2152099609375,71.35311431884766,96.92823181152343,0.6653252080292467,0.6064866995939623,0.28984868120092006,0.1780575105561054,0.4527890657744432,0.18614672101861623,0.6162088620946641,0.5100024680200057,0.08693044185123892,-0.018114656239369097,0.11992337031975701,0.23989144039407098,0.32216189574268383,0.17707792571710307,1
2017-12-01,2595.1675,2578.564,93.510125,93.94536000000001,55.165,53.556,62.9925,62.263999999999996,58.46,58.46,24.9575,24.488,59.3575,59.27,3.05625,3.1976,229.7133589575984,229.7133589575984,161.9180599098288,161.9180599098288,28.33723275437787,28.33723275437787,132.30042171478271,110.9581527709961,75.84727430343628,71.35311431884766,0.4163965050175658,0.6653252080292467,-0.04321728219602995,0.28984868120092006,-0.1805760080870067,0.4527890657744432,0.1508124724424112,0.6162088620946641,-0.22859902951670283,0.08693044185123892,-0.042252655167958814,0.11992337031975701,0.040865763999735745,0.32216189574268383,0
2017-12-08,2628.866,2595.1675,93.07336000000001,93.510125,57.194,55.165,63.572,62.9925,58.146,58.46,24.954,24.9575,59.45399999999999,59.3575,3.0838,3.05625,218.44930040754974,229.7133589575984,159.53795047564435,161.9180599098288,28.322128301640504,28.33723275437787,148.64915161132814,132.30042171478271,68.12546501159669,75.84727430343628,0.4013850101132516,0.4163965050175658,0.3255463207260537,-0.04321728219602995,0.1620386348700595,-0.1805760080870067,0.43198357907392937,0.1508124724424112,0.08308436166274756,-0.22859902951670283,0.27872942751204144,-0.042252655167958814,0.29099286933574503,0.040865763999735745,0
2017-12-15,2637.352,2628.866,93.5241,93.07336000000001,59.218,57.194,62.426,63.572,56.996,58.146,24.446,24.954,58.82000000000001,59.45399999999999,2.8811999999999998,3.0838,173.3930662073552,218.44930040754974,150.0175127389066,159.53795047564435,28.26171049069105,28.322128301640504,108.31805877685545,148.64915161132814,70.640851020813,68.12546501159669,0.42578543033252136,0.4013850101132516,0.3508096081497902,0.3255463207260537,0.19802285160226035,0.1620386348700595,0.6218326749296962,0.43198357907392937,0.2356562575095283,0.08308436166274756,0.3757867019534195,0.27872942751204144,0.3438830956453754,0.29099286933574503,1
2017-12-22,2662.954,2637.352,93.80516,93.5241,62.038,59.218,63.402,62.426,55.45,56.996,25.014,24.446,60.694,58.82000000000001,2.7224,2.8811999999999998,173.3930662073552,173.3930662073552,150.0175127389066,150.0175127389066,28.26171049069105,28.26171049069105,117.79936676025389,108.31805877685545,80.60660629272462,70.640851020813,0.4184836415310957,0.42578543033252136,0.2333182817924689,0.3508096081497902,0.08625569758546878,0.19802285160226035,0.47523396130272155,0.6218326749296962,0.1311111263618867,0.2356562575095283,0.3828700299525698,0.3757867019534195,0.2158502643560875,0.3438830956453754,1
2017-12-29,2683.7580000000003,2662.954,93.41716,93.80516,58.946000000000005,62.038,64.384,63.402,56.42999999999999,55.45,25.36,25.014,61.08,60.694,2.6676,2.7224,173.3930662073552,173.3930662073552,150.0175127389066,150.0175127389066,28.26171049069105,28.26171049069105,107.43123474121096,117.79936676025389,45.64691162109375,80.60660629272462,0.21799326233248112,0.4184836415310957,-0.24833198621683153,0.2333182817924689,0.017426585589193678,0.08625569758546878,-0.21092512122308635,0.47523396130272155,-0.4550285139528848,0.1311111263618867,-0.21358826459359692,0.3828700299525698,-0.0014663401684630983,0.2158502643560875,0
2018-01-05,2681.2566666666667,2683.7580000000003,92.65946666666667,93.41716,55.906666666666666,58.946000000000005,66.67666666666666,64.384,57.583333333333336,56.42999999999999,25.439999999999998,25.36,60.98333333333333,61.08,2.8386666666666667,2.6676,173.3930662073552,173.3930662073552,150.0175127389066,150.0175127389066,28.261710490691048,28.26171049069105,111.57232666015625,107.43123474121096,116.2964553833008,45.64691162109375,0.2442125641053213,0.21799326233248112,-0.7603024056545183,-0.24833198621683153,-0.5538967333915904,0.017426585589193678,-0.7354959745907231,-0.21092512122308635,0.20876761512864572,-0.4550285139528848,-0.5140389241659726,-0.21358826459359692,-0.39875904767253195,-0.0014663401684630983,0
2018-01-12,2719.0025,2681.2566666666667,91.982075,92.65946666666667,54.2725,55.906666666666666,67.525,66.67666666666666,58.235,57.583333333333336,25.7375,25.439999999999998,62.025,60.98333333333333,2.8655,2.8386666666666667,196.4360437076948,173.3930662073552,180.3097798373086,150.0175127389066,27.67533130345059,28.261710490691048,176.20356559753418,111.57232666015625,101.92909049987793,116.2964553833008,0.06263333503883928,0.2442125641053213,-0.4277127413467923,-0.7603024056545183,0.44021758222750923,-0.5538967333915904,-0.027165032877510598,-0.7354959745907231,0.9714656877028154,0.20876761512864572,-0.3606950544852846,-0.5140389241659726,-0.4316906712190593,-0.39875904767253195,1
2018-01-19,2760.2059999999997,2719.0025,91.99965999999999,91.982075,54.522000000000006,54.2725,68.986,67.525,56.702,58.235,25.806,25.7375,63.072,62.025,2.8728,2.8655,196.4360437076948,196.4360437076948,180.3097798373086,180.3097798373086,27.675331303450594,27.67533130345059,114.41194763183594,176.20356559753418,75.53428726196289,101.92909049987793,0.425303216220264,0.06263333503883928,-0.20511040172465508,-0.4277127413467923,0.48644077241076256,0.44021758222750923,0.17736333918111702,-0.027165032877510598,0.6539781292735778,0.9714656877028154,-0.34303131218333566,-0.3606950544852846,-0.2198599632831621,-0.4316906712190593,1
2018-01-26,2796.8275000000003,2760.2059999999997,90.643775,91.99965999999999,51.0625,54.522000000000006,69.1125,68.986,54.6275,56.702,25.697499999999998,25.806,64.0075,63.072,2.97875,2.8728,196.4360437076948,196.4360437076948,180.3097798373086,180.3097798373086,27.67533130345059,27.675331303450594,98.67691993713379,114.41194763183594,91.97141933441162,75.53428726196289,0.2825723656764003,0.425303216220264,-0.17426267652794986,-0.20511040172465508,0.36856165698187376,0.48644077241076256,0.05777991374515176,0.17736333918111702,0.4908586440593924,0.6539781292735778,-0.27531923070050696,-0.34303131218333566,-0.23174146265064605,-0.2198599632831621,0
2018-02-02,2844.352,2796.8275000000003,89.60822,90.643775,49.518,51.0625,70.092,69.1125,54.734,54.6275,25.394,25.697499999999998,63.80800000000001,64.0075,3.0648,2.97875,196.4360437076948,196.4360437076948,180.3097798373086,180.3097798373086,27.675331303450594,27.67533130345059,119.99898376464844,98.67691993713379,99.9634971618652,91.97141933441162,-0.08308581971151209,0.2825723656764003,0.08767911402387758,-0.17426267652794986,0.36141876022419583,0.36856165698187376,0.4803892317679912,0.05777991374515176,0.747714334978433,0.4908586440593924,-0.26454261965059345,-0.27531923070050696,-0.34255888615688407,-0.23174146265064605,0
2018-02-09,2816.7760000000003,2844.352,89.1002,89.60822,49.008,49.518,69.152,70.092,55.876,54.734,24.824,25.394,63.024,63.80800000000001,2.9154,3.0648,171.92710915598008,196.4360437076948,159.3539027287241,180.3097798373086,27.963361000490107,27.675331303450594,76.48565216064453,119.99898376464844,72.05247611999512,99.9634971618652,0.07325609639705974,-0.08308581971151209,0.08001747747550905,0.08767911402387758,0.4218690967700708,0.36141876022419583,0.2606187121431135,0.4803892317679912,0.4535155299849354,0.747714334978433,-0.16185702269239027,-0.26454261965059345,-0.20241079308437887,-0.34255888615688407,1
2018-02-16,2645.2580000000003,2816.7760000000003,90.05806,89.1002,49.88,49.008,65.518,69.152,56.263999999999996,55.876,23.244,24.824,59.852,63.024,2.6846,2.9154,135.163707328408,171.92710915598008,127.92008706584741,159.3539027287241,28.395405546049382,27.963361000490107,83.4007583618164,76.48565216064453,61.447462463378905,72.05247611999512,0.14426206981192471,0.07325609639705974,0.40537190431018527,0.08001747747550905,0.589571654682139,0.4218690967700708,0.40145958660686387,0.2606187121431135,0.4168082528715165,0.4535155299849354,-0.11778777778289169,-0.16185702269239027,0.08552169324800414,-0.20241079308437887,1
2018-02-23,2696.198,2645.2580000000003,89.3149,90.05806,50.848,49.88,63.76800000000001,65.518,55.83200000000001,56.263999999999996,24.22,23.244,60.70799999999999,59.852,2.6100000000000003,2.6846,135.163707328408,135.163707328408,127.92008706584741,127.92008706584741,28.395405546049382,28.395405546049382,82.42300338745117,83.4007583618164,61.38781585693359,61.447462463378905,-0.1712934000755874,0.14426206981192471,0.08910571027087874,0.40537190431018527,0.21121044270088177,0.589571654682139,0.2706380335407509,0.40145958660686387,0.22815232089113668,0.4168082528715165,-0.22910238608635022,-0.11778777778289169,-0.24752520053500632,0.08552169324800414,1
2018-03-02,2717.2125,2696.198,89.86445,89.3149,56.0525,50.848,66.0925,63.76800000000001,55.815,55.83200000000001,25.025,24.22,62.120000000000005,60.70799999999999,2.66575,2.6100000000000003,135.163707328408,135.163707328408,127.9200870658474,127.92008706584741,28.39540554604938,28.395405546049382,72.20100975036621,82.42300338745117,65.30504083633423,61.38781585693359,-0.16571284821842847,-0.1712934000755874,0.511871996649993,0.08910571027087874,0.2551544173233969,0.21121044270088177,0.370815426623248,0.2706380335407509,0.4834609864125421,0.22815232089113668,-0.3514778644346579,-0.22910238608635022,-0.24818201090859499,-0.24752520053500632,1
2018-03-09,2721.326,2717.2125,90.2366,89.86445,49.248000000000005,56.0525,65.622,66.0925,56.482000000000006,55.815,24.55,25.025,61.46,62.120000000000005,2.71,2.66575,151.32869269090176,135.163707328408,150.45868358562242,127.9200870658474,28.199052417241678,28.39540554604938,116.38577117919922,72.20100975036621,60.2046531677246,65.30504083633423,-0.24975797205876854,-0.16571284821842847,0.382631290549292,0.511871996649993,0.359456979121187,0.2551544173233969,0.4296020958611842,0.370815426623248,0.5875143573225193,0.4834609864125421,-0.15609123308167366,-0.3514778644346579,-0.25716958217198826,-0.24818201090859499,1
2018-03-16,2740.2799999999997,2721.326,89.88896,90.2366,48.876,49.248000000000005,64.954,65.622,56.408,56.482000000000006,24.85,24.55,61.674,61.46,2.7736,2.71,175.5761707346424,151.32869269090176,184.266578365285,150.45868358562242,27.90452272403013,28.199052417241678,142.34781951904296,116.38577117919922,56.7481185913086,60.2046531677246,-0.3262787745604665,-0.24975797205876854,0.17444151030079805,0.382631290549292,0.26932234216357936,0.359456979121187,0.5988363856624634,0.4296020958611842,0.3206491944993239,0.5875143573225193,-0.02337543823955539,-0.15609123308167366,-0.15005088914890297,-0.25716958217198826,1
2018-03-23,2759.43,2740.2799999999997,89.94597999999999,89.88896,51.306,48.876,65.162,64.954,55.592000000000006,56.408,25.472,24.85,62.684000000000005,61.674,2.7592,2.7736,175.5761707346424,175.5761707346424,184.266578365285,184.266578365285,27.90452272403013,27.90452272403013,211.4352233886719,142.34781951904296,48.911613082885744,56.7481185913086,-0.2856725324504589,-0.3262787745604665,0.2860885864593808,0.17444151030079805,0.26828661808132914,0.26932234216357936,0.3944187395985997,0.5988363856624634,0.2201823659257371,0.3206491944993239,-0.15143666612962473,-0.02337543823955539,-0.294473071693095,-0.15005088914890297,1
2018-03-30,2674.748,2759.43,89.88615999999999,89.94597999999999,50.316,51.306,68.46000000000001,65.162,54.629999999999995,55.592000000000006,25.402,25.472,61.916,62.684000000000005,2.6676,2.7592,175.5761707346424,175.5761707346424,184.266578365285,184.266578365285,27.90452272403013,27.90452272403013,160.30904846191407,211.4352233886719,83.69903106689453,48.911613082885744,-0.49707355135212755,-0.2856725324504589,0.2729476886595081,0.2860885864593808,0.319658580452522,0.26828661808132914,0.33131995433739414,0.3944187395985997,0.29376269198480853,0.2201823659257371,-0.1395417834550498,-0.15143666612962473,-0.18879601403747798,-0.294473071693095,0
2018-04-06,2629.26,2674.748,89.64955,89.88615999999999,48.0825,50.316,70.0075,68.46000000000001,54.11,54.629999999999995,24.877499999999998,25.402,60.34,61.916,2.725,2.6676,175.5761707346424,175.5761707346424,184.266578365285,184.266578365285,27.90452272403013,27.90452272403013,134.3791446685791,160.30904846191407,81.55142974853516,83.69903106689453,-0.4488320339454961,-0.49707355135212755,0.24359740730479162,0.2729476886595081,0.25301545538764086,0.319658580452522,0.25946071305019064,0.33131995433739414,0.18177020117005932,0.29376269198480853,-0.03566759494542057,-0.1395417834550498,-0.23643515909449048,-0.18879601403747798,1
2018-04-13,2631.6125,2629.26,90.224725,89.64955,46.985,48.0825,67.895,70.0075,54.765,54.11,25.002499999999998,24.877499999999998,60.3875,60.34,2.74675,2.725,150.1845509728626,175.5761707346424,167.3926706036209,184.266578365285,28.2493085146593,27.90452272403013,89.05041885375977,134.3791446685791,84.58843421936035,81.55142974853516,-0.49669330610508344,-0.4488320339454961,0.08484335293419137,0.24359740730479162,0.30868698791412674,0.25301545538764086,0.48317828107215277,0.25946071305019064,0.32235777070221383,0.18177020117005932,0.19170939689214733,-0.03566759494542057,-0.2777996271432493,-0.23643515909449048,1
2018-04-20,2646.502,2631.6125,89.71520000000001,90.224725,49.25,46.985,71.27000000000001,67.895,54.662,54.765,25.16,25.002499999999998,61.403999999999996,60.3875,2.723,2.74675,150.1845509728626,150.1845509728626,167.3926706036209,167.3926706036209,28.249308514659297,28.2493085146593,176.06259002685547,89.05041885375977,163.70875091552733,84.58843421936035,-0.418129388826467,-0.49669330610508344,0.31531308119198614,0.08484335293419137,0.3609711737263879,0.30868698791412674,0.35665967310264446,0.48317828107215277,0.22730129389190962,0.32235777070221383,0.27354348640675796,0.19170939689214733,-0.09024621645224824,-0.2777996271432493,0
2018-04-27,2691.228,2646.502,89.75892,89.71520000000001,50.114,49.25,72.864,71.27000000000001,53.629999999999995,54.662,25.524,25.16,62.068,61.403999999999996,2.7567999999999997,2.723,150.1845509728626,150.1845509728626,167.3926706036209,167.3926706036209,28.249308514659297,28.249308514659297,234.399365234375,176.06259002685547,97.13503723144531,163.70875091552733,-0.2543967343553264,-0.418129388826467,0.49625840612181343,0.31531308119198614,0.33869532677651276,0.3609711737263879,0.4938822252655557,0.35665967310264446,0.5378184665976615,0.22730129389190962,0.2448568403913313,0.27354348640675796,-0.29387067653999355,-0.09024621645224824,0
2018-05-04,2656.2200000000003,2691.228,91.21598,89.75892,51.612,50.114,74.39,72.864,52.80800000000001,53.629999999999995,25.034,25.524,61.064,62.068,2.809,2.7567999999999997,150.1845509728626,150.1845509728626,167.3926706036209,167.3926706036209,28.249308514659297,28.249308514659297,177.03863220214845,234.399365234375,77.75571441650392,97.13503723144531,-0.25256277971749147,-0.2543967343553264,0.29216279209575097,0.49625840612181343,0.4006298788865371,0.33869532677651276,0.5831843242486975,0.4938822252655557,0.31273625274485983,0.5378184665976615,0.2973434952836273,0.2448568403913313,-0.21424239017465005,-0.29387067653999355,1
2018-05-11,2646.334,2656.2200000000003,92.41242,91.21598,51.634,51.612,74.03,74.39,54.074,52.80800000000001,24.812,25.034,60.586,61.064,2.7856,2.809,209.64975749969327,150.1845509728626,172.14800671544194,167.3926706036209,28.4515288919146,28.249308514659297,197.5635528564453,177.03863220214845,82.58949356079101,77.75571441650392,-0.2960284834753985,-0.25256277971749147,0.42624017225389393,0.29216279209575097,0.1509139832647603,0.4006298788865371,0.5620687568183012,0.5831843242486975,0.3964892026343566,0.31273625274485983,0.24740698797673938,0.2973434952836273,-0.15662440944773456,-0.21424239017465005,1
2018-05-18,2705.125,2646.334,92.8723,92.41242,52.989999999999995,51.634,76.6625,74.03,53.3425,54.074,25.995,24.812,61.9625,60.586,2.79325,2.7856,224.5160591314009,209.64975749969327,173.3368407433972,172.14800671544194,28.50208398622842,28.4515288919146,293.833438873291,197.5635528564453,83.48113632202148,82.58949356079101,-0.3165467279284599,-0.2960284834753985,0.511421636193751,0.42624017225389393,0.5543272733566648,0.1509139832647603,0.34008470664785295,0.5620687568183012,0.5262173686392833,0.3964892026343566,0.1266970466026744,0.24740698797673938,-0.2410034241132911,-0.15662440944773456,1
2018-05-25,2719.428,2705.125,93.30236,92.8723,55.048,52.989999999999995,78.75,76.6625,53.452,53.3425,26.674,25.995,62.23,61.9625,2.8630000000000004,2.79325,224.51605913140094,224.5160591314009,173.3368407433972,173.3368407433972,28.50208398622842,28.50208398622842,163.49857482910156,293.833438873291,83.0218460083008,83.48113632202148,-0.3633599207642043,-0.3165467279284599,-0.014356741521733352,0.511421636193751,0.15684841077176787,0.5543272733566648,0.34534354551005,0.34008470664785295,0.27636965733795327,0.5262173686392833,-0.02065707431394943,0.1266970466026744,-0.2758666931761129,-0.2410034241132911,0
2018-06-01,2727.966,2719.428,93.84246,93.30236,56.956,55.048,78.764,78.75,55.414,53.452,26.5,26.674,62.098,62.23,2.935,2.8630000000000004,224.51605913140094,224.51605913140094,173.3368407433972,173.3368407433972,28.50208398622842,28.50208398622842,194.76116943359375,163.49857482910156,48.61053581237793,83.0218460083008,-0.19391513271746963,-0.3633599207642043,-0.1917193465579758,-0.014356741521733352,0.17700943719934056,0.15684841077176787,0.20622361156195454,0.34534354551005,0.21563656145877746,0.27636965733795327,-0.20236160204665682,-0.02065707431394943,-0.2915390631825859,-0.2758666931761129,1
2018-06-08,2713.44,2727.966,94.286575,93.84246,57.295,56.956,76.8175,78.764,55.28,55.414,26.305,26.5,60.9325,62.098,2.9372499999999997,2.935,226.69001611666283,224.51605913140094,171.57432970875035,173.3368407433972,28.51525381345784,28.50208398622842,164.03815841674805,194.76116943359375,70.85467028617859,48.61053581237793,-0.19119885350586938,-0.19391513271746963,-0.013550201627320457,-0.1917193465579758,0.09809769857132515,0.17700943719934056,0.1825229755717075,0.20622361156195454,0.2727212101204592,0.21563656145877746,-0.22249072756401286,-0.20236160204665682,-0.35009575986301733,-0.2915390631825859,0
2018-06-15,2763.484,2713.44,93.70457999999999,94.286575,54.69199999999999,57.295,75.962,76.8175,53.339999999999996,55.28,25.452,26.305,60.45399999999999,60.9325,2.9184,2.9372499999999997,233.2118870724486,226.69001611666283,166.2867966048098,171.57432970875035,28.554763295146095,28.51525381345784,179.20562286376952,164.03815841674805,42.78918113708496,70.85467028617859,-0.47187110960506545,-0.19119885350586938,0.043836270481263234,-0.013550201627320457,0.1472123932557364,0.09809769857132515,-0.029381371503177146,0.1825229755717075,0.1714464677891298,0.2727212101204592,-0.3013745755416669,-0.22249072756401286,-0.4897238611839751,-0.35009575986301733,0
2018-06-22,2781.326,2763.484,94.14378,93.70457999999999,55.298,54.69199999999999,75.692,75.962,53.07000000000001,53.339999999999996,25.436,25.452,60.83200000000001,60.45399999999999,2.9582,2.9184,233.2118870724486,233.2118870724486,166.2867966048098,166.2867966048098,28.554763295146095,28.554763295146095,183.83802032470703,179.20562286376952,66.50083503723145,42.78918113708496,-0.4853917919233039,-0.47187110960506545,-0.05529642458081161,0.043836270481263234,0.08192710380822912,0.1472123932557364,-0.11100956625183837,-0.029381371503177146,0.14550701761562918,0.1714464677891298,-0.26658431109227954,-0.3013745755416669,-0.583284305094874,-0.4897238611839751,1
2018-06-29,2761.6600000000003,2781.326,94.8619,94.14378,53.489999999999995,55.298,74.752,75.692,51.338,53.07000000000001,25.212,25.436,60.298,60.83200000000001,2.9474,2.9582,233.2118870724486,233.2118870724486,166.2867966048098,166.2867966048098,28.554763295146095,28.554763295146095,109.08393783569336,183.83802032470703,47.72681312561035,66.50083503723145,-0.6435055630666127,-0.4853917919233039,-0.29723879102579975,-0.05529642458081161,0.08076916925193214,0.08192710380822912,-0.21550100646659714,-0.11100956625183837,0.05628663433629908,0.14550701761562918,-0.14360399031019938,-0.26658431109227954,-0.6753139828670461,-0.583284305094874,1
2018-07-06,2714.888,2761.6600000000003,94.82008,94.8619,53.612,53.489999999999995,77.19,74.752,50.912,51.338,24.945999999999998,25.212,58.488,60.298,2.9305999999999996,2.9474,233.2118870724486,233.2118870724486,166.2867966048098,166.2867966048098,28.554763295146095,28.554763295146095,149.94322357177737,109.08393783569336,69.43002548217774,47.72681312561035,-0.541924066145579,-0.6435055630666127,-0.1390851679616174,-0.29723879102579975,-0.029400195316837734,0.08076916925193214,-0.30340440658114026,-0.21550100646659714,0.48561288878883485,0.05628663433629908,-0.38130716550468513,-0.14360399031019938,-0.6100984102149738,-0.6753139828670461,1
2018-07-13,2734.09,2714.888,94.4623,94.82008,57.32,53.612,77.39,77.19,49.3675,50.912,25.2475,24.945999999999998,57.7175,58.488,2.832,2.9305999999999996,208.2721037702455,233.2118870724486,231.8955423117218,166.2867966048098,29.24676533366699,28.554763295146095,139.56688308715823,149.94322357177737,92.7485237121582,69.43002548217774,-0.33420847286997324,-0.541924066145579,-0.4629523839370461,-0.1390851679616174,-0.10156791862601036,-0.029400195316837734,-0.542591204658257,-0.30340440658114026,-0.08441049943366878,0.48561288878883485,-0.218804596316585,-0.38130716550468513,-0.6763247245390906,-0.6100984102149738,1
2018-07-20,2790.326,2734.09,94.4864,94.4623,58.132000000000005,57.32,76.022,77.39,48.458000000000006,49.3675,25.588,25.2475,58.75,57.7175,2.7682,2.832,208.27210377024548,208.2721037702455,231.89554231172184,231.8955423117218,29.246765333666993,29.24676533366699,160.0293106079102,139.56688308715823,114.82169494628906,92.7485237121582,-0.06507570146445943,-0.33420847286997324,-0.368503383101855,-0.4629523839370461,-0.042098787287020496,-0.10156791862601036,-0.4660261751542252,-0.542591204658257,-0.44500795609021815,-0.08441049943366878,-0.06085104731766121,-0.218804596316585,-0.6144438325157527,-0.6763247245390906,1
2018-07-27,2805.984,2790.326,94.8514,94.4864,57.355999999999995,58.132000000000005,72.51,76.022,48.254,48.458000000000006,25.226,25.588,59.178,58.75,2.718,2.7682,208.27210377024548,208.27210377024548,231.89554231172184,231.89554231172184,29.246765333666993,29.246765333666993,131.95320434570314,160.0293106079102,87.36302795410155,114.82169494628906,-0.008926714806060703,-0.06507570146445943,-0.17753304633381164,-0.368503383101855,0.08394762870266226,-0.042098787287020496,-0.42433378001032196,-0.4660261751542252,-0.2706486375070071,-0.44500795609021815,-0.35418665280743866,-0.06085104731766121,-0.652402666809593,-0.6144438325157527,1
2018-08-03,2825.942,2805.984,94.58276000000001,94.8514,57.760000000000005,57.355999999999995,73.852,72.51,49.108,48.254,25.119999999999997,25.226,59.803999999999995,59.178,2.7426,2.718,208.27210377024548,208.27210377024548,231.89554231172184,231.89554231172184,29.246765333666993,29.246765333666993,152.7403549194336,131.95320434570314,104.05663299560547,87.36302795410155,-0.12818082544407308,-0.008926714806060703,-0.2565925703125834,-0.17753304633381164,-0.015504632861271716,0.08394762870266226,-0.5145798616487058,-0.42433378001032196,0.26996990569655954,-0.2706486375070071,-0.32167035724874987,-0.35418665280743866,-0.5623904084279239,-0.652402666809593,1
2018-08-10,2819.964,2825.942,94.77727999999999,94.58276000000001,58.284000000000006,57.760000000000005,73.654,73.852,49.312,49.108,25.25,25.119999999999997,60.470000000000006,59.803999999999995,2.8138,2.7426,183.40753672682763,208.27210377024548,197.50513378402587,231.89554231172184,29.343388026751075,29.246765333666993,167.96445770263674,152.7403549194336,61.81437530517578,104.05663299560547,-0.12376857703395591,-0.12818082544407308,-0.18488332528111678,-0.2565925703125834,-0.03591294881329956,-0.015504632861271716,-0.3397429220546848,-0.5145798616487058,-0.002167780295882199,0.26996990569655954,-0.3189883169002899,-0.32167035724874987,-0.501760833269026,-0.5623904084279239,1
2018-08-17,2850.682,2819.964,95.52196,94.77727999999999,60.09400000000001,58.284000000000006,73.112,73.654,49.608,49.312,25.802,25.25,61.470000000000006,60.470000000000006,2.9257999999999997,2.8138,166.8311586978824,183.40753672682763,174.5781947655619,197.50513378402587,29.4078031554738,29.343388026751075,205.39505920410156,167.96445770263674,73.63518295288085,61.81437530517578,0.0009001594670261792,-0.12376857703395591,-0.22865151295194702,-0.18488332528111678,0.21840271042052714,-0.03591294881329956,-0.3966154304802961,-0.3397429220546848,0.2851866041694544,-0.002167780295882199,-0.2672299857649384,-0.3189883169002899,-0.41803698541080286,-0.501760833269026,1
2018-08-24,2834.216,2850.682,96.47888,95.52196,62.496,60.09400000000001,71.81800000000001,73.112,48.224000000000004,49.608,25.082,25.802,59.17,61.470000000000006,2.9424,2.9257999999999997,166.8311586978824,166.8311586978824,174.5781947655619,174.5781947655619,29.4078031554738,29.4078031554738,159.3994598388672,205.39505920410156,69.81861724853516,73.63518295288085,-0.10451468037082776,0.0009001594670261792,-0.2203027125000358,-0.22865151295194702,-0.1356142745344814,0.21840271042052714,-0.48279709122875936,-0.3966154304802961,0.025892544484890638,0.2851866041694544,-0.4611505812454813,-0.2672299857649384,-0.16203083846151695,-0.41803698541080286,1
2018-08-31,2862.7,2834.216,95.39142,96.47888,65.61999999999999,62.496,74.03399999999999,71.81800000000001,47.606,48.224000000000004,25.494,25.082,60.134,59.17,2.9412,2.9424,166.8311586978824,166.8311586978824,174.5781947655619,174.5781947655619,29.4078031554738,29.4078031554738,131.01409378051758,159.3994598388672,94.02542800903322,69.81861724853516,-0.09681054104239166,-0.10451468037082776,-0.05338665122053208,-0.2203027125000358,-0.11873693663092406,-0.1356142745344814,-0.34252545736417517,-0.48279709122875936,0.0383153048542,0.025892544484890638,-0.2014197754804062,-0.4611505812454813,-0.4184553423369569,-0.16203083846151695,1
2018-09-07,2903.5525,2862.7,94.763875,95.39142,68.65,65.61999999999999,77.07,74.03399999999999,47.51,47.606,25.7975,25.494,60.9375,60.134,2.887,2.9412,166.8311586978824,166.8311586978824,174.5781947655619,174.5781947655619,29.4078031554738,29.4078031554738,141.98707580566406,131.01409378051758,63.8860902786255,94.02542800903322,0.07923166596517328,-0.09681054104239166,-0.18784166706852046,-0.05338665122053208,-0.07742254933380815,-0.11873693663092406,-0.287239590418342,-0.34252545736417517,-0.07412806095375112,0.0383153048542,-0.23713993973978886,-0.2014197754804062,-0.35536957988195494,-0.4184553423369569,1
2018-09-14,2883.7625,2903.5525,95.249775,94.763875,71.875,68.65,77.1925,77.07,48.3125,47.51,25.415,25.7975,59.432500000000005,60.9375,2.809,2.887,204.8044858816806,166.8311586978824,195.9757636726858,174.5781947655619,29.67141436458677,29.4078031554738,84.34074711799622,141.98707580566406,45.69864082336427,63.8860902786255,0.05197935426026801,0.07923166596517328,-0.05304672874671292,-0.18784166706852046,0.08994891336765305,-0.07742254933380815,-0.2688174547154197,-0.287239590418342,-0.15407394798181867,-0.07412806095375112,-0.2161030480858563,-0.23713993973978886,-0.1303804117978009,-0.35536957988195494,0
2018-09-21,2892.62,2883.7625,94.9212,95.249775,72.688,71.875,78.488,77.1925,48.468,48.3125,25.218,25.415,58.998000000000005,59.432500000000005,2.8012,2.809,204.8044858816806,204.8044858816806,195.9757636726858,195.9757636726858,29.67141436458677,29.67141436458677,81.40856628417968,84.34074711799622,70.7489231109619,45.69864082336427,0.09211471035264324,0.05197935426026801,0.035896900038249344,-0.05304672874671292,0.09167703303951154,0.08994891336765305,-0.06796252625868464,-0.2688174547154197,-0.007188434822771518,-0.15407394798181867,-0.021208909246045755,-0.2161030480858563,-0.15901046602712093,-0.1303804117978009,1
2018-09-28,2912.296,2892.62,94.36482,94.9212,73.72200000000001,72.688,78.796,78.488,47.220000000000006,48.468,25.622000000000003,25.218,59.57000000000001,58.998000000000005,2.899,2.8012,204.8044858816806,204.8044858816806,195.9757636726858,195.9757636726858,29.67141436458677,29.67141436458677,130.7656219482422,81.40856628417968,40.132690048217775,70.7489231109619,-0.04376099456160108,0.09211471035264324,-0.009575534084422622,0.035896900038249344,0.44160996693815424,0.09167703303951154,0.03766272604904151,-0.06796252625868464,-0.11967076890778287,-0.007188434822771518,-0.1036975645458662,-0.021208909246045755,-0.09741909744655694,-0.15901046602712093,1
2018-10-05,2913.776,2912.296,94.58058,94.36482,75.642,73.72200000000001,81.77000000000001,78.796,47.418,47.220000000000006,25.074,25.622000000000003,59.104,59.57000000000001,3.0585999999999998,2.899,204.8044858816806,204.8044858816806,195.9757636726858,195.9757636726858,29.67141436458677,29.67141436458677,144.38218841552734,130.7656219482422,43.6403769493103,40.132690048217775,-0.022809015545117658,-0.04376099456160108,-0.007769502031210939,-0.009575534084422622,0.15198406935081016,0.44160996693815424,-0.10251720560882224,0.03766272604904151,-0.09066369305234105,-0.11967076890778287,-0.0649637003401983,-0.1036975645458662,-0.11113759716011629,-0.09741909744655694,0
2018-10-12,2912.1420000000003,2913.776,95.64664,94.58058,74.606,75.642,84.962,81.77000000000001,49.528,47.418,24.66,25.074,57.641999999999996,59.104,3.2234000000000003,3.0585999999999998,246.0609691462683,204.8044858816806,216.59160710451278,195.9757636726858,28.09880582981844,29.67141436458677,91.91132316589353,144.38218841552734,69.29685668945312,43.6403769493103,-0.051178270522156274,-0.022809015545117658,0.17517553722187884,-0.007769502031210939,0.18202594088500032,0.15198406935081016,-0.0037102955755840216,-0.10251720560882224,-0.13594428225627897,-0.09066369305234105,-0.11974898190160155,-0.0649637003401983,-0.07217135689774028,-0.11113759716011629,0
2018-10-19,2809.19,2912.1420000000003,95.45988,95.64664,71.296,74.606,82.538,84.962,50.577999999999996,49.528,23.248,24.66,54.42999999999999,57.641999999999996,3.2847999999999997,3.2234000000000003,246.0609691462683,246.0609691462683,216.59160710451278,216.59160710451278,28.09880582981844,28.09880582981844,119.64583129882813,91.91132316589353,51.16494903564453,69.29685668945312,0.33005434473208073,-0.051178270522156274,0.5350764772611469,0.17517553722187884,0.31189634578589054,0.18202594088500032,0.48672491876752444,-0.0037102955755840216,0.17311923477492186,-0.13594428225627897,-0.13384288817045684,-0.11974898190160155,0.15032740894393165,-0.07217135689774028,0
2018-10-26,2781.296,2809.19,95.48588,95.45988,70.998,71.296,80.262,82.538,51.982000000000006,50.577999999999996,23.578,23.248,54.477999999999994,54.42999999999999,3.3078000000000003,3.2847999999999997,246.0609691462683,246.0609691462683,216.59160710451278,216.59160710451278,28.09880582981844,28.09880582981844,152.36483459472657,119.64583129882813,69.23113441467285,51.16494903564453,0.07986545714750151,0.33005434473208073,0.41017856300851346,0.5350764772611469,0.234102534443991,0.31189634578589054,0.13605257967477039,0.48672491876752444,-0.018377285016020678,0.17311923477492186,-0.060839404565752916,-0.13384288817045684,-0.028193274082203457,0.15032740894393165,0
2018-11-02,2703.386,2781.296,96.28236000000001,95.48588,68.086,70.998,77.39,80.262,51.69200000000001,51.982000000000006,22.428,23.578,53.274,54.477999999999994,3.2409999999999997,3.3078000000000003,246.0609691462683,246.0609691462683,216.59160710451278,216.59160710451278,28.09880582981844,28.09880582981844,159.7859344482422,152.36483459472657,75.29959392547606,69.23113441467285,0.17087642649613086,0.07986545714750151,0.37464796352856167,0.41017856300851346,0.4494791969852,0.234102534443991,0.09867041117178979,0.13605257967477039,-0.047829544980931483,-0.018377285016020678,0.0825989417016723,-0.060839404565752916,-0.0213449792965063,-0.028193274082203457,1
2018-11-09,2699.81,2703.386,96.7224,96.28236000000001,66.69800000000001,68.086,74.888,77.39,50.698,51.69200000000001,23.144,22.428,54.391999999999996,53.274,3.2658,3.2409999999999997,240.1045866309978,246.0609691462683,230.4562441002219,216.59160710451278,28.00197036823628,28.09880582981844,120.8585220336914,159.7859344482422,70.88018569946288,75.29959392547606,0.3476096163924495,0.17087642649613086,0.21878076921323347,0.37464796352856167,0.19972932946840363,0.4494791969852,0.21583940224947837,0.09867041117178979,-0.13487413587753333,-0.047829544980931483,-0.05745839338320093,0.0825989417016723,-0.08477428253712381,-0.0213449792965063,1
2018-11-16,2779.098,2699.81,96.46872,96.7224,66.662,66.69800000000001,71.64,74.888,50.404,50.698,23.916,23.144,57.15599999999999,54.391999999999996,3.6002,3.2658,231.170012858092,240.1045866309978,251.2531995937856,230.4562441002219,27.856717175863032,28.00197036823628,130.27975997924804,120.8585220336914,57.33789596557617,70.88018569946288,-0.05412420010219858,0.3476096163924495,0.22005179572641356,0.21878076921323347,0.25329994644586934,0.19972932946840363,0.01070978489529908,0.21583940224947837,-0.002828043695679514,-0.13487413587753333,-0.09489327463823992,-0.05745839338320093,-0.17121683797818416,-0.08477428253712381,1
2018-11-23,2723.29,2779.098,97.07332,96.46872,72.638,66.662,67.018,71.64,49.712,50.404,23.15,23.916,57.272000000000006,57.15599999999999,4.2358,3.6002,231.170012858092,231.170012858092,251.2531995937856,251.2531995937856,27.856717175863032,27.856717175863032,89.71645851135254,130.27975997924804,53.59511184692383,57.33789596557617,0.4644469591825192,-0.05412420010219858,0.2933422762334813,0.22005179572641356,0.2798106666305509,0.25329994644586934,0.3377228615097533,0.01070978489529908,0.3436924813316279,-0.002828043695679514,-0.09339110874739928,-0.09489327463823992,-0.08645669070630976,-0.17121683797818416,1
2018-11-30,2653.7775,2723.29,96.678325,97.07332,67.16749999999999,72.638,62.9,67.018,49.1875,49.712,23.0075,23.15,56.865,57.272000000000006,4.51625,4.2358,231.170012858092,231.170012858092,251.2531995937856,251.2531995937856,27.85671717586303,27.856717175863032,109.87252998352051,89.71645851135254,57.45893669128418,53.59511184692383,0.11906212293591148,0.4644469591825192,0.1687946490953291,0.2933422762334813,0.021375259480430356,0.2798106666305509,0.17541693223548976,0.3377228615097533,0.006295446435152063,0.3436924813316279,-0.22524462507290746,-0.09339110874739928,-0.25914403519293927,-0.08645669070630976,1
2018-12-07,2719.468,2653.7775,97.05296,96.678325,66.554,67.16749999999999,59.534000000000006,62.9,49.342,49.1875,24.16,23.0075,58.676,56.865,4.4382,4.51625,231.170012858092,231.170012858092,251.2531995937856,251.2531995937856,27.856717175863032,27.85671717586303,152.91060028076174,109.87252998352051,68.60169830322266,57.45893669128418,0.3646290360347689,0.11906212293591148,0.4777098919838328,0.1687946490953291,0.4265808135458946,0.021375259480430356,0.34516983026832243,0.17541693223548976,0.4112274258111895,0.006295446435152063,0.015078765014654081,-0.22524462507290746,-0.08273853931728113,-0.25914403519293927,1
2018-12-14,2704.865,2719.468,96.85845,97.05296,65.4975,66.554,61.375,59.534000000000006,50.5175,49.342,24.04,24.16,58.769999999999996,58.676,4.26425,4.4382,275.7074493083694,231.170012858092,222.6023505603777,251.2531995937856,29.04234232285096,27.856717175863032,143.9269666671753,152.91060028076174,80.38376522064208,68.60169830322266,0.3697025937440769,0.3646290360347689,0.39679150586564527,0.4777098919838328,0.6875187579646329,0.4265808135458946,0.5010401652145196,0.34516983026832243,0.4303090748770044,0.4112274258111895,0.29401905640326703,0.015078765014654081,-0.04110866713369535,-0.08273853931728113,1
2018-12-21,2635.212,2704.865,97.25442000000001,96.85845,66.048,65.4975,60.410000000000004,61.375,50.572,50.5175,23.432,24.04,57.94199999999999,58.769999999999996,4.0866,4.26425,275.7074493083694,275.7074493083694,222.6023505603777,222.6023505603777,29.04234232285096,29.04234232285096,129.4570022583008,143.9269666671753,71.3068058013916,80.38376522064208,0.06010456603681048,0.3697025937440769,0.12073311371212998,0.39679150586564527,0.09215290883932621,0.6875187579646329,0.3858005570580489,0.5010401652145196,0.18979730656926247,0.4303090748770044,0.2635423274679555,0.29401905640326703,0.030154125475982164,-0.04110866713369535,1
2018-12-28,2496.62,2635.212,96.92444,97.25442000000001,67.69800000000001,66.048,56.25599999999999,60.410000000000004,49.736000000000004,50.572,21.636000000000003,23.432,55.105999999999995,57.94199999999999,3.6247999999999996,4.0866,275.7074493083694,275.7074493083694,222.6023505603777,222.6023505603777,29.04234232285096,29.04234232285096,139.83637237548828,129.4570022583008,76.45135726928712,71.3068058013916,0.12783740744169964,0.06010456603681048,-0.044176800415135865,0.12073311371212998,-0.100745412270604,0.09215290883932621,0.10614104438984524,0.3858005570580489,-0.21246555774114695,0.18979730656926247,-0.20798582613744143,0.2635423274679555,-0.0888138664979043,0.030154125475982164,0
2019-01-04,2441.89,2496.62,96.5134,96.92444,64.77666666666667,67.69800000000001,51.60999999999999,56.25599999999999,49.10999999999999,49.736000000000004,20.98,21.636000000000003,53.596666666666664,55.105999999999995,3.3723333333333336,3.6247999999999996,275.7074493083694,275.7074493083694,222.6023505603777,222.6023505603777,29.04234232285096,29.04234232285096,88.881409962972,139.83637237548828,66.50096829732259,76.45135726928712,-0.13210771716681838,0.12783740744169964,-0.5081789794622217,-0.044176800415135865,-0.5816843913732149,-0.100745412270604,-0.6689141124834368,0.10614104438984524,-0.3365327192785106,-0.21246555774114695,-0.6306201102394785,-0.20798582613744143,-0.13143768107445963,-0.0888138664979043,0
2019-01-11,2499.1775,2441.89,96.336225,96.5134,62.1475,64.77666666666667,55.43,51.60999999999999,48.7175,49.10999999999999,21.5875,20.98,54.48,53.596666666666664,2.84925,3.3723333333333336,254.68469301171757,275.7074493083694,240.476678028459,222.6023505603777,29.11725463633238,29.04234232285096,120.67855417728424,88.881409962972,64.57886385917664,66.50096829732259,0.20260775123643673,-0.13210771716681838,-0.3257831968833631,-0.5081789794622217,-0.3440448655142126,-0.5816843913732149,-0.7012517547539646,-0.6689141124834368,-0.08658973465969205,-0.3365327192785106,-0.43280803932841627,-0.6306201102394785,0.126958763891293,-0.13143768107445963,1
2019-01-18,2580.392,2499.1775,95.60258,96.336225,60.25599999999999,62.1475,59.92999999999999,55.43,50.152,48.7175,23.176,21.5875,57.334,54.48,2.856,2.84925,247.6771075795003,254.68469301171757,246.43478718448608,240.476678028459,29.14222540749285,29.11725463633238,108.63860778808593,120.67855417728424,61.65958786010742,64.57886385917664,0.5397851680843114,0.20260775123643673,-0.11462026201384501,-0.3257831968833631,0.06454336652270401,-0.3440448655142126,-0.420685508361686,-0.7012517547539646,0.07313861681127845,-0.08658973465969205,-0.05605681933475663,-0.43280803932841627,0.37665355329821115,0.126958763891293,1
2019-01-25,2623.136,2580.392,96.02064,95.60258,60.964,60.25599999999999,60.965999999999994,59.92999999999999,50.42,50.152,23.644,23.176,58.291999999999994,57.334,3.2196,2.856,247.6771075795003,247.6771075795003,246.43478718448608,246.43478718448608,29.14222540749285,29.14222540749285,132.40802612304685,108.63860778808593,81.18948440551759,61.65958786010742,0.6819855439154011,0.5397851680843114,-0.011688782835764017,-0.11462026201384501,0.18123095590978072,0.06454336652270401,-0.3006199451372494,-0.420685508361686,0.3136088322625706,0.07313861681127845,-0.10621312081424979,-0.05605681933475663,0.3587499799162321,0.37665355329821115,0
2019-02-01,2644.6725,2623.136,96.207275,96.02064,58.265,60.964,61.3425,60.965999999999994,50.6725,50.42,23.91,23.644,58.3425,58.291999999999994,2.991,3.2196,247.6771075795003,247.6771075795003,246.4347871844861,246.43478718448608,29.14222540749285,29.14222540749285,132.5519733428955,132.40802612304685,74.58433341979979,81.18948440551759,0.5520934738791303,0.6819855439154011,-0.10014785077137485,-0.011688782835764017,0.2584002605457624,0.18123095590978072,-0.34054900232956387,-0.3006199451372494,0.14908376936442533,0.3136088322625706,-0.13297112624241503,-0.10621312081424979,0.43443840199690176,0.3587499799162321,1
2019-02-08,2675.106,2644.6725,95.6362,96.207275,53.196000000000005,58.265,61.508,61.3425,50.644,50.6725,25.034,23.91,60.168000000000006,58.3425,2.8096,2.991,244.17200833147012,247.6771075795003,232.21270955671744,246.4347871844861,29.280549753217247,29.14222540749285,183.28651428222656,132.5519733428955,44.522515869140626,74.58433341979979,0.6369310566241346,0.5520934738791303,0.0748983218724278,-0.10014785077137485,0.2896254213447104,0.2584002605457624,-0.22485118261196674,-0.34054900232956387,0.884243260138932,0.14908376936442533,-0.050217120235558146,-0.13297112624241503,0.29889199269955224,0.43443840199690176,0
2019-02-15,2721.6220000000003,2675.106,96.31096,95.6362,49.775999999999996,53.196000000000005,62.181999999999995,61.508,51.018,50.644,25.578,25.034,61.903999999999996,60.168000000000006,2.625,2.8096,230.1516113393494,244.17200833147012,175.3243990456428,232.21270955671744,29.83384713611482,29.280549753217247,157.61199874877929,183.28651428222656,40.45882987976074,44.522515869140626,0.6071960754778586,0.6369310566241346,0.19398509932636449,0.0748983218724278,0.35210181746839553,0.2896254213447104,-0.10799376725040324,-0.22485118261196674,0.3886660283145885,0.884243260138932,0.12976916195136895,-0.050217120235558146,0.4172436167737684,0.29889199269955224,0
2019-02-22,2745.778,2721.6220000000003,96.9838,96.31096,47.424,49.775999999999996,63.672000000000004,62.181999999999995,50.634,51.018,26.124000000000002,25.578,62.572,61.903999999999996,2.6502,2.625,230.1516113393494,230.1516113393494,175.3243990456428,175.3243990456428,29.83384713611482,29.83384713611482,116.03640747070312,157.61199874877929,67.35543556213379,40.45882987976074,0.38992165196857603,0.6071960754778586,0.2922176000373052,0.19398509932636449,0.18995421870417414,0.35210181746839553,0.11053903389981753,-0.10799376725040324,0.3475114536097671,0.3886660283145885,-0.1346443320281035,0.12976916195136895,0.4983598195483376,0.4172436167737684,1
2019-03-01,2783.0025,2745.778,96.559625,96.9838,46.0775,47.424,66.93,63.672000000000004,51.29,50.634,27.3325,26.124000000000002,63.68,62.572,2.70725,2.6502,230.1516113393494,230.1516113393494,175.3243990456428,175.3243990456428,29.83384713611482,29.83384713611482,149.23318099975586,116.03640747070312,85.9302978515625,67.35543556213379,0.413224612601814,0.38992165196857603,0.14941265480618326,0.2922176000373052,0.16645732452245518,0.18995421870417414,-0.039609413988353846,0.11053903389981753,0.1807859717020744,0.3475114536097671,-0.12887031920653444,-0.1346443320281035,0.4251785292423589,0.4983598195483376,1
2019-03-08,2794.114,2783.0025,96.27042,96.559625,43.982,46.0775,65.49199999999999,66.93,50.1,51.29,28.227999999999998,27.3325,63.668000000000006,63.68,2.822,2.70725,229.99813645376565,230.1516113393494,189.0284511648735,175.3243990456428,29.86760544222571,29.83384713611482,208.27757263183594,149.23318099975586,95.89227447509765,85.9302978515625,0.43699844276089406,0.413224612601814,0.08408194327093102,0.14941265480618326,0.33103204062718067,0.16645732452245518,0.042171201571957244,-0.039609413988353846,0.3543314566372652,0.1807859717020744,-0.0208551305231025,-0.12887031920653444,0.5490258350989888,0.4251785292423589,0
2019-03-15,2769.182,2794.114,97.06624,96.27042,42.372,43.982,65.912,65.49199999999999,48.78,50.1,27.24,28.227999999999998,62.053999999999995,63.668000000000006,2.8666,2.822,229.38423691143072,229.99813645376565,243.8446596417963,189.0284511648735,30.00263866666928,29.86760544222571,96.13963088989257,208.27757263183594,59.29343109130859,95.89227447509765,0.5198780543583337,0.43699844276089406,0.2100430389726176,0.08408194327093102,0.31474849062036303,0.33103204062718067,-0.04141256984605575,0.042171201571957244,0.18939635911675817,0.3543314566372652,0.05917030144448741,-0.0208551305231025,0.5223281283438334,0.5490258350989888,0
2019-03-22,2803.34,2769.182,96.79158,97.06624,39.588,42.372,67.038,65.912,48.802,48.78,27.47,27.24,62.736000000000004,62.053999999999995,2.8156,2.8666,229.38423691143072,229.38423691143072,243.8446596417963,243.8446596417963,30.00263866666928,30.00263866666928,70.49140777587891,96.13963088989257,77.72619323730468,59.29343109130859,0.48629098292351464,0.5198780543583337,0.29282484091009875,0.2100430389726176,0.2444384229214438,0.31474849062036303,-0.02987188026805384,-0.04141256984605575,0.22721012796531367,0.18939635911675817,0.01488030277600596,0.05917030144448741,0.3396311955732751,0.5223281283438334,1
2019-03-29,2829.066,2803.34,96.37574,96.79158,37.194,39.588,67.708,67.038,49.476,48.802,27.595999999999997,27.47,62.702,62.736000000000004,2.8294,2.8156,229.38423691143072,229.38423691143072,243.8446596417963,243.8446596417963,30.00263866666928,30.00263866666928,72.14800071716307,70.49140777587891,103.40370712280273,77.72619323730468,0.3760743130774591,0.48629098292351464,0.31647172503501564,0.29282484091009875,0.237033075843186,0.2444384229214438,-0.050036163956717915,-0.02987188026805384,0.3022653027484927,0.22721012796531367,0.290157629202943,0.01488030277600596,0.3964075923660218,0.3396311955732751,1
2019-04-05,2814.406,2829.066,96.9636,96.37574,35.894,37.194,67.844,67.708,49.092,49.476,26.486,27.595999999999997,61.42999999999999,62.702,2.7436,2.8294,229.38423691143072,229.38423691143072,243.8446596417963,243.8446596417963,30.00263866666928,30.00263866666928,77.60671691894531,72.14800071716307,69.43755588531494,103.40370712280273,0.7302285993627232,0.3760743130774591,0.023536380935190882,0.31647172503501564,0.32932703533165875,0.237033075843186,0.0987794295957036,-0.050036163956717915,0.19362855260189643,0.3022653027484927,0.2280490177609308,0.290157629202943,0.4633697118341239,0.3964075923660218,1
2019-04-12,2875.9919999999997,2814.406,97.28117999999999,96.9636,35.278,35.894,69.486,67.844,48.918,49.092,27.618000000000002,26.486,64.226,61.42999999999999,2.7156,2.7436,214.2043525418322,229.38423691143072,193.6904585396892,243.8446596417963,30.27035718278525,30.00263866666928,98.23055725097656,77.60671691894531,35.51637573242188,69.43755588531494,0.4878947980316317,0.7302285993627232,0.24224090578951127,0.023536380935190882,0.520472725887086,0.32932703533165875,0.059531790051954504,0.0987794295957036,0.033997506056257835,0.19362855260189643,0.11661320732750816,0.2280490177609308,0.4185986589969223,0.4633697118341239,1
2019-04-19,2891.582,2875.9919999999997,97.03518,97.28117999999999,39.275999999999996,35.278,71.164,69.486,48.94,48.918,28.098000000000003,27.618000000000002,65.112,64.226,2.7282,2.7156,214.2043525418322,214.2043525418322,193.6904585396892,193.6904585396892,30.27035718278525,30.27035718278525,146.12107543945314,98.23055725097656,71.40883255004881,35.51637573242188,0.5251804564474993,0.4878947980316317,0.27419697840147056,0.24224090578951127,0.3304272349301379,0.520472725887086,-0.00724485201444307,0.059531790051954504,0.015039695153886179,0.033997506056257835,0.07252653287226837,0.11661320732750816,0.38011797360640526,0.4185986589969223,0
2019-04-26,2904.5299999999997,2891.582,97.126925,97.03518,35.71,39.275999999999996,71.6225,71.164,48.5375,48.94,28.31,28.098000000000003,66.0575,65.112,2.5860000000000003,2.7282,214.2043525418322,214.2043525418322,193.6904585396892,193.6904585396892,30.27035718278525,30.27035718278525,83.90870475769043,146.12107543945314,52.92038631439209,71.40883255004881,0.2974092508776762,0.5251804564474993,0.009426346941860952,0.27419697840147056,0.33460918535868833,0.3304272349301379,-0.13941868233706572,-0.00724485201444307,-0.07098448357330353,0.015039695153886179,0.034211019442317456,0.07252653287226837,0.27932356021194304,0.38011797360640526,0
2019-05-03,2931.745,2904.5299999999997,97.9693,97.126925,34.1175,35.71,73.895,71.6225,47.7875,48.5375,28.595,28.31,65.8725,66.0575,2.53175,2.5860000000000003,214.2043525418322,214.2043525418322,193.6904585396892,193.6904585396892,30.27035718278525,30.27035718278525,114.70105695724489,83.90870475769043,114.00391387939453,52.92038631439209,0.4622743302510647,0.2974092508776762,0.37099993824415123,0.009426346941860952,0.3498275077082276,0.33460918535868833,0.15692527140177448,-0.13941868233706572,0.33422642339037806,-0.07098448357330353,0.20013995324515607,0.034211019442317456,0.43105856381531427,0.27932356021194304,1
2019-05-10,2935.15,2931.745,97.66472,97.9693,33.538,34.1175,71.724,73.895,47.214,47.7875,28.496,28.595,65.67,65.8725,2.6277999999999997,2.53175,203.46576949200727,214.2043525418322,213.39283006765783,193.6904585396892,30.291023654373383,30.27035718278525,115.66528091430663,114.70105695724489,51.63721199035645,114.00391387939453,0.13990996456448718,0.4622743302510647,0.19665194735098493,0.37099993824415123,0.32684206962664464,0.3498275077082276,0.03628962955054964,0.15692527140177448,0.3264447989181164,0.33422642339037806,0.130941055379557,0.20013995324515607,0.612463909272787,0.43105856381531427,0
2019-05-17,2878.8975,2935.15,97.4967,97.66472,32.9675,33.538,70.315,71.724,45.9275,47.214,28.310000000000002,28.496,63.9525,65.67,2.6262499999999998,2.6277999999999997,196.3067141254573,203.46576949200727,226.5277444196369,213.39283006765783,30.30480130209881,30.291023654373383,154.398681640625,115.66528091430663,64.24640607833862,51.63721199035645,0.28242828464896186,0.13990996456448718,0.09555436942516425,0.19665194735098493,0.3341832165579979,0.32684206962664464,0.08688343812381573,0.03628962955054964,0.29313205007230747,0.3264447989181164,0.7319292627867069,0.130941055379557,0.4857921744870711,0.612463909272787,1
2019-05-24,2846.618,2878.8975,97.674,97.4967,31.616000000000003,32.9675,71.614,70.315,46.803999999999995,45.9275,27.727999999999998,28.310000000000002,62.16799999999999,63.9525,2.6628,2.6262499999999998,196.3067141254573,196.3067141254573,226.5277444196369,226.5277444196369,30.30480130209881,30.30480130209881,207.5569610595703,154.398681640625,130.584383392334,64.24640607833862,0.26540585745925566,0.28242828464896186,-0.0982751885276594,0.09555436942516425,0.3543383201094218,0.3341832165579979,-0.030512982417033364,0.08688343812381573,0.20059705381487042,0.29313205007230747,0.4712061345712259,0.7319292627867069,0.40630412208166683,0.4857921744870711,0
2019-05-31,2841.832,2846.618,97.91576,97.674,30.292,31.616000000000003,70.31800000000001,71.614,47.896,46.803999999999995,27.514,27.727999999999998,60.48199999999999,62.16799999999999,2.6204,2.6628,196.3067141254573,196.3067141254573,226.5277444196369,226.5277444196369,30.30480130209881,30.30480130209881,143.53556213378906,207.5569610595703,71.2769546508789,130.584383392334,0.4235063461144944,0.26540585745925566,0.06081235532073372,-0.0982751885276594,0.23487065833427004,0.3543383201094218,-0.17564820875190928,-0.030512982417033364,0.27477485036990196,0.20059705381487042,0.7626436062488436,0.4712061345712259,0.2103727889834278,0.40630412208166683,0
2019-06-07,2781.5825,2841.832,98.0262,97.91576,29.05,30.292,67.73,70.31800000000001,50.0325,47.896,27.2625,27.514,59.6425,60.48199999999999,2.55625,2.6204,196.3067141254573,196.3067141254573,226.5277444196369,226.5277444196369,30.30480130209881,30.30480130209881,120.74931907653809,143.53556213378906,39.691587448120124,71.2769546508789,0.45941944505964677,0.4235063461144944,-0.17460557439642138,0.06081235532073372,0.11893125887296054,0.23487065833427004,-0.3437738830322755,-0.17564820875190928,0.388895441431584,0.27477485036990196,0.09842878047222307,0.7626436062488436,0.20705170875762907,0.2103727889834278,1
2019-06-14,2818.1400000000003,2781.5825,97.06949999999999,98.0262,28.104000000000003,29.05,61.76800000000001,67.73,50.486000000000004,50.0325,27.857999999999997,27.2625,61.010000000000005,59.6425,2.3714,2.55625,205.5404583220621,196.3067141254573,326.6129235535922,226.5277444196369,29.663249950610613,30.30480130209881,114.9212417602539,120.74931907653809,65.05466766357422,39.691587448120124,0.45057431144245735,0.45941944505964677,-0.07926995653893408,-0.17460557439642138,0.17277035845831,0.11893125887296054,-0.3071489084462918,-0.3437738830322755,0.06543273091875694,0.388895441431584,-0.04157813669567094,0.09842878047222307,0.059614935533612155,0.20705170875762907,1
2019-06-21,2886.182,2818.1400000000003,97.022,97.06949999999999,28.46,28.104000000000003,61.574,61.76800000000001,51.57000000000001,50.486000000000004,28.594,27.857999999999997,62.702,61.010000000000005,2.3654,2.3714,205.5404583220621,205.5404583220621,326.6129235535922,326.6129235535922,29.663249950610613,29.663249950610613,126.13524475097657,114.9212417602539,73.40258178710937,65.05466766357422,0.39389577417149846,0.45057431144245735,-0.0043442247038055996,-0.07926995653893408,0.24586409864526929,0.17277035845831,-0.2929704299850674,-0.3071489084462918,0.139786279253238,0.06543273091875694,-0.08366401339761145,-0.04157813669567094,-0.005599162695296298,0.059614935533612155,1
2019-06-28,2927.704,2886.182,97.06182,97.022,27.419999999999998,28.46,62.910000000000004,61.574,52.298,51.57000000000001,29.244,28.594,63.839999999999996,62.702,2.2564,2.3654,205.5404583220621,205.5404583220621,326.6129235535922,326.6129235535922,29.663249950610613,29.663249950610613,183.2492691040039,126.13524475097657,36.707808876037596,73.40258178710937,0.35649679384512156,0.39389577417149846,-0.04648262449603561,-0.0043442247038055996,0.06696994498083812,0.24586409864526929,-0.33887515290182835,-0.2929704299850674,0.10974964293212408,0.139786279253238,-0.22600374436280637,-0.08366401339761145,-0.07765359871201519,-0.005599162695296298,1
2019-07-05,2928.638,2927.704,96.15932000000001,97.06182,25.394,27.419999999999998,65.9,62.910000000000004,51.662,52.298,29.189999999999998,29.244,64.506,63.839999999999996,2.2836,2.2564,205.5404583220621,205.5404583220621,326.6129235535922,326.6129235535922,29.663249950610613,29.663249950610613,196.1029266357422,183.2492691040039,44.09583702087402,36.707808876037596,0.14947992623000467,0.35649679384512156,-0.06058800253687415,-0.04648262449603561,0.12675862169299232,0.06696994498083812,-0.4425522609215662,-0.33887515290182835,0.2801698463553179,0.10974964293212408,0.10718463927560067,-0.22600374436280637,-0.0549310728066158,-0.07765359871201519,1
2019-07-12,2980.8925,2928.638,96.9098,96.15932000000001,27.1725,25.394,63.8775,65.9,50.425,51.662,30.2225,29.189999999999998,66.15,64.506,2.27775,2.2836,229.7369418913921,205.5404583220621,252.4019675101085,326.6129235535922,29.71158998808846,29.663249950610613,157.6566963195801,196.1029266357422,29.901922702789307,44.09583702087402,0.14516727909723165,0.14947992623000467,-0.11084150864572505,-0.06058800253687415,-0.07686778181640365,0.12675862169299232,-0.4067257387361823,-0.4425522609215662,-0.08815939042360277,0.2801698463553179,-0.41277597623087564,0.10718463927560067,-0.32293156421056973,-0.0549310728066158,1
2019-07-19,2992.466,2980.8925,97.17960000000001,96.9098,33.257999999999996,27.1725,65.704,63.8775,51.068,50.425,30.156,30.2225,65.8,66.15,2.4135999999999997,2.27775,229.7369418913921,229.7369418913921,252.40196751010848,252.4019675101085,29.711589988088456,29.71158998808846,134.92514190673828,157.6566963195801,35.753724098205566,29.901922702789307,0.2751793217194259,0.14516727909723165,-0.18622505423819452,-0.11084150864572505,0.11171307299701905,-0.07686778181640365,-0.28515117413323976,-0.4067257387361823,-0.13270047852872255,-0.08815939042360277,-0.17962472872448973,-0.41277597623087564,-0.28985435837669127,-0.32293156421056973,1
2019-07-26,2994.8959999999997,2992.466,97.07318000000001,97.17960000000001,30.912,33.257999999999996,63.778,65.704,49.756,51.068,30.142000000000003,30.156,66.374,65.8,2.2882000000000002,2.4135999999999997,229.7369418913921,229.7369418913921,252.40196751010848,252.40196751010848,29.711589988088456,29.711589988088456,104.68507385253906,134.92514190673828,55.09393386840819,35.753724098205566,0.09535270895918099,0.2751793217194259,-0.23902607216383637,-0.18622505423819452,0.22260487082169753,0.11171307299701905,-0.2754727232471887,-0.28515117413323976,0.12686939980772932,-0.13270047852872255,-0.3194278778561044,-0.17962472872448973,-0.23982780016112196,-0.28985435837669127,0
2019-08-02,3007.918,2994.8959999999997,97.69286,97.07318000000001,27.976,30.912,63.424,63.778,49.388,49.756,30.248,30.142000000000003,66.8,66.374,2.2294,2.2882000000000002,229.7369418913921,229.7369418913921,252.40196751010848,252.40196751010848,29.711589988088456,29.711589988088456,170.4782745361328,104.68507385253906,69.90126419067383,55.09393386840819,-0.0688422469183505,0.09535270895918099,-0.37016405105886563,-0.23902607216383637,-0.03224070955512953,0.22260487082169753,-0.31512811519526196,-0.2754727232471887,0.21278971994270957,0.12686939980772932,-0.08361998739020951,-0.3194278778561044,-0.301122363834101,-0.23982780016112196,0
2019-08-09,2980.028,3007.918,98.22966,97.69286,30.264,27.976,63.198,63.424,48.862,49.388,30.318,30.248,65.826,66.8,2.1736,2.2294,248.65914633103253,229.7369418913921,269.1036036884971,252.40196751010848,29.99938937694359,29.711589988088456,140.99304656982423,170.4782745361328,88.42241134643554,69.90126419067383,0.2567338176359431,-0.0688422469183505,-0.28566695807429854,-0.37016405105886563,-0.018575816985025556,-0.03224070955512953,-0.3973022614999031,-0.31512811519526196,-0.2809493555818786,0.21278971994270957,-0.21153806743997242,-0.08361998739020951,-0.29368666324747306,-0.301122363834101,0
2019-08-16,2893.446,2980.028,97.59728,98.22966,32.263999999999996,30.264,58.178,63.198,48.436,48.862,29.79,30.318,63.984,65.826,2.117,2.1736,277.0424529904932,248.65914633103253,294.15605795608,269.1036036884971,30.431088460226285,29.99938937694359,156.35993194580078,140.99304656982423,117.02577209472653,88.42241134643554,0.1508522681792946,0.2567338176359431,-0.30345441535898676,-0.28566695807429854,-0.10149565254306854,-0.018575816985025556,-0.486184475525976,-0.3973022614999031,-0.08965759986144824,-0.2809493555818786,-0.01350029508505104,-0.21153806743997242,-0.014322298424697445,-0.29368666324747306,0
2019-08-23,2877.3900000000003,2893.446,97.90990000000001,97.59728,31.880000000000003,32.263999999999996,59.24399999999999,58.178,46.854,48.436,29.252,29.79,62.652,63.984,2.1748,2.117,277.0424529904932,277.0424529904932,294.15605795608,294.15605795608,30.431088460226285,30.431088460226285,114.31895751953125,156.35993194580078,75.20941200256348,117.02577209472653,0.020000594284713857,0.1508522681792946,-0.3562761047192328,-0.30345441535898676,0.0175452563711421,-0.10149565254306854,-0.43999907044147946,-0.486184475525976,-0.096983332044599,-0.08965759986144824,-0.11099986082269711,-0.01350029508505104,0.19798467459913296,-0.014322298424697445,1
2019-08-30,2903.73,2877.3900000000003,98.14066,97.90990000000001,30.802,31.880000000000003,59.866,59.24399999999999,46.007999999999996,46.854,29.562,29.252,62.648,62.652,2.1856,2.1748,277.0424529904932,277.0424529904932,294.15605795608,294.15605795608,30.431088460226285,30.431088460226285,157.5611557006836,114.31895751953125,56.32321472167969,75.20941200256348,0.1998266702894347,0.020000594284713857,-0.11494283895126971,-0.3562761047192328,0.17076050832227146,0.0175452563711421,-0.19028720791826453,-0.43999907044147946,0.024318347363369776,-0.096983332044599,-0.18239043279414743,-0.11099986082269711,0.11940932179020047,0.19798467459913296,0
2019-09-06,2902.035,2903.73,98.388375,98.14066,30.035,30.802,60.3775,59.866,45.5475,46.007999999999996,29.08,29.562,61.62,62.648,2.27,2.1856,277.0424529904932,277.0424529904932,294.15605795608,294.15605795608,30.43108846022628,30.431088460226285,110.03343486785889,157.5611557006836,72.2564811706543,56.32321472167969,0.20028091377244805,0.1998266702894347,-0.18227289466663857,-0.11494283895126971,0.0751210989028502,0.17076050832227146,-0.21058347709766445,-0.19028720791826453,-0.015474987008141927,0.024318347363369776,0.04431570972333115,-0.18239043279414743,0.0939802886442251,0.11940932179020047,1
2019-09-13,2949.69,2902.035,98.542675,98.388375,31.4875,30.035,60.3625,60.3775,44.8,45.5475,29.2125,29.08,62.4675,61.62,2.4827500000000002,2.27,245.1405571912844,277.0424529904932,240.0064395834275,294.15605795608,30.64904973119157,30.43108846022628,111.22863960266113,110.03343486785889,45.779419898986816,72.2564811706543,0.1159945432822728,0.20028091377244805,-0.002752016999104649,-0.18227289466663857,0.2035871573251728,0.0751210989028502,0.29655087595140883,-0.21058347709766445,-0.012097369459439603,-0.015474987008141927,0.1415979778249918,0.04431570972333115,0.28710350861289324,0.0939802886442251,1
2019-09-20,2995.142,2949.69,98.37854,98.542675,36.284000000000006,31.4875,61.275999999999996,60.3625,44.904,44.8,30.154000000000003,29.2125,65.328,62.4675,2.6184000000000003,2.4827500000000002,245.14055719128436,245.1405571912844,240.0064395834275,240.0064395834275,30.64904973119157,30.64904973119157,107.2372833251953,111.22863960266113,64.29052963256837,45.779419898986816,0.44195447290010614,0.1159945432822728,0.06450449185990008,-0.002752016999104649,0.3900822740141371,0.2035871573251728,0.018805415704784324,0.29655087595140883,-0.051757081477405466,-0.012097369459439603,0.13763786704404898,0.1415979778249918,0.05048982365871574,0.28710350861289324,0
2019-09-27,3001.85,2995.142,98.4542,98.37854,34.546,36.284000000000006,65.17,61.275999999999996,45.974000000000004,44.904,31.226,30.154000000000003,66.10799999999999,65.328,2.6428000000000003,2.6184000000000003,245.14055719128436,245.14055719128436,240.0064395834275,240.0064395834275,30.64904973119157,30.64904973119157,214.95464477539062,107.2372833251953,118.95768127441406,64.29052963256837,0.8831430619675344,0.44195447290010614,0.26391019194173315,0.06450449185990008,0.4274000696338952,0.3900822740141371,0.24449005066666868,0.018805415704784324,0.19556342444874034,-0.051757081477405466,0.03439625933398294,0.13763786704404898,0.1397071896662045,0.05048982365871574,0
2019-10-04,2976.532,3001.85,98.86580000000001,98.4542,31.333999999999996,34.546,62.98199999999999,65.17,46.354,45.974000000000004,30.227999999999998,31.226,64.742,66.10799999999999,2.5212,2.6428000000000003,245.14055719128436,245.14055719128436,240.0064395834275,240.0064395834275,30.64904973119157,30.64904973119157,116.47291564941406,214.95464477539062,53.121508026123045,118.95768127441406,0.4079323891874019,0.8831430619675344,0.473557133758732,0.26391019194173315,0.2513410993585066,0.4274000696338952,0.8370356718771743,0.24449005066666868,0.25559766714855237,0.19556342444874034,8.269457417060533e-05,0.03439625933398294,0.0991720082482285,0.1397071896662045,0
2019-10-11,2933.448,2976.532,99.07854,98.86580000000001,42.775999999999996,31.333999999999996,58.688,62.98199999999999,47.562,46.354,28.572000000000003,30.227999999999998,62.802,64.742,2.4918,2.5212,249.4808227134603,245.14055719128436,211.02555970992557,240.0064395834275,30.767381056807835,30.64904973119157,111.56508255004883,116.47291564941406,41.582308769226074,53.121508026123045,0.3915291117791406,0.4079323891874019,0.3381388988784536,0.473557133758732,0.26450083745113034,0.2513410993585066,0.20731960736724792,0.8370356718771743,0.22029785845578967,0.25559766714855237,0.10989017082715291,8.269457417060533e-05,0.2082369711549772,0.0991720082482285,1
2019-10-18,2931.93,2933.448,98.8592,99.07854,41.94,42.775999999999996,58.903999999999996,58.688,47.424,47.562,28.7,28.572000000000003,62.69200000000001,62.802,2.4602,2.4918,250.5658890940043,249.4808227134603,203.7803397415501,211.02555970992557,30.7969638882119,30.767381056807835,137.8381134033203,111.56508255004883,115.34645538330078,41.582308769226074,0.3573016876796534,0.3915291117791406,0.19491151718191974,0.3381388988784536,0.2257349089816739,0.26450083745113034,0.3629881961947573,0.20731960736724792,0.17367753252718937,0.22029785845578967,0.286014304037441,0.10989017082715291,0.156878401035498,0.2082369711549772,0
2019-10-25,2987.134,2931.93,97.91332,98.8592,41.839999999999996,41.94,59.36800000000001,58.903999999999996,47.798,47.424,28.976,28.7,64.036,62.69200000000001,2.5116,2.4602,250.5658890940043,250.5658890940043,203.7803397415501,203.7803397415501,30.7969638882119,30.7969638882119,186.55133361816408,137.8381134033203,74.85782718658447,115.34645538330078,0.5087001286649899,0.3573016876796534,0.28907571405062865,0.19491151718191974,0.26619722199084095,0.2257349089816739,0.27286625352242694,0.3629881961947573,0.20590635488810646,0.17367753252718937,0.2320764456787509,0.286014304037441,0.14243492654081724,0.156878401035498,1
2019-11-01,3008.014,2987.134,97.56967999999999,97.91332,40.488,41.839999999999996,60.70399999999999,59.36800000000001,47.5,47.798,29.368000000000002,28.976,65.11,64.036,2.4482,2.5116,250.5658890940043,250.5658890940043,203.7803397415501,203.7803397415501,30.7969638882119,30.7969638882119,131.003165435791,186.55133361816408,56.82999038696289,74.85782718658447,0.23180907678851037,0.5087001286649899,0.13013582936733842,0.28907571405062865,0.3504848146569026,0.26619722199084095,0.3906490990687669,0.27286625352242694,0.1921236339059555,0.20590635488810646,0.34360248782192765,0.2320764456787509,0.13413590808370973,0.14243492654081724,0
2019-11-08,3045.5099999999998,3008.014,97.48652,97.56967999999999,38.928000000000004,40.488,61.138,60.70399999999999,47.78,47.5,29.445999999999998,29.368000000000002,66.654,65.11,2.7018,2.4482,244.9718466468069,250.5658890940043,212.32176643220714,203.7803397415501,31.008298797079554,30.7969638882119,110.18030548095703,131.003165435791,76.51288070678712,56.82999038696289,0.3980536090605857,0.23180907678851037,0.20436703481675816,0.13013582936733842,0.2073074953077223,0.3504848146569026,0.20749256097722996,0.3906490990687669,0.4040784774119426,0.1921236339059555,0.08503116357599708,0.34360248782192765,0.4084931902828128,0.13413590808370973,0
2019-11-15,3081.5860000000002,3045.5099999999998,97.98834,97.48652,43.106,38.928000000000004,62.326,61.138,47.778000000000006,47.78,30.072000000000003,29.445999999999998,67.898,66.654,2.8954,2.7018,222.5956768580173,244.9718466468069,246.48747319483533,212.32176643220714,31.85363843255019,31.008298797079554,85.31686401367188,110.18030548095703,58.686272048950194,76.51288070678712,0.6067763041828138,0.3980536090605857,0.31735446298135045,0.20436703481675816,0.37378758671912904,0.2073074953077223,0.5099299211331071,0.20749256097722996,0.438381356512543,0.4040784774119426,0.3204930123411301,0.08503116357599708,0.25776597543425145,0.4084931902828128,0
2019-11-22,3097.996,3081.5860000000002,98.21261999999999,97.98834,40.854,43.106,62.438,62.326,47.525999999999996,47.778000000000006,30.466,30.072000000000003,68.574,67.898,2.7206,2.8954,222.5956768580173,222.5956768580173,246.48747319483533,246.48747319483533,31.85363843255019,31.85363843255019,113.81075515747068,85.31686401367188,71.20616226196289,58.686272048950194,0.35645393379299284,0.6067763041828138,0.327078534180374,0.31735446298135045,0.48050699046759454,0.37378758671912904,0.4881989289932912,0.5099299211331071,0.7906619794228297,0.438381356512543,0.4548605839248269,0.3204930123411301,0.22316101905611233,0.25776597543425145,1
2019-11-29,3112.9,3097.996,97.96772,98.21261999999999,40.762,40.854,62.622,62.438,47.376,47.525999999999996,30.427999999999997,30.466,68.668,68.574,2.6298000000000004,2.7206,222.5956768580173,222.5956768580173,246.48747319483533,246.48747319483533,31.85363843255019,31.85363843255019,105.06070022583008,113.81075515747068,44.859805297851565,71.20616226196289,0.5733789975112294,0.35645393379299284,0.5194323301037024,0.327078534180374,0.5846136128328195,0.48050699046759454,0.806984285221916,0.4881989289932912,0.35875493929679075,0.7906619794228297,0.38138317838213387,0.4548605839248269,0.41087558982966044,0.22316101905611233,0
2019-12-06,3142.1925,3112.9,98.30285,97.96772,42.1875,40.762,63.6025,62.622,47.49,47.376,31.064999999999998,30.427999999999997,69.3875,68.668,2.46225,2.6298000000000004,222.5956768580173,222.5956768580173,246.4874731948353,246.48747319483533,31.85363843255019,31.85363843255019,77.93310451507568,105.06070022583008,62.67346429824829,44.859805297851565,0.6480531859344263,0.5733789975112294,0.19824561971011226,0.5194323301037024,0.27756817367991066,0.5846136128328195,0.16419419594484444,0.806984285221916,0.07606553468717933,0.35875493929679075,0.06304722563717587,0.38138317838213387,0.08576938116461283,0.41087558982966044,1
2019-12-13,3116.634,3142.1925,97.66102000000001,98.30285,40.506,42.1875,62.504,63.6025,47.692,47.49,30.944,31.064999999999998,69.86,69.3875,2.3608000000000002,2.46225,235.9863245824384,222.5956768580173,234.4654160691961,246.4874731948353,33.16109302130006,31.85363843255019,96.5479835510254,77.93310451507568,57.62242660522461,62.67346429824829,0.6414904473713491,0.6480531859344263,0.3320750009191028,0.19824561971011226,0.5782715505228895,0.27756817367991066,0.4912249525771105,0.16419419594484444,0.260311376657656,0.07606553468717933,0.2773214416955577,0.06304722563717587,0.3822186053587642,0.08576938116461283,1
2019-12-20,3149.496,3116.634,97.35238,97.66102000000001,37.010000000000005,40.506,64.346,62.504,48.656,47.692,31.444,30.944,71.712,69.86,2.2683999999999997,2.3608000000000002,235.9863245824384,235.9863245824384,234.4654160691961,234.4654160691961,33.16109302130006,33.16109302130006,109.7457290649414,96.5479835510254,65.88292655944824,57.62242660522461,0.48714580275063535,0.6414904473713491,0.4780534329085423,0.3320750009191028,0.4166915752381287,0.5782715505228895,0.6013889684945946,0.4912249525771105,0.31422239328051993,0.260311376657656,0.47817323903901343,0.2773214416955577,0.43284804202505417,0.3822186053587642,1
2019-12-27,3200.3399999999997,3149.496,97.35182,97.35238,37.606,37.010000000000005,66.058,64.346,49.814,48.656,33.14,31.444,74.65,71.712,2.2936,2.2683999999999997,235.9863245824384,235.9863245824384,234.4654160691961,234.4654160691961,33.16109302130006,33.16109302130006,94.77853584289551,109.7457290649414,64.7728759765625,65.88292655944824,0.38655666653474474,0.48714580275063535,0.18840294161697838,0.4780534329085423,0.6766047940746956,0.4166915752381287,0.03355450346550144,0.6013889684945946,0.29896879411780913,0.31422239328051993,-0.09337322324700101,0.47817323903901343,0.30887131684767327,0.43284804202505417,0
2020-01-03,3229.1366666666668,3200.3399999999997,97.4501,97.35182,33.483333333333334,37.606,67.25,66.058,50.06333333333333,49.814,33.65333333333333,33.14,75.91000000000001,74.65,2.2116666666666664,2.2936,235.9863245824384,235.9863245824384,234.4654160691961,234.4654160691961,33.16109302130006,33.16109302130006,66.47431182861328,94.77853584289551,56.507811228434264,64.7728759765625,-0.0636865659422242,0.38655666653474474,-0.4594243291986011,0.18840294161697838,-0.4634852574799117,0.6766047940746956,-0.7500920269321995,0.03355450346550144,-0.24662373790994244,0.29896879411780913,-0.5605483988679507,-0.09337322324700101,-0.11266507165362256,0.30887131684767327,0
2020-01-10,3236.1925,3229.1366666666668,96.73,97.4501,31.7525,33.483333333333334,67.32249999999999,67.25,50.24,50.06333333333333,34.445,33.65333333333333,76.235,75.91000000000001,2.13,2.2116666666666664,217.60404031832292,235.9863245824384,214.324605502777,234.4654160691961,33.357882032174196,33.16109302130006,155.34600067138672,66.47431182861328,105.94904518127444,56.507811228434264,-0.14192211265827798,-0.0636865659422242,-0.4125917237462973,-0.4594243291986011,-0.20921977478121062,-0.4634852574799117,-0.4442378607623389,-0.7500920269321995,0.06745219354375485,-0.24662373790994244,-0.3038390380489289,-0.5605483988679507,-0.5375437180586464,-0.11266507165362256,1
2020-01-17,3255.312,3236.1925,97.1481,96.73,30.672000000000004,31.7525,66.59400000000001,67.32249999999999,50.384,50.24,35.344,34.445,77.186,76.235,2.1474,2.13,199.2217560542074,217.60404031832292,194.1837949363579,214.324605502777,33.55467104304833,33.357882032174196,389.32493591308594,155.34600067138672,185.3692886352539,105.94904518127444,-0.2620060368471148,-0.14192211265827798,0.30051996264623854,-0.4125917237462973,0.03020075241192468,-0.20921977478121062,0.17832359100342265,-0.4442378607623389,0.9517007214953009,0.06745219354375485,0.44111531705589224,-0.3038390380489289,-0.8260617192888298,-0.5375437180586464,1
2020-01-24,3301.4,3255.312,97.39106,97.1481,29.342000000000002,30.672000000000004,64.43199999999999,66.59400000000001,51.142,50.384,37.366,35.344,78.62,77.186,2.0846,2.1474,199.2217560542074,199.2217560542074,194.1837949363579,194.1837949363579,33.55467104304833,33.55467104304833,182.57005310058594,389.32493591308594,80.01359481811522,185.3692886352539,-0.17198145066623546,-0.2620060368471148,0.23037880271757816,0.30051996264623854,0.13805815440693442,0.03020075241192468,0.3857090832795601,0.17832359100342265,1.0295882678083323,0.9517007214953009,0.21665799426641721,0.44111531705589224,-0.6998671263829771,-0.8260617192888298,0
2020-01-31,3315.8875,3301.4,97.67035,97.39106,27.1375,29.342000000000002,62.6325,64.43199999999999,51.3,51.142,37.68,37.366,79.49000000000001,78.62,1.89075,2.0846,199.2217560542074,199.2217560542074,194.1837949363579,194.1837949363579,33.55467104304833,33.55467104304833,126.87316131591797,182.57005310058594,33.92730784416199,80.01359481811522,-0.12111241065809003,-0.17198145066623546,0.3105346059461356,0.23037880271757816,0.2197161007481613,0.13805815440693442,0.20155722158137937,0.3857090832795601,0.6847072140920752,1.0295882678083323,0.01334007708208608,0.21665799426641721,-0.8247229421188021,-0.6998671263829771,0
2020-02-07,3260.4900000000002,3315.8875,97.83466,97.67035,26.327999999999996,27.1375,59.017999999999994,62.6325,50.339999999999996,51.3,36.4,37.68,78.272,79.49000000000001,1.8817999999999997,1.89075,199.2217560542074,199.2217560542074,194.1837949363579,194.1837949363579,33.55467104304833,33.55467104304833,135.03955688476563,126.87316131591797,34.935035705566406,33.92730784416199,-0.176111966038849,-0.12111241065809003,0.2088996390716527,0.3105346059461356,0.07431380965799184,0.2197161007481613,0.2906253575661692,0.20155722158137937,0.7516980156057965,0.6847072140920752,-0.11209939155649562,0.01334007708208608,-0.8467726272888921,-0.8247229421188021,1
2020-02-14,3310.9380000000006,3260.4900000000002,98.23874,97.83466,22.633999999999997,26.327999999999996,54.61800000000001,59.017999999999994,50.629999999999995,50.339999999999996,38.378,36.4,82.816,78.272,1.886,1.8817999999999997,204.8352861057827,199.2217560542074,198.5084342568133,194.1837949363579,33.97988738732531,33.55467104304833,107.08123626708985,135.03955688476563,77.94639358520507,34.935035705566406,-0.19731929973996623,-0.176111966038849,0.26777192851792825,0.2088996390716527,0.1412116921446806,0.07431380965799184,0.4385925563159184,0.2906253575661692,0.3998944029841052,0.7516980156057965,-0.04566908363799005,-0.11209939155649562,-0.9449462642831697,-0.8467726272888921,1
2020-02-21,3368.678,3310.9380000000006,98.97996,98.23874,20.736,22.633999999999997,55.346000000000004,54.61800000000001,51.025999999999996,50.629999999999995,40.525999999999996,38.378,84.674,82.816,1.8426000000000002,1.886,204.8352861057827,204.8352861057827,198.5084342568133,198.5084342568133,33.97988738732531,33.97988738732531,59.31254501342774,107.08123626708985,65.40568809509277,77.94639358520507,-0.12021218145309284,-0.19731929973996623,0.3207880812410473,0.26777192851792825,0.12608043304484134,0.1412116921446806,0.5389685439151167,0.4385925563159184,0.6841382339092297,0.3998944029841052,0.016526806660505978,-0.04566908363799005,-0.9030410630056773,-0.9449462642831697,0
2020-02-28,3366.855,3368.678,99.582575,98.97996,22.8575,20.736,58.67,55.346000000000004,51.2575,51.025999999999996,43.51,40.525999999999996,87.2925,84.674,1.9475,1.8426000000000002,204.8352861057827,204.8352861057827,198.5084342568133,198.5084342568133,33.97988738732531,33.97988738732531,115.54331970214847,59.31254501342774,46.27194023132324,65.40568809509277,-0.33494533959342826,-0.12021218145309284,0.28537616022990026,0.3207880812410473,0.22297503013953426,0.12608043304484134,0.7590047025665414,0.5389685439151167,0.6360385902640029,0.6841382339092297,-0.08701854603103937,0.016526806660505978,-0.8170786733448889,-0.9030410630056773,0
2020-03-06,3080.694,3366.855,98.79364000000001,99.582575,22.562,22.8575,53.476,58.67,49.398,51.2575,39.512,43.51,78.512,87.2925,1.8126000000000002,1.9475,204.8352861057827,204.8352861057827,198.5084342568133,198.5084342568133,33.97988738732531,33.97988738732531,98.95570373535156,115.54331970214847,53.282622528076175,46.27194023132324,-0.1373165614752673,-0.33494533959342826,0.3335847610918358,0.28537616022990026,0.6144425968003947,0.22297503013953426,0.891406854794177,0.7590047025665414,0.6699425698031591,0.6360385902640029,0.18055810887566356,-0.08701854603103937,-0.4451146099555546,-0.8170786733448889,0
2020-03-13,3044.006,3080.694,96.96118,98.79364000000001,22.434,22.562,50.03,53.476,48.263999999999996,49.398,38.696,39.512,77.628,78.512,1.8122,1.8126000000000002,361.3688834091909,204.8352861057827,320.1086840377438,198.5084342568133,31.902760347429886,33.97988738732531,102.84395980834961,98.95570373535156,116.98924179077149,53.282622528076175,-0.07971874549394926,-0.1373165614752673,0.4477214692759204,0.3335847610918358,0.19266001400487845,0.6144425968003947,0.6365846790192699,0.891406854794177,0.5538569330872898,0.6699425698031591,0.38772000955862596,0.18055810887566356,-0.4397232599104921,-0.4451146099555546,0
2020-03-20,2712.366,3044.006,96.82488,96.96118,23.364,22.434,34.888,50.03,45.354,48.263999999999996,31.163999999999998,38.696,65.514,77.628,1.9022,1.8122,361.3688834091909,361.3688834091909,320.1086840377438,320.1086840377438,31.902760347429886,31.902760347429886,94.22557983398438,102.84395980834961,55.57243957519531,116.98924179077149,0.07096583479112556,-0.07971874549394926,0.08383607362847101,0.4477214692759204,0.2366339222896569,0.19266001400487845,0.43948968004731925,0.6365846790192699,0.35867657025392935,0.5538569330872898,0.2281889515423933,0.38772000955862596,0.6259554249272709,-0.4397232599104921,0
2020-03-27,2405.546,2712.366,100.70756,96.82488,22.578,23.364,27.822000000000003,34.888,41.836,45.354,24.338,31.163999999999998,54.662,65.514,1.734,1.9022,361.3688834091909,361.3688834091909,320.1086840377438,320.1086840377438,31.902760347429886,31.902760347429886,76.31971435546875,94.22557983398438,60.628370094299314,55.57243957519531,-0.07196545518315292,0.07096583479112556,-0.1889547437716248,0.08383607362847101,-0.07509359478651931,0.2366339222896569,0.03649170601854904,0.43948968004731925,0.15069290887220038,0.35867657025392935,0.15764751495049895,0.2281889515423933,0.6391240190214548,0.6259554249272709,1
2020-04-03,2466.366,2405.546,100.58264,100.70756,20.434,22.578,26.568,27.822000000000003,43.28,41.836,26.736,24.338,58.965999999999994,54.662,1.6952000000000003,1.734,361.3688834091909,361.3688834091909,320.1086840377438,320.1086840377438,31.902760347429886,31.902760347429886,131.78474044799805,76.31971435546875,46.747454833984364,60.628370094299314,-0.4294087494228222,-0.07196545518315292,0.18836546193408563,-0.1889547437716248,-0.18126883837829055,-0.07509359478651931,-0.01986956335698157,0.03649170601854904,0.19192405757726488,0.15069290887220038,0.1202332027363318,0.15764751495049895,0.35257711259845415,0.6391240190214548,1
2020-04-10,2539.458,2466.366,99.53456,100.58264,16.374000000000002,20.434,26.857999999999997,26.568,41.522000000000006,43.28,25.677999999999997,26.736,58.38199999999999,58.965999999999994,1.7344000000000002,1.6952000000000003,323.2866601154697,361.3688834091909,326.8338325151856,320.1086840377438,31.245045146997217,31.902760347429886,104.15918273925782,131.78474044799805,34.73601131439209,46.747454833984364,-0.4056513389620401,-0.4294087494228222,0.23359477245699684,0.18836546193408563,-0.03204541305003702,-0.18126883837829055,-0.042698386573938985,-0.01986956335698157,0.18902421989841012,0.19192405757726488,0.25245400616936176,0.1202332027363318,0.22854797495386978,0.35257711259845415,0
2020-04-17,2715.7225,2539.458,100.068025,99.53456,16.947499999999998,16.374000000000002,32.31,26.857999999999997,41.5275,41.522000000000006,27.9,25.677999999999997,63.307500000000005,58.38199999999999,1.888,1.7344000000000002,297.8985112529889,323.2866601154697,331.3172648334801,326.8338325151856,30.80656834670877,31.245045146997217,91.26255989074707,104.15918273925782,77.1818561553955,34.73601131439209,-0.45413640305835123,-0.4056513389620401,0.4418790722925415,0.23359477245699684,-0.032339759370771846,-0.03204541305003702,0.003048083375431984,-0.042698386573938985,0.13213597511267222,0.18902421989841012,0.2884947168265163,0.25245400616936176,0.06545316201326055,0.22854797495386978,1
2020-04-24,2825.8825,2715.7225,99.567125,100.068025,15.19,16.947499999999998,28.2975,32.31,40.695,41.5275,29.182499999999997,27.9,66.1575,63.307500000000005,1.8305,1.888,297.8985112529889,297.8985112529889,331.3172648334801,331.3172648334801,30.80656834670877,30.80656834670877,96.60650062561035,91.26255989074707,43.663089752197266,77.1818561553955,-0.4366717227001116,-0.45413640305835123,0.3857919613846803,0.4418790722925415,0.1987574125522892,-0.032339759370771846,0.03303484425109125,0.003048083375431984,0.24943315862345478,0.13213597511267222,0.20648512638668617,0.2884947168265163,-0.007807574422409029,0.06545316201326055,0
2020-05-01,2798.714,2825.8825,100.25644,99.567125,13.76,15.19,21.607999999999997,28.2975,39.734,40.695,29.028,29.182499999999997,65.312,66.1575,1.9846,1.8305,297.8985112529889,297.8985112529889,331.3172648334801,331.3172648334801,30.80656834670877,30.80656834670877,81.56326904296876,96.60650062561035,52.684241104125974,43.663089752197266,0.4036394976710348,-0.4366717227001116,0.9980481180321054,0.3857919613846803,0.4265579740858456,0.1987574125522892,0.4502941266358536,0.03303484425109125,0.48020941886812746,0.24943315862345478,0.47529678937032227,0.20648512638668617,0.13553813754438077,-0.007807574422409029,0
2020-05-08,2884.904,2798.714,99.52239999999999,100.25644,13.472,13.76,22.94,21.607999999999997,39.338,39.734,31.433999999999997,29.028,70.054,65.312,2.0518,1.9846,294.7684960871344,297.8985112529889,349.12488820603824,331.3172648334801,30.704695254875112,30.80656834670877,62.5059455871582,81.56326904296876,72.55023612976075,52.684241104125974,-0.061798432194669725,0.4036394976710348,0.8624684299397064,0.9980481180321054,0.21903905238740337,0.4265579740858456,0.4819265778140349,0.4502941266358536,0.39451951338387614,0.48020941886812746,0.37842867920917483,0.47529678937032227,-0.08927963540885131,0.13553813754438077,0
2020-05-15,2874.118,2884.904,99.82072000000001,99.52239999999999,13.806000000000001,13.472,29.663999999999998,22.94,39.932,39.338,31.462,31.433999999999997,69.728,70.054,2.1834,2.0518,282.2484354237163,294.7684960871344,420.3553816962708,349.12488820603824,30.29720288754047,30.704695254875112,56.9915168762207,62.5059455871582,60.39729385375976,72.55023612976075,-0.1466125073795594,-0.061798432194669725,0.5620428870864875,0.8624684299397064,0.3324089570689793,0.21903905238740337,0.5025504762636502,0.4819265778140349,0.48981441371147233,0.39451951338387614,0.6918855639248707,0.37842867920917483,-0.1799122294876551,-0.08927963540885131,1
2020-05-22,2867.328,2874.118,100.223,99.82072000000001,12.524,13.806000000000001,30.486,29.663999999999998,39.792,39.932,31.351999999999997,31.462,70.05,69.728,1.9245999999999999,2.1834,282.2484354237163,282.2484354237163,420.3553816962708,420.3553816962708,30.29720288754047,30.29720288754047,62.322649765014646,56.9915168762207,30.88612003326416,60.39729385375976,-0.33661458945613204,-0.1466125073795594,0.71031349249106,0.5620428870864875,0.11983960822808788,0.3324089570689793,0.37630609116556546,0.5025504762636502,0.4452613369336091,0.48981441371147233,0.405848352602025,0.6918855639248707,-0.024435145745509545,-0.1799122294876551,1
2020-05-29,2950.484,2867.328,99.51532,100.223,10.442,12.524,35.28,30.486,40.94,39.792,33.28,31.351999999999997,73.26599999999999,70.05,1.9172,1.9245999999999999,282.2484354237163,282.2484354237163,420.3553816962708,420.3553816962708,30.29720288754047,30.29720288754047,126.87623748779296,62.322649765014646,72.3494255065918,30.88612003326416,-0.20045902620363493,-0.33661458945613204,0.7121104488356061,0.71031349249106,0.086371968784658,0.11983960822808788,0.1417662728122267,0.37630609116556546,0.32530697603508624,0.4452613369336091,0.3149288443857222,0.405848352602025,-0.5513815779358893,-0.024435145745509545,1
2020-06-05,3025.485,2950.484,98.673475,99.51532,9.1675,10.442,35.3825,35.28,41.1525,40.94,34.8425,33.28,76.5425,73.26599999999999,1.9224999999999999,1.9172,282.2484354237163,282.2484354237163,420.3553816962708,420.3553816962708,30.29720288754047,30.29720288754047,112.33662843704222,126.87623748779296,47.54805374145508,72.3494255065918,-0.38802338735339725,-0.20045902620363493,0.03995972821704135,0.7121104488356061,0.03940679510312911,0.086371968784658,0.1245036179891239,0.1417662728122267,0.3212936024604448,0.32530697603508624,0.04150266641639943,0.3149288443857222,-0.38224577293462253,-0.5513815779358893,1
2020-06-12,3127.4925,3025.485,97.17225,98.673475,12.435,9.1675,40.4125,35.3825,42.5325,41.1525,37.605,34.8425,81.6,76.5425,1.8984999999999999,1.9224999999999999,247.6498374930804,282.2484354237163,313.9684966193665,420.3553816962708,30.884007891077,30.29720288754047,109.1165132522583,112.33662843704222,55.97925615310669,47.54805374145508,-0.12277984839012779,-0.38802338735339725,0.46965866115713517,0.03995972821704135,-0.005261595722919052,0.03940679510312911,0.22349438171905334,0.1245036179891239,0.2128010033476757,0.3212936024604448,-0.011888133370172353,0.04150266641639943,-0.6986775141445276,-0.38224577293462253,1
2020-06-19,3134.624,3127.4925,96.60763999999999,97.17225,12.586,12.435,40.19799999999999,40.4125,43.054,42.5325,38.513999999999996,37.605,81.798,81.6,1.8679999999999999,1.8984999999999999,247.64983749308038,247.6498374930804,313.9684966193665,313.9684966193665,30.884007891076998,30.884007891077,103.3076187133789,109.1165132522583,37.721204376220705,55.97925615310669,-0.08665764308696704,-0.12277984839012779,0.4941752924490436,0.46965866115713517,0.010696049536614556,-0.005261595722919052,0.11671737340370572,0.22349438171905334,0.15430570479902933,0.2128010033476757,-0.2868142156919461,-0.011888133370172353,-0.5942650723937569,-0.6986775141445276,1
2020-06-26,3103.58,3134.624,97.17434,96.60763999999999,13.868,12.586,41.018,40.19799999999999,43.038,43.054,38.522000000000006,38.513999999999996,80.392,81.798,1.7328,1.8679999999999999,247.64983749308038,247.64983749308038,313.9684966193665,313.9684966193665,30.884007891076998,30.884007891076998,105.43232803344729,103.3076187133789,84.1737091064453,37.721204376220705,-0.13324553979148662,-0.08665764308696704,0.2156092673228335,0.4941752924490436,-0.005121303077716638,0.010696049536614556,-0.15695903395419397,0.11671737340370572,0.21029649417302196,0.15430570479902933,-0.12124732447050138,-0.2868142156919461,-0.7719723424479716,-0.5942650723937569,1
2020-07-03,3078.458,3103.58,97.17229999999999,97.17434,14.203999999999999,13.868,41.618,41.018,42.082,43.038,38.432,38.522000000000006,79.518,80.392,1.636,1.7328,247.64983749308038,247.64983749308038,313.9684966193665,313.9684966193665,30.884007891076998,30.884007891076998,90.02312622070313,105.43232803344729,44.60599021911621,84.1737091064453,-0.16297556626525575,-0.13324553979148662,0.06848525131016582,0.2156092673228335,0.03674232155458206,-0.005121303077716638,-0.05978402770790521,-0.15695903395419397,0.61692102735924,0.21029649417302196,-0.1204488724766614,-0.12124732447050138,-0.7568300053719254,-0.7719723424479716,1
2020-07-10,3099.85,3078.458,97.305425,97.17229999999999,15.82,14.203999999999999,42.0075,41.618,43.035,42.082,40.8175,38.432,81.575,79.518,1.7622499999999999,1.636,248.2363469190139,247.64983749308038,315.3628761340766,313.9684966193665,30.87253764610886,30.884007891076998,75.21251916885376,90.02312622070313,73.23300886154175,44.60599021911621,0.46052758006779615,-0.16297556626525575,-0.13492938590553738,0.06848525131016582,0.05634471344163682,0.03674232155458206,-0.21889631036897467,-0.05978402770790521,0.2869935609295199,0.61692102735924,-0.06956988480545237,-0.1204488724766614,0.008139947227731148,-0.7568300053719254,0
2020-07-17,3166.4139999999998,3099.85,96.74356,97.305425,14.802000000000001,15.82,43.012,42.0075,43.354,43.035,44.9,40.8175,86.968,81.575,1.8752,1.7622499999999999,248.8228563449474,248.2363469190139,316.7572556487867,315.3628761340766,30.86106740114072,30.87253764610886,109.52237701416016,75.21251916885376,38.15281524658203,73.23300886154175,0.529907456859769,0.46052758006779615,-0.08051511234826456,-0.13492938590553738,0.09572237055714894,0.05634471344163682,-0.34971429457387443,-0.21889631036897467,0.3288540200904224,0.2869935609295199,-0.17896904080283543,-0.06956988480545237,0.7884905161862021,0.008139947227731148,0
2020-07-24,3203.92,3166.4139999999998,96.23114000000001,96.74356,13.065999999999999,14.802000000000001,43.184,43.012,42.54600000000001,43.354,46.903999999999996,44.9,90.574,86.968,1.7886,1.8752,248.8228563449474,248.8228563449474,316.7572556487867,316.7572556487867,30.86106740114072,30.86106740114072,81.4282543182373,109.52237701416016,47.10788307189942,38.15281524658203,0.2988564881575683,0.529907456859769,-0.15657163101537386,-0.08051511234826456,0.022251478208611102,0.09572237055714894,-0.3663666871210368,-0.34971429457387443,0.30179746369632243,0.3288540200904224,-0.21800221700221897,-0.17896904080283543,0.6728424377871178,0.7884905161862021,0
2020-07-31,3247.29,3203.92,95.01722,96.23114000000001,13.052000000000001,13.065999999999999,43.708000000000006,43.184,42.794,42.54600000000001,48.572,46.903999999999996,93.962,90.574,1.7635999999999998,1.7886,248.8228563449474,248.8228563449474,316.7572556487867,316.7572556487867,30.86106740114072,30.86106740114072,143.97145538330076,81.4282543182373,40.08676872253418,47.10788307189942,0.3205326156451028,0.2988564881575683,-0.13669097475680503,-0.15657163101537386,0.18119344373527205,0.022251478208611102,-0.28469983742040694,-0.3663666871210368,0.49866496229379165,0.30179746369632243,-0.046600801582308185,-0.21800221700221897,0.6720031396455541,0.6728424377871178,1
2020-08-07,3246.7259999999997,3247.29,93.42346,95.01722,13.784,13.052000000000001,43.324,43.708000000000006,42.976,42.794,47.408,48.572,93.38199999999999,93.962,1.9056000000000002,1.7635999999999998,248.8228563449474,248.8228563449474,316.7572556487867,316.7572556487867,30.86106740114072,30.86106740114072,115.63147048950195,143.97145538330076,39.28628273010254,40.08676872253418,0.033924860591138084,0.3205326156451028,-0.18378329951207964,-0.13669097475680503,-0.025067237503027157,0.18119344373527205,-0.4382317173211453,-0.28469983742040694,0.3338595127115197,0.49866496229379165,-0.2661085758577536,-0.046600801582308185,0.6121027396340252,0.6720031396455541,0
2020-08-14,3325.8660000000004,3246.7259999999997,93.16141999999999,93.42346,20.272,13.784,44.648,43.324,43.504,42.976,50.86,47.408,97.34,93.38199999999999,2.317,1.9056000000000002,213.09035734302012,248.8228563449474,293.933667244323,316.7572556487867,29.17690920915091,30.86106740114072,69.09716339111328,115.63147048950195,32.700521850585936,39.28628273010254,0.2779972118999015,0.033924860591138084,0.03951894587189856,-0.18378329951207964,-0.031045982248966826,-0.025067237503027157,-0.4494750707225661,-0.4382317173211453,0.3460908900719895,0.3338595127115197,-0.35038222329685287,-0.2661085758577536,0.6273146939397044,0.6121027396340252,1
2020-08-21,3364.1580000000004,3325.8660000000004,93.41066000000001,93.16141999999999,20.788,20.272,44.936,44.648,43.836,43.504,52.886,50.86,101.072,97.34,2.3428,2.317,213.09035734302012,213.09035734302012,293.933667244323,293.933667244323,29.17690920915091,29.17690920915091,81.40346221923829,69.09716339111328,27.212709617614745,32.700521850585936,0.12152993075167846,0.2779972118999015,-0.16909570351342493,0.03951894587189856,-0.06955000308615744,-0.031045982248966826,-0.488987076622044,-0.4494750707225661,0.6373164765892654,0.3460908900719895,-0.3406365670218075,-0.35038222329685287,0.43342092442981645,0.6273146939397044,1
2020-08-28,3385.858,3364.1580000000004,92.83122,93.41066000000001,22.522,20.788,45.089999999999996,44.936,44.856,43.836,54.016,52.886,104.69200000000001,101.072,2.5342,2.3428,213.09035734302012,213.09035734302012,293.933667244323,293.933667244323,29.17690920915091,29.17690920915091,142.5697265625,81.40346221923829,33.57975692749024,27.212709617614745,0.2999107865502772,0.12152993075167846,-0.15199478739470493,-0.16909570351342493,0.06034270904337358,-0.06955000308615744,-0.37703964073819973,-0.488987076622044,0.7579737156218795,0.6373164765892654,-0.07686905736433003,-0.3406365670218075,0.3847364464006135,0.43342092442981645,0
2020-09-04,3469.2380000000003,3385.858,92.90162000000001,92.83122,25.241999999999997,22.522,45.354,45.089999999999996,45.396,44.856,55.902,54.016,106.896,104.69200000000001,2.6824,2.5342,213.09035734302012,213.09035734302012,293.933667244323,293.933667244323,29.17690920915091,29.17690920915091,129.1485107421875,142.5697265625,39.23798904418946,33.57975692749024,0.3142232681750493,0.2999107865502772,0.057238320680058206,-0.15199478739470493,0.0964203805068899,0.06034270904337358,-0.3476769018066646,-0.37703964073819973,0.6516883670470816,0.7579737156218795,0.008118500984323318,-0.07686905736433003,0.43963272406965936,0.3847364464006135,0
2020-09-11,3497.964,3469.2380000000003,92.54436,92.90162000000001,29.412,25.241999999999997,44.403999999999996,45.354,45.302,45.396,56.178,55.902,107.15,106.896,2.9332000000000003,2.6824,265.49183939163737,213.09035734302012,310.3435085134512,293.933667244323,28.755387456909784,29.17690920915091,117.35636291503906,129.1485107421875,71.67655029296876,39.23798904418946,0.19140695896670049,0.3142232681750493,0.16735208388778283,0.057238320680058206,0.17257865782137252,0.0964203805068899,-0.25379275237394183,-0.3476769018066646,0.5290233172375356,0.6516883670470816,0.23547030677527975,0.008118500984323318,0.7045326219400909,0.43963272406965936,1
2020-09-18,3352.74,3497.964,93.348775,92.54436,27.91,29.412,40.115,44.403999999999996,45.120000000000005,45.302,53.5475,56.178,100.2775,107.15,2.82675,2.9332000000000003,278.5922099037917,265.49183939163737,314.4459688307332,310.3435085134512,28.6500070188495,28.755387456909784,121.1630630493164,117.35636291503906,70.83836650848389,71.67655029296876,0.1508255411819504,0.19140695896670049,0.37769399769891476,0.16735208388778283,0.12820613517596924,0.17257865782137252,0.0405083112732691,-0.25379275237394183,1.2155054845406923,0.5290233172375356,0.4979716436759436,0.23547030677527975,0.623795358810108,0.7045326219400909,0
2020-09-25,3369.3419999999996,3352.74,93.03936,93.348775,29.318,27.91,41.762,40.115,46.272000000000006,45.120000000000005,56.90599999999999,53.5475,105.292,100.2775,2.6710000000000003,2.82675,278.5922099037917,278.5922099037917,314.4459688307332,314.4459688307332,28.6500070188495,28.6500070188495,128.83947143554687,121.1630630493164,36.7631275177002,70.83836650848389,0.4306913083343603,0.1508255411819504,0.5712136199609622,0.37769399769891476,0.4804620213871361,0.12820613517596924,0.0908371629582229,0.0405083112732691,1.057136473008422,1.2155054845406923,0.4693882683707821,0.4979716436759436,0.6868049066132312,0.623795358810108,1
2020-10-02,3275.7200000000003,3369.3419999999996,94.16292,93.03936,31.442,29.318,41.757999999999996,41.762,46.138,46.272000000000006,55.696000000000005,56.90599999999999,102.2,105.292,2.7614,2.6710000000000003,278.5922099037917,278.5922099037917,314.4459688307332,314.4459688307332,28.6500070188495,28.6500070188495,91.66717529296876,128.83947143554687,39.472024536132814,36.7631275177002,0.49790526468359386,0.4306913083343603,0.6093126950709832,0.5712136199609622,0.37295563817437294,0.4804620213871361,0.32569462401713084,0.0908371629582229,1.0804098471546149,1.057136473008422,0.317199611060364,0.4693882683707821,0.6309712423299382,0.6868049066132312,0
2020-10-09,3355.862,3275.7200000000003,93.89774,94.16292,35.648,31.442,40.922000000000004,41.757999999999996,46.466,46.138,61.227999999999994,55.696000000000005,109.94000000000001,102.2,3.0166,2.7614,291.788326442734,278.5922099037917,312.594894836091,314.4459688307332,28.834120944616792,28.6500070188495,110.26824645996093,91.66717529296876,78.8893253326416,39.472024536132814,0.3394717095217686,0.49790526468359386,0.7899922149900074,0.6093126950709832,0.355509150094829,0.37295563817437294,0.3201484614402684,0.32569462401713084,0.709371029260773,1.0804098471546149,0.3415525656862156,0.317199611060364,1.1939846161321186,0.6309712423299382,0
2020-10-16,3422.5979999999995,3355.862,93.5094,93.89774,38.092,35.648,42.424,40.922000000000004,48.11,46.466,68.08,61.227999999999994,118.33599999999998,109.94000000000001,3.1518,3.0166,311.5825012511474,291.788326442734,309.8182838441277,312.594894836091,29.11029183326773,28.834120944616792,123.07690734863279,110.26824645996093,33.09148979187012,78.8893253326416,0.3983589492074136,0.3394717095217686,1.0189023685739118,0.7899922149900074,0.6038117472470763,0.355509150094829,0.4365038572172453,0.3201484614402684,0.6454060621705612,0.709371029260773,0.4016380327829676,0.3415525656862156,0.6768774678213466,1.1939846161321186,0
2020-10-23,3500.3940000000002,3422.5979999999995,93.49994000000001,93.5094,39.224000000000004,38.092,42.715999999999994,42.424,48.812,48.11,69.87,68.08,122.522,118.33599999999998,3.2478000000000002,3.1518,311.5825012511474,311.5825012511474,309.8182838441277,309.8182838441277,29.11029183326773,29.11029183326773,121.66322784423828,123.07690734863279,37.355472564697266,33.09148979187012,0.21694737350343885,0.3983589492074136,0.6428347826366918,1.0189023685739118,0.2736351938519511,0.6038117472470763,0.20096235230916631,0.4365038572172453,0.6147626053601905,0.6454060621705612,0.3735932457971466,0.4016380327829676,0.6649244914962072,0.6768774678213466,0
2020-10-30,3444.8959999999997,3500.3940000000002,92.97252,93.49994000000001,42.386,39.224000000000004,42.348,42.715999999999994,50.32000000000001,48.812,68.57000000000001,69.87,120.56400000000001,122.522,3.271,3.2478000000000002,311.5825012511474,311.5825012511474,309.8182838441277,309.8182838441277,29.11029183326773,29.11029183326773,80.00632629394532,121.66322784423828,78.71684112548829,37.355472564697266,0.21026074036559744,0.21694737350343885,0.3773373682720872,0.6428347826366918,0.23550806928327866,0.2736351938519511,0.07383537090921903,0.20096235230916631,0.5658492905391183,0.6147626053601905,0.19801506899738547,0.3735932457971466,0.6423608924061255,0.6649244914962072,1
2020-11-06,3328.55,3444.8959999999997,93.50108,92.97252,41.644,42.386,39.178,42.348,50.025999999999996,50.32000000000001,64.502,68.57000000000001,116.074,120.56400000000001,3.3482,3.271,311.5825012511474,311.5825012511474,309.8182838441277,309.8182838441277,29.11029183326773,29.11029183326773,119.45194091796876,80.00632629394532,57.87032585144043,78.71684112548829,-0.013375206760925459,0.21026074036559744,0.40960315600268826,0.3773373682720872,0.21417299406570503,0.23550806928327866,0.021129177156124484,0.07383537090921903,0.6203956172234155,0.5658492905391183,0.08724504502880323,0.19801506899738547,0.7603509421010439,0.6423608924061255,1
2020-11-13,3428.546,3328.55,93.16196,93.50108,40.088,41.644,40.058,39.178,50.232,50.025999999999996,69.136,64.502,123.324,116.074,3.1724,3.3482,328.1525176161318,311.5825012511474,404.4109194162361,309.8182838441277,27.588949620199138,29.11029183326773,94.68376998901367,119.45194091796876,101.35573196411133,57.87032585144043,-0.019206533204497497,-0.013375206760925459,0.6377948195755068,0.40960315600268826,0.2809298526251853,0.21417299406570503,-0.1707012405352246,0.021129177156124484,0.3396826724199986,0.6203956172234155,0.04786885675567219,0.08724504502880323,0.5699841742571417,0.7603509421010439,1
2020-11-20,3558.1699999999996,3428.546,92.85338,93.16196,39.794,40.088,43.224000000000004,40.058,51.260000000000005,50.232,74.106,69.136,130.31599999999997,123.324,3.0878,3.1724,328.1525176161318,328.1525176161318,404.4109194162361,404.4109194162361,27.588949620199138,27.588949620199138,85.64694595336913,94.68376998901367,59.31188049316406,101.35573196411133,0.2273254155587856,-0.019206533204497497,0.3603318053634917,0.6377948195755068,0.27170758837300846,0.2809298526251853,0.12665582409620096,-0.1707012405352246,0.5777243943714677,0.3396826724199986,0.17073147047713738,0.04786885675567219,0.6539024637148425,0.5699841742571417,1
2020-11-27,3588.728,3558.1699999999996,92.4221,92.85338,38.404,39.794,44.214,43.224000000000004,52.586,51.260000000000005,81.372,74.106,135.988,130.31599999999997,2.8072,3.0878,328.1525176161318,328.1525176161318,404.4109194162361,404.4109194162361,27.588949620199138,27.588949620199138,85.00095977783204,85.64694595336913,63.51259231567384,59.31188049316406,0.3411645224612242,0.2273254155587856,0.49182060047370424,0.3603318053634917,0.35816995395022205,0.27170758837300846,0.08980921887481501,0.12665582409620096,0.6517103150797656,0.5777243943714677,0.19529606190300272,0.17073147047713738,0.5359278213547045,0.6539024637148425,1
2020-12-04,3620.25,3588.728,92.114575,92.4221,39.5425,38.404,47.6775,44.214,52.335,52.586,93.1925,81.372,146.57,135.988,2.879,2.8072,328.1525176161318,328.1525176161318,404.4109194162361,404.4109194162361,27.58894962019914,27.588949620199138,56.599040508270264,85.00095977783204,73.30764889717102,63.51259231567384,0.33791805361403743,0.3411645224612242,0.39462233053793105,0.49182060047370424,0.13995974232696468,0.35816995395022205,0.2911501606784031,0.08980921887481501,0.5131297922581569,0.6517103150797656,-0.05025963534426158,0.19529606190300272,0.5234649707155046,0.5359278213547045,1
2020-12-11,3663.786,3620.25,91.14194,92.114575,42.864,39.5425,48.244,47.6775,51.156,52.335,89.19800000000001,93.1925,145.17000000000002,146.57,2.7224,2.879,232.79742635271532,328.1525176161318,326.5310913275298,404.4109194162361,27.278083437193562,27.58894962019914,102.70686416625976,56.599040508270264,37.60043640136719,73.30764889717102,0.3794557027530952,0.33791805361403743,0.4567262449073934,0.39462233053793105,0.2101827854035679,0.13995974232696468,0.059582288557052346,0.2911501606784031,0.6818231334875561,0.5131297922581569,0.17549865633157372,-0.05025963534426158,0.5099558549254738,0.5234649707155046,1
2020-12-18,3679.718,3663.786,90.92018,91.14194,43.62,42.864,49.342,48.244,51.312,51.156,90.42,89.19800000000001,147.036,145.17000000000002,2.4968,2.7224,208.95865353686116,232.79742635271532,307.0611343053532,326.5310913275298,27.200366891442165,27.278083437193562,95.44924163818358,102.70686416625976,22.64656791687012,37.60043640136719,0.4899359686638067,0.3794557027530952,0.9045668943991607,0.4567262449073934,0.3411902635401913,0.2101827854035679,0.22688297346361033,0.059582288557052346,0.6088391319083842,0.6818231334875561,0.2345502812996894,0.17549865633157372,0.6116577812730307,0.5099558549254738,0
2020-12-25,3695.0339999999997,3679.718,90.24452,90.92018,47.314,43.62,51.178,49.342,51.827999999999996,51.312,94.518,90.42,152.178,147.036,2.6713999999999998,2.4968,208.95865353686116,208.95865353686116,307.0611343053532,307.0611343053532,27.200366891442165,27.200366891442165,99.37486419677734,95.44924163818358,29.247629928588868,22.64656791687012,0.4596895700722504,0.4899359686638067,0.6613447241998571,0.9045668943991607,0.21851382105621348,0.3411902635401913,0.03302633343322194,0.22688297346361033,0.5368737830613571,0.6088391319083842,0.23801395827153454,0.2345502812996894,0.4458952895618615,0.6116577812730307,1
2021-01-01,3693.8125,3695.0339999999997,90.341275,90.24452,50.67,47.314,50.87,51.178,53.397499999999994,51.827999999999996,106.11999999999999,94.518,160.91,152.178,2.6345,2.6713999999999998,208.9586535368612,208.95865353686116,307.0611343053532,307.0611343053532,27.20036689144217,27.200366891442165,83.30515670776367,99.37486419677734,48.36259174346924,29.247629928588868,0.25297991122331726,0.4596895700722504,-0.12879773310506695,0.6613447241998571,-0.18008146048267287,0.21851382105621348,-0.6446185981828711,0.03302633343322194,0.1991224640540307,0.5368737830613571,-0.1923047988044162,0.23801395827153454,0.2570505848678806,0.4458952895618615,1
2021-01-08,3738.383333333333,3693.8125,89.85413333333332,90.341275,55.91,50.67,51.410000000000004,50.87,55.919999999999995,53.397499999999994,102.98666666666666,106.11999999999999,163.63,160.91,2.464,2.6345,208.9586535368612,208.9586535368612,307.0611343053532,307.0611343053532,27.20036689144217,27.20036689144217,96.87147776285808,83.30515670776367,40.85637982686361,48.36259174346924,0.1722300040855205,0.25297991122331726,-0.38046280003230515,-0.12879773310506695,-0.2820341850019117,-0.18008146048267287,-0.7559123211275844,-0.6446185981828711,0.15068936034653382,0.1991224640540307,-0.4183099685382085,-0.1923047988044162,0.14202963335034538,0.2570505848678806,0
2021-01-15,3760.8239999999996,3738.383333333333,89.7324,89.85413333333332,57.038,55.91,53.872,51.410000000000004,57.884,55.919999999999995,113.55199999999999,102.98666666666666,179.52,163.63,2.653,2.464,231.378640170334,208.9586535368612,276.189633535569,307.0611343053532,27.143417898043587,27.20036689144217,117.96832885742188,96.87147776285808,58.5892063140869,40.85637982686361,0.1554952954946685,0.1722300040855205,-0.049249566036866047,-0.38046280003230515,0.19794631860054207,-0.2820341850019117,-0.02650361013146168,-0.7559123211275844,-0.08751948929496817,0.15068936034653382,-0.11397482116619721,-0.4183099685382085,0.7491808197638035,0.14202963335034538,0
2021-01-22,3794.886,3760.8239999999996,90.39,89.7324,66.27799999999999,57.038,55.964,53.872,59.074,57.884,124.352,113.55199999999999,187.802,179.52,2.685,2.653,231.378640170334,231.378640170334,276.189633535569,276.189633535569,27.143417898043587,27.143417898043587,98.39985809326171,117.96832885742188,74.01402130126954,58.5892063140869,0.07445890226894672,0.1554952954946685,0.3645514070273597,-0.049249566036866047,0.4179727747090164,0.19794631860054207,0.061581561654564076,-0.02650361013146168,0.23526613697305293,-0.08751948929496817,0.20036663000742944,-0.11397482116619721,0.7027309906313445,0.7491808197638035,0
2021-01-29,3836.325,3794.886,90.31085,90.39,57.9825,66.27799999999999,55.8725,55.964,59.0575,59.074,128.2225,124.352,188.29500000000002,187.802,2.50375,2.685,231.378640170334,231.378640170334,276.189633535569,276.189633535569,27.14341789804359,27.143417898043587,90.68212985992432,98.39985809326171,46.53917694091797,74.01402130126954,0.3114957583178546,0.07445890226894672,0.6324207520962645,0.3645514070273597,0.3683987104912605,0.4179727747090164,0.5647004528057116,0.061581561654564076,0.37266295281299777,0.23526613697305293,0.10444199391677758,0.20036663000742944,0.7337383788803196,0.7027309906313445,1
2021-02-05,3791.4739999999997,3836.325,90.44166,90.31085,55.226,57.9825,55.802,55.8725,59.664,59.0575,125.22999999999999,128.2225,183.616,188.29500000000002,2.6406,2.50375,231.378640170334,231.378640170334,276.189633535569,276.189633535569,27.143417898043587,27.14341789804359,116.0625373840332,90.68212985992432,47.205745697021484,46.53917694091797,0.27745463198834824,0.3114957583178546,0.4081053799218931,0.6324207520962645,0.646528282995763,0.3683987104912605,0.6282894271403259,0.5647004528057116,0.1404615641931662,0.37266295281299777,0.2430310777669257,0.10444199391677758,1.074550134640557,0.7337383788803196,1
2021-02-12,3837.782,3791.4739999999997,91.14532,90.44166,47.984,55.226,58.089999999999996,55.802,61.0,59.664,127.768,125.22999999999999,182.154,183.616,2.8282,2.6406,185.2786673772225,231.378640170334,197.2399450906136,276.189633535569,27.5369416902136,27.143417898043587,131.26302490234374,116.0625373840332,68.97251358032226,47.205745697021484,0.3547055388183461,0.27745463198834824,0.5538369306783816,0.4081053799218931,0.5128321473190176,0.646528282995763,0.23445280443700783,0.6282894271403259,0.2143906447712208,0.1404615641931662,0.16657007455953804,0.2430310777669257,0.9273044032997684,1.074550134640557,0
2021-02-19,3917.582,3837.782,90.537,91.14532,48.006,47.984,61.338,58.089999999999996,61.592000000000006,61.0,133.564,127.768,185.652,182.154,2.8552,2.8282,185.2786673772225,185.2786673772225,197.2399450906136,197.2399450906136,27.5369416902136,27.5369416902136,80.38735885620116,131.26302490234374,51.5261947631836,68.97251358032226,0.3862708955205091,0.3547055388183461,0.5630582154561009,0.5538369306783816,0.5031546379489111,0.5128321473190176,0.27998805562926676,0.23445280443700783,0.47188143629293516,0.2143906447712208,0.08464222587868178,0.16657007455953804,0.5398970721591133,0.9273044032997684,1
2021-02-26,3921.15,3917.582,90.60215,90.537,42.61,48.006,63.6325,61.338,63.0225,61.592000000000006,122.6375,133.564,181.0625,185.652,2.994,2.8552,185.2786673772225,185.2786673772225,197.2399450906136,197.2399450906136,27.5369416902136,27.5369416902136,100.82806396484375,80.38735885620116,42.61914944648743,51.5261947631836,0.7830248976256851,0.3862708955205091,0.820640727223302,0.5630582154561009,0.30985455071683193,0.5031546379489111,0.5543162122266737,0.27998805562926676,0.6235819788033365,0.47188143629293516,0.4020742661552811,0.08464222587868178,0.5642639442197552,0.5398970721591133,0
2021-03-05,3864.7580000000003,3921.15,90.28049999999999,90.60215,40.39,42.61,66.13199999999999,63.6325,64.84,63.0225,110.16600000000001,122.6375,165.942,181.0625,2.8411999999999997,2.994,185.2786673772225,185.2786673772225,197.2399450906136,197.2399450906136,27.5369416902136,27.5369416902136,111.82325439453125,100.82806396484375,44.471897506713866,42.61914944648743,0.4013440368229511,0.7830248976256851,0.7864165550713385,0.820640727223302,0.4257354114055178,0.30985455071683193,0.5756689855298025,0.5543162122266737,0.2659621434631737,0.6235819788033365,0.23525808128666945,0.4020742661552811,0.7174028630726766,0.5642639442197552,1
2021-03-12,3840.4479999999994,3864.7580000000003,91.27678,90.28049999999999,40.260000000000005,40.39,65.312,66.13199999999999,63.662,64.84,103.042,110.16600000000001,156.876,165.942,2.8124000000000002,2.8411999999999997,217.4661914035098,185.2786673772225,215.64655523370078,197.2399450906136,27.82607463593438,27.5369416902136,152.60505065917968,111.82325439453125,57.91800079345703,44.471897506713866,0.42246950108477427,0.4013440368229511,0.6979486327766853,0.7864165550713385,0.43753989121678927,0.4257354114055178,0.5145125843975723,0.5756689855298025,0.4404394757144061,0.2659621434631737,0.3329094090172045,0.23525808128666945,0.7526457063306656,0.7174028630726766,1
2021-03-19,3895.656,3840.4479999999994,91.84872,91.27678,44.43,40.260000000000005,68.502,65.312,64.53,63.662,101.80999999999999,103.042,155.028,156.876,2.6922,2.8124000000000002,217.4661914035098,217.4661914035098,215.64655523370078,215.64655523370078,27.82607463593438,27.82607463593438,50.6117130279541,152.60505065917968,51.70117111206055,57.91800079345703,0.25593727575528064,0.42246950108477427,0.3648022516356771,0.6979486327766853,0.43433595444968026,0.43753989121678927,0.39392762293292755,0.5145125843975723,0.19636592562686944,0.4404394757144061,-0.019277271042670196,0.3329094090172045,0.577519565024614,0.7526457063306656,0
2021-03-26,3946.8660000000004,3895.656,91.88596,91.84872,44.424,44.43,66.616,68.502,65.012,64.53,103.326,101.80999999999999,157.66199999999998,155.028,2.5504000000000002,2.6922,217.4661914035098,217.4661914035098,215.64655523370078,215.64655523370078,27.82607463593438,27.82607463593438,142.6154571533203,50.6117130279541,44.43199081420899,51.70117111206055,0.3724881525814673,0.25593727575528064,0.46487240433495425,0.3648022516356771,0.313287014365108,0.43433595444968026,0.37158471432839485,0.39392762293292755,0.19208748526737288,0.19636592562686944,0.16826105254772963,-0.019277271042670196,0.5773806403196378,0.577519565024614,1
2021-04-02,3924.862,3946.8660000000004,92.47084,91.88596,47.098,44.424,63.267999999999994,66.616,64.326,65.012,94.704,103.326,151.762,157.66199999999998,2.5952,2.5504000000000002,217.4661914035098,217.4661914035098,215.64655523370078,215.64655523370078,27.82607463593438,27.82607463593438,115.13899078369141,142.6154571533203,45.01358108520509,44.43199081420899,0.34567456197024304,0.3724881525814673,0.6050067197495846,0.46487240433495425,0.42047909350607593,0.313287014365108,0.5398896379173036,0.37158471432839485,0.31496344863230197,0.19208748526737288,0.12762306637248116,0.16826105254772963,0.7166254233330225,0.5773806403196378,1
2021-04-09,3980.6,3924.862,93.0754,92.47084,47.3025,47.098,64.38,63.267999999999994,62.5675,64.326,95.2375,94.704,154.2525,151.762,2.6745,2.5952,208.0142039573734,217.4661914035098,211.24014799264245,215.64655523370078,27.83779558220312,27.82607463593438,85.52621269226074,115.13899078369141,91.63234043121336,45.01358108520509,0.10739053046286928,0.34567456197024304,0.5089998764716335,0.6050067197495846,0.19435582102806553,0.42047909350607593,0.3256579634457131,0.5398896379173036,0.1025682177009066,0.31496344863230197,0.2782650328474975,0.12762306637248116,0.7819309281640271,0.7166254233330225,1
2021-04-16,4094.965,3980.6,92.237675,93.0754,47.7475,47.3025,63.0125,64.38,64.18,62.5675,95.85249999999999,95.2375,156.1825,154.2525,2.58625,2.6745,179.6582416189642,208.0142039573734,198.0209262694674,211.24014799264245,27.87295842100934,27.83779558220312,104.69766330718993,85.52621269226074,39.53345584869385,91.63234043121336,0.05461668681425187,0.10739053046286928,0.33730030038622016,0.5089998764716335,0.2775718702429544,0.19435582102806553,0.6001788945396965,0.3256579634457131,-0.011905998182455552,0.1025682177009066,0.0434840740354433,0.2782650328474975,0.8564247737541177,0.7819309281640271,1
2021-04-23,4150.026,4094.965,91.76348,92.237675,49.632,47.7475,65.44800000000001,63.0125,66.13199999999999,64.18,89.702,95.85249999999999,153.51600000000002,156.1825,2.7032,2.58625,179.6582416189642,179.6582416189642,198.0209262694674,198.0209262694674,27.872958421009336,27.87295842100934,173.15413513183594,104.69766330718993,79.32989387512208,39.53345584869385,-0.09957025073669593,0.05461668681425187,0.3864196169510111,0.33730030038622016,0.28531656949046214,0.2775718702429544,0.4948111082122306,0.6001788945396965,0.04561579734559324,-0.011905998182455552,0.5139420498595999,0.0434840740354433,0.7714587211803321,0.8564247737541177,1
2021-04-30,4157.354,4150.026,91.1031,91.76348,52.54,49.632,66.09,65.44800000000001,70.534,66.13199999999999,87.018,89.702,153.554,153.51600000000002,2.8091999999999997,2.7032,179.6582416189642,179.6582416189642,198.0209262694674,198.0209262694674,27.872958421009336,27.872958421009336,164.73758544921876,173.15413513183594,103.7337875366211,79.32989387512208,0.16525078470097235,-0.09957025073669593,0.5562492332254876,0.3864196169510111,0.3893819069645719,0.28531656949046214,0.9061436351101232,0.4948111082122306,0.238174239365981,0.04561579734559324,0.3171462277580499,0.5139420498595999,0.9408098269042016,0.7714587211803321,1
2021-05-07,4190.032,4157.354,90.85516,91.1031,55.910000000000004,52.54,67.03,66.09,74.83399999999999,70.534,91.354,87.018,156.044,153.554,2.943,2.8091999999999997,179.6582416189642,179.6582416189642,198.0209262694674,198.0209262694674,27.872958421009336,27.872958421009336,57.091831588745116,164.73758544921876,62.528062057495106,103.7337875366211,0.1862118644669656,0.16525078470097235,0.5944654044588662,0.5562492332254876,0.5248602038800344,0.3893819069645719,0.6131474444954258,0.9061436351101232,0.2810899208298008,0.238174239365981,0.3653455093332245,0.3171462277580499,1.0021879751199716,0.9408098269042016,1
2021-05-14,4191.6175,4190.032,90.91527500000001,90.85516,61.1875,55.910000000000004,68.5525,67.03,78.665,74.83399999999999,81.49,91.354,144.875,156.044,2.9930000000000003,2.943,141.3860555109252,179.6582416189642,176.025189036383,198.0209262694674,28.7752018488241,27.872958421009336,98.79040336608887,57.091831588745116,35.54521656036377,62.528062057495106,0.4621919481608465,0.1862118644669656,0.44603555170966996,0.5944654044588662,0.3809663415665214,0.5248602038800344,0.6040873824554494,0.6131474444954258,0.20029724451482234,0.2810899208298008,0.2120440811466708,0.3653455093332245,0.9334349867050724,1.0021879751199716,0
2021-05-21,4137.984,4191.6175,90.46752,90.91527500000001,66.412,61.1875,68.39,68.5525,78.224,78.665,74.72200000000001,81.49,138.804,144.875,3.0076,2.9930000000000003,141.3860555109252,141.3860555109252,176.025189036383,176.025189036383,28.7752018488241,28.7752018488241,114.0150161743164,98.79040336608887,65.61306858062743,35.54521656036377,0.3139651607565903,0.4621919481608465,0.6483954560058767,0.44603555170966996,0.4284098256692589,0.3809663415665214,0.48542223410985547,0.6040873824554494,0.04210033202456588,0.20029724451482234,0.5725235120007331,0.2120440811466708,0.9775480083309306,0.9334349867050724,0
2021-05-28,4144.356,4137.984,89.9995,90.46752,62.678,66.412,67.276,68.39,76.18199999999999,78.224,77.9,74.72200000000001,142.462,138.804,3.0476,3.0076,141.3860555109252,141.3860555109252,176.025189036383,176.025189036383,28.7752018488241,28.7752018488241,150.6332778930664,114.0150161743164,91.1406364440918,65.61306858062743,0.48050170502652706,0.3139651607565903,0.410453324391054,0.6483954560058767,0.43589697056587423,0.4284098256692589,0.6142245611631665,0.48542223410985547,0.27967195370444586,0.04210033202456588,0.6246566099984453,0.5725235120007331,0.8393977888406642,0.9775480083309306,0
2021-06-04,4197.232,4144.356,89.92372,89.9995,63.684000000000005,62.678,69.014,67.276,75.154,76.18199999999999,81.266,77.9,148.702,142.462,2.9892000000000003,3.0476,141.3860555109252,141.3860555109252,176.025189036383,176.025189036383,28.7752018488241,28.7752018488241,216.0470458984375,150.6332778930664,65.32080688476563,91.1406364440918,0.26847142554406794,0.48050170502652706,0.4635358526851096,0.410453324391054,0.41932489729155087,0.43589697056587423,0.3422176175920717,0.6142245611631665,0.031467307832469496,0.27967195370444586,0.6110880771805136,0.6246566099984453,0.6560126925206076,0.8393977888406642,1
2021-06-11,4208.225,4197.232,90.11605,89.92372,62.947500000000005,63.684000000000005,71.2,69.014,78.58250000000001,75.154,85.595,81.266,149.5275,148.702,3.09825,2.9892000000000003,152.6149430795404,141.3860555109252,173.4976688410244,176.025189036383,27.86369418649615,28.7752018488241,93.55205154418945,216.0470458984375,29.047065734863285,65.32080688476563,0.38669684784893577,0.26847142554406794,-0.14996253212615965,0.4635358526851096,0.4471613433532765,0.41932489729155087,0.18276378026487483,0.3422176175920717,-0.006413388662971999,0.031467307832469496,0.07959706393844536,0.6110880771805136,0.4717237178003625,0.6560126925206076,0
2021-06-18,4231.99,4208.225,90.15684,90.11605,67.872,62.947500000000005,72.228,71.2,79.356,78.58250000000001,89.07000000000001,85.595,151.142,149.5275,3.17,3.09825,152.6149430795404,152.6149430795404,173.4976688410244,173.4976688410244,27.86369418649615,27.86369418649615,108.9587905883789,93.55205154418945,45.7095085144043,29.047065734863285,0.39999179979146315,0.38669684784893577,0.2649070460930927,-0.14996253212615965,0.22053288339799676,0.4471613433532765,0.09663268068806544,0.18276378026487483,0.2492135641278202,-0.006413388662971999,-0.14307850518957138,0.07959706393844536,0.7269955166017148,0.4717237178003625,1
2021-06-25,4222.75,4231.99,91.33258000000001,90.15684,69.644,67.872,73.566,72.228,73.428,79.356,88.07000000000001,89.07000000000001,154.038,151.142,3.281,3.17,152.6149430795404,152.6149430795404,173.4976688410244,173.4976688410244,27.86369418649615,27.86369418649615,121.20210342407229,108.9587905883789,47.80112495422363,45.7095085144043,0.3571182709356921,0.39999179979146315,0.548434878393626,0.2649070460930927,0.270515105893277,0.22053288339799676,0.2210857465375678,0.09663268068806544,0.2853245454395493,0.2492135641278202,0.15626842625290394,-0.14307850518957138,0.4029323734489365,0.7269955166017148,1
2021-07-02,4252.052,4222.75,91.8019,91.33258000000001,76.61600000000001,69.644,75.328,73.566,72.292,73.428,88.81,88.07000000000001,156.212,154.038,3.3602,3.281,152.6149430795404,152.6149430795404,173.4976688410244,173.4976688410244,27.86369418649615,27.86369418649615,112.68265686035156,121.20210342407229,49.80600357055664,47.80112495422363,0.14861595315125214,0.3571182709356921,0.14879328357901672,0.548434878393626,0.24118253342113388,0.270515105893277,0.16935323542364172,0.2210857465375678,0.2786582646747869,0.2853245454395493,-0.21412572225941923,0.15626842625290394,0.2789622705414252,0.4029323734489365,0
2021-07-09,4310.438,4252.052,92.22439999999999,91.8019,85.356,76.61600000000001,75.316,75.328,75.72200000000001,72.292,92.96000000000001,88.81,161.252,156.212,3.6246,3.3602,170.5207318621029,152.6149430795404,180.8955126138176,173.4976688410244,28.137674346825357,27.86369418649615,72.82506866455078,112.68265686035156,87.67312774658203,49.80600357055664,0.18004048492069807,0.14861595315125214,-0.10330002746509352,0.14879328357901672,0.1706314734838058,0.24118253342113388,0.016576076798176898,0.16935323542364172,0.7693761041980547,0.2786582646747869,-0.13384938621171413,-0.21412572225941923,0.222103467791819,0.2789622705414252,0
2021-07-16,4348.01,4310.438,92.43425,92.22439999999999,83.735,85.356,74.4075,75.316,72.5925,75.72200000000001,87.955,92.96000000000001,158.66,161.252,3.6265,3.6246,197.3794150359467,170.5207318621029,191.9922782730074,180.8955126138176,28.54864458731916,28.137674346825357,47.972344398498535,72.82506866455078,33.26010274887085,87.67312774658203,0.11249307743315193,0.18004048492069807,-0.11678747602047437,-0.10330002746509352,-0.043005491058787856,0.1706314734838058,-0.1430805761391968,0.016576076798176898,0.4032912583803492,0.7693761041980547,-0.09260371891001319,-0.13384938621171413,0.18565190666290715,0.222103467791819,0
2021-07-23,4363.066000000001,4348.01,92.53956,92.43425,85.144,83.735,74.694,74.4075,74.46799999999999,72.5925,84.264,87.955,155.804,158.66,3.6642,3.6265,197.3794150359467,197.3794150359467,191.9922782730074,191.9922782730074,28.54864458731916,28.54864458731916,77.57208938598633,47.972344398498535,64.99155960083007,33.26010274887085,0.006228825084092155,0.11249307743315193,-0.01846343601461626,-0.11678747602047437,0.0304885103614998,-0.043005491058787856,0.19168631301843894,-0.1430805761391968,0.2869841832772599,0.4032912583803492,-0.23944797167631626,-0.09260371891001319,0.29249972709880623,0.18565190666290715,1
2021-07-30,4343.902,4363.066000000001,92.86771999999999,92.53956,88.766,85.144,71.61800000000001,74.694,75.256,74.46799999999999,82.55,84.264,155.098,155.804,3.9135999999999997,3.6642,197.3794150359467,197.3794150359467,191.9922782730074,191.9922782730074,28.54864458731916,28.54864458731916,78.68331604003906,77.57208938598633,37.285696792602536,64.99155960083007,-0.0777999087984868,0.006228825084092155,-0.09518958481620629,-0.01846343601461626,-0.14957059241358156,0.0304885103614998,-0.11832462483789744,0.19168631301843894,0.697059123865196,0.2869841832772599,-0.12202718962257864,-0.23944797167631626,0.3895017911039817,0.29249972709880623,1
2021-08-06,4407.762000000001,4343.902,92.28412,92.86771999999999,99.6,88.766,75.22,71.61800000000001,75.888,75.256,81.986,82.55,155.45999999999998,155.098,3.9942,3.9135999999999997,197.3794150359467,197.3794150359467,191.9922782730074,191.9922782730074,28.54864458731916,28.54864458731916,66.62635192871093,78.68331604003906,62.76621379852295,37.285696792602536,0.2582432907412981,-0.0777999087984868,0.10442485625218009,-0.09518958481620629,-0.0778667158854538,-0.14957059241358156,-0.09536581224817724,-0.11832462483789744,0.5262632141078829,0.697059123865196,-0.14051644238978675,-0.12202718962257864,0.2961124174654841,0.3895017911039817,1
2021-08-13,4415.718,4407.762000000001,92.29714,92.28412,107.098,99.6,71.534,75.22,75.488,75.888,82.78999999999999,81.986,160.484,155.45999999999998,4.087000000000001,3.9942,187.2057819239056,197.3794150359467,205.21844507488157,191.9922782730074,29.814063323696836,28.54864458731916,101.75655364990234,66.62635192871093,51.23032112121582,62.76621379852295,-0.0695437176845671,0.2582432907412981,-0.21962064370256468,0.10442485625218009,-0.138635372899062,-0.0778667158854538,-0.1908327742972149,-0.09536581224817724,0.19625334297068922,0.5262632141078829,-0.11845524086039125,-0.14051644238978675,0.28528116815999305,0.2961124174654841,0
2021-08-20,4449.126,4415.718,92.90092,92.29714,111.59,107.098,70.602,71.534,77.428,75.488,84.524,82.78999999999999,160.276,160.484,4.0144,4.087000000000001,187.2057819239056,187.2057819239056,205.21844507488157,205.21844507488157,29.814063323696836,29.814063323696836,77.32966957092285,101.75655364990234,73.85762786865234,51.23032112121582,0.03248463508424056,-0.0695437176845671,-0.14393142133451148,-0.21962064370256468,-0.12487464073832777,-0.138635372899062,0.11971118244196195,-0.1908327742972149,0.3214621648334811,0.19625334297068922,-0.17095162477556208,-0.11845524086039125,0.1498073071540847,0.28528116815999305,1
2021-08-27,4435.106,4449.126,93.18708,92.90092,110.364,111.59,67.68,70.602,77.638,77.428,75.876,84.524,155.42000000000002,160.276,3.8774,4.0144,187.2057819239056,187.2057819239056,205.21844507488157,205.21844507488157,29.814063323696836,29.814063323696836,121.09887390136717,77.32966957092285,72.85002212524414,73.85762786865234,-0.09400322087898615,0.03248463508424056,-0.2630373063640613,-0.14393142133451148,-0.20593935013423786,-0.12487464073832777,0.010924738324125837,0.11971118244196195,0.21468417514846055,0.3214621648334811,-0.08526102608452743,-0.17095162477556208,0.4332611815881493,0.1498073071540847,1
2021-09-03,4488.264,4435.106,92.89054,93.18708,112.782,110.364,71.164,67.68,76.65599999999999,77.638,79.61,75.876,159.80599999999998,155.42000000000002,4.08,3.8774,187.2057819239056,187.2057819239056,205.21844507488157,205.21844507488157,29.814063323696836,29.814063323696836,146.3957748413086,121.09887390136717,103.58729934692383,72.85002212524414,-0.22313142620898527,-0.09400322087898615,-0.021062566346322437,-0.2630373063640613,-0.2971319886086409,-0.20593935013423786,0.053391603776278385,0.010924738324125837,-0.0459518606732365,0.21468417514846055,-0.22342313337758143,-0.08526102608452743,0.37016723013542085,0.4332611815881493,1
2021-09-10,4529.7875,4488.264,92.376625,92.89054,129.4775,112.782,72.555,71.164,75.1925,76.65599999999999,82.41499999999999,79.61,163.04,159.80599999999998,4.6355,4.08,201.84785246826783,187.2057819239056,212.87887271715456,205.21844507488157,30.723173525060314,29.814063323696836,148.3075656890869,146.3957748413086,97.35202121734619,103.58729934692383,-0.045335387042757976,-0.22313142620898527,-0.024244143411557232,-0.021062566346322437,-0.16836237012468064,-0.2971319886086409,0.3303048813884569,0.053391603776278385,0.09433699326662398,-0.0459518606732365,0.002314835926733122,-0.22342313337758143,0.5411942795172211,0.37016723013542085,0
2021-09-17,4496.49,4529.7875,92.60105,92.376625,140.9425,129.4775,72.16499999999999,72.555,73.1625,75.1925,80.8925,82.41499999999999,160.435,163.04,4.9055,4.6355,206.7285426497219,201.84785246826783,215.4323485979122,212.87887271715456,31.02621025884814,30.723173525060314,90.47545909881593,148.3075656890869,71.35495185852051,97.35202121734619,0.08723267998584383,-0.045335387042757976,-0.05972343908110875,-0.024244143411557232,-0.17250817360273382,-0.16836237012468064,0.30432354926552097,0.3303048813884569,-0.055213747469864016,0.09433699326662398,0.2083088857955343,0.002314835926733122,0.5798748435505268,0.5411942795172211,1
2021-09-24,4459.844,4496.49,92.7785,92.60105,163.33800000000002,140.9425,74.716,72.16499999999999,73.702,73.1625,80.35,80.8925,157.382,160.435,5.3225999999999996,4.9055,206.72854264972187,206.7285426497219,215.43234859791218,215.4323485979122,31.026210258848142,31.02621025884814,128.51239166259768,90.47545909881593,59.516868591308594,71.35495185852051,0.49020778594161313,0.08723267998584383,0.3125575624255278,-0.05972343908110875,0.16877902491437166,-0.17250817360273382,0.4653025789222981,0.30432354926552097,0.10205890338008805,-0.055213747469864016,0.05343209276849241,0.2083088857955343,0.6713388865463183,0.5798748435505268,1
2021-10-01,4402.4039999999995,4459.844,93.26259999999999,92.7785,181.45999999999998,163.33800000000002,75.962,74.716,73.52000000000001,73.702,78.274,80.35,153.712,157.382,4.9924,5.3225999999999996,206.72854264972187,206.72854264972187,215.43234859791218,215.43234859791218,31.026210258848142,31.026210258848142,86.59152755737304,128.51239166259768,50.40478096008301,59.516868591308594,0.26509843967238256,0.49020778594161313,0.9981680205606264,0.3125575624255278,0.29001711072060843,0.16877902491437166,0.3284903444092929,0.4653025789222981,0.3482007181927561,0.10205890338008805,0.6925090239085143,0.05343209276849241,1.024516139551468,0.6713388865463183,0
2021-10-08,4363.956,4402.4039999999995,93.9706,93.26259999999999,218.66,181.45999999999998,79.012,75.962,74.858,73.52000000000001,77.90599999999999,78.274,150.28400000000002,153.712,5.792,4.9924,205.08491798852606,206.72854264972187,210.4959228716329,215.43234859791218,30.88497700417197,31.026210258848142,98.25535430908204,86.59152755737304,65.3216766357422,50.40478096008301,0.5991821345280027,0.26509843967238256,0.6317328307887768,0.9981680205606264,0.1978554981499072,0.29001711072060843,0.5503917745393249,0.3284903444092929,0.03251315425715262,0.3482007181927561,0.3997434042451686,0.6925090239085143,1.1962106946835267,1.024516139551468,0
2021-10-15,4360.166,4363.956,94.06952,93.9706,256.19,218.66,81.848,79.012,75.654,74.858,74.054,77.90599999999999,147.462,150.28400000000002,5.9336,5.792,198.5104193437427,205.08491798852606,190.7502199665158,210.4959228716329,30.3200439854673,30.88497700417197,132.64541015625002,98.25535430908204,47.60096206665039,65.3216766357422,0.7220548149269606,0.5991821345280027,0.7589704559301591,0.6317328307887768,0.1835116964038225,0.1978554981499072,0.5197632765121291,0.5503917745393249,-0.032455820425078316,0.03251315425715262,0.6404835726390636,0.3997434042451686,0.8153198577015652,1.1962106946835267,0
2021-10-22,4397.054,4360.166,94.17178,94.06952,232.28400000000002,256.19,83.822,81.848,74.816,75.654,78.684,74.054,154.252,147.462,5.671,5.9336,198.5104193437427,198.5104193437427,190.7502199665158,190.7502199665158,30.3200439854673,30.3200439854673,66.2397689819336,132.64541015625002,92.08500480651853,47.60096206665039,0.5383407314127301,0.7220548149269606,0.5947120157757221,0.7589704559301591,0.12937694865875374,0.1835116964038225,0.4373606739377817,0.5197632765121291,-0.0966500785522585,-0.032455820425078316,0.5096099040861938,0.6404835726390636,1.0074678327023707,0.8153198577015652,1
2021-10-29,4527.392,4397.054,93.74356,94.17178,227.532,232.28400000000002,85.074,83.822,75.096,74.816,81.252,78.684,162.994,154.252,5.368,5.671,198.5104193437427,198.5104193437427,190.7502199665158,190.7502199665158,30.3200439854673,30.3200439854673,140.61566772460938,66.2397689819336,53.46816825866699,92.08500480651853,0.6166014934767634,0.5383407314127301,0.5053402336460566,0.5947120157757221,0.40321890487266854,0.12937694865875374,0.8231467312236658,0.4373606739377817,0.0331242289613329,-0.0966500785522585,0.6611071607027839,0.5096099040861938,0.8701104959308845,1.0074678327023707,0
2021-11-05,4578.95,4527.392,93.83294000000001,93.74356,204.296,227.532,85.13399999999999,85.074,76.47,75.096,85.35,81.252,172.202,162.994,5.9314,5.368,198.5104193437427,198.5104193437427,190.7502199665158,190.7502199665158,30.3200439854673,30.3200439854673,119.06389312744143,140.61566772460938,78.33426094055176,53.46816825866699,0.45730567996252836,0.6166014934767634,0.5651712912205152,0.5053402336460566,0.20779549809090425,0.40321890487266854,0.8016289221716214,0.8231467312236658,0.08658615022372596,0.0331242289613329,0.5224338457488703,0.6611071607027839,0.8626295173461852,0.8701104959308845,1
2021-11-12,4656.496,4578.95,94.0796,93.83294000000001,183.682,204.296,82.94,85.13399999999999,76.84,76.47,92.09200000000001,85.35,176.998,172.202,5.6354,5.9314,246.6082671136009,198.5104193437427,233.2031464568653,190.7502199665158,32.17536888554123,30.3200439854673,131.66289978027345,119.06389312744143,46.59520416259765,78.33426094055176,0.39288321487804356,0.45730567996252836,0.7164427840542811,0.5651712912205152,0.2099118854757585,0.20779549809090425,0.9502965630018932,0.8016289221716214,-0.00045293874671815807,0.08658615022372596,0.21120351582128002,0.5224338457488703,0.6829958492988367,0.8626295173461852,1
2021-11-19,4673.156,4656.496,94.63768,94.0796,191.488,183.682,83.178,82.94,76.724,76.84,93.646,92.09200000000001,174.44400000000002,176.998,5.1348,5.6354,246.6082671136009,246.6082671136009,233.2031464568653,233.2031464568653,32.17536888554123,32.17536888554123,122.71627807617188,131.66289978027345,42.146244812011716,46.59520416259765,0.5659571940701001,0.39288321487804356,0.7976494113294137,0.7164427840542811,0.2496230656789086,0.2099118854757585,0.9631139804562177,0.9502965630018932,0.07575832561684696,-0.00045293874671815807,0.2743849426772601,0.21120351582128002,0.7266061207108342,0.6829958492988367,1
2021-11-26,4694.974,4673.156,95.7687,94.63768,228.60399999999998,191.488,80.978,83.178,77.434,76.724,92.314,93.646,174.41,174.44400000000002,5.0855999999999995,5.1348,246.6082671136009,246.6082671136009,233.2031464568653,233.2031464568653,32.17536888554123,32.17536888554123,185.14793701171874,122.71627807617188,59.6131233215332,42.146244812011716,0.33488041464015667,0.5659571940701001,0.8791619479894713,0.7976494113294137,0.38126756037969034,0.2496230656789086,0.671045918335271,0.9631139804562177,0.13897498906832464,0.07575832561684696,0.3934415602209983,0.2743849426772601,0.7545526009369834,0.7266061207108342,1
2021-12-03,4667.43,4694.974,96.476,95.7687,224.41750000000002,228.60399999999998,79.245,80.978,77.9025,77.434,88.27250000000001,92.314,172.54500000000002,174.41,5.1217500000000005,5.0855999999999995,246.6082671136009,246.6082671136009,233.2031464568653,233.2031464568653,32.17536888554123,32.17536888554123,111.40548133850098,185.14793701171874,51.42155623435974,59.6131233215332,0.292662184571444,0.33488041464015667,0.5069834213581914,0.8791619479894713,0.021753163418041177,0.38126756037969034,0.38607575323397814,0.671045918335271,-0.10378763998459084,0.13897498906832464,0.32180821948511396,0.3934415602209983,0.4381740711853948,0.7545526009369834,1
2021-12-10,4570.168,4667.43,96.08116,96.476,237.974,224.41750000000002,70.486,79.245,74.596,77.9025,82.318,88.27250000000001,167.846,172.54500000000002,4.3064,5.1217500000000005,277.53901279387503,246.6082671136009,251.45963515952607,233.2031464568653,33.67397033499395,32.17536888554123,136.07641601562503,111.40548133850098,24.979422760009765,51.42155623435974,0.5640293797906617,0.292662184571444,0.6160079042671823,0.5069834213581914,0.1954356277631039,0.021753163418041177,0.639265627148219,0.38607575323397814,0.05118655939553855,-0.10378763998459084,0.36394676371448254,0.32180821948511396,0.7476469863399801,0.4381740711853948,0
2021-12-17,4671.82,4570.168,96.16312,96.08116,251.85999999999999,237.974,74.782,70.486,75.934,74.596,78.80199999999999,82.318,163.26799999999997,167.846,3.7491999999999996,4.3064,298.1595099140577,277.53901279387503,263.6306276279666,251.45963515952607,34.67303796796243,33.67397033499395,206.00411376953124,136.07641601562503,90.97469940185547,24.979422760009765,0.39685839263829176,0.5640293797906617,0.5584019322975051,0.6160079042671823,0.2928256222109726,0.1954356277631039,0.7268900940015355,0.639265627148219,-0.009399460805483978,0.05118655939553855,0.6186756355603956,0.36394676371448254,0.6136860848717125,0.7476469863399801,0
2021-12-24,4660.444,4671.82,96.38428,96.16312,331.476,251.85999999999999,74.102,74.782,74.92999999999999,75.934,73.978,78.80199999999999,156.752,163.26799999999997,3.7177999999999995,3.7491999999999996,298.1595099140577,298.1595099140577,263.6306276279666,263.6306276279666,34.67303796796243,34.67303796796243,160.5422836303711,206.00411376953124,53.98888626098633,90.97469940185547,0.021818393205131497,0.39685839263829176,0.3765943550950986,0.5584019322975051,0.08065068332207573,0.2928256222109726,0.46558607219380266,0.7268900940015355,0.060182337664975105,-0.009399460805483978,0.16938253075202633,0.6186756355603956,0.4973472673372449,0.6136860848717125,1
2021-12-31,4659.9,4660.444,96.3719,96.38428,395.3725,331.476,74.41,74.102,75.185,74.92999999999999,71.1675,73.978,153.905,156.752,3.7555,3.7177999999999995,298.1595099140577,298.1595099140577,263.6306276279666,263.6306276279666,34.67303796796243,34.67303796796243,175.4077606201172,160.5422836303711,29.497445106506348,53.98888626098633,-0.037307486589083325,0.021818393205131497,-0.22044517609367414,0.3765943550950986,-0.11406124683865787,0.08065068332207573,-0.2475754599309334,0.46558607219380266,-0.2610381177467537,0.060182337664975105,-0.30258982597069184,0.16938253075202633,0.1647522780168356,0.4973472673372449,1
2022-01-07,4779.323333333334,4659.9,95.94869999999999,96.3719,204.72,395.3725,78.77666666666666,74.41,75.60000000000001,75.185,70.82333333333334,71.1675,159.06666666666666,153.905,3.6140000000000003,3.7555,298.1595099140577,298.1595099140577,263.6306276279666,263.6306276279666,34.67303796796243,34.67303796796243,129.3822275797526,175.4077606201172,26.011639912923176,29.497445106506348,-0.07226018275765714,-0.037307486589083325,-0.33840490543018237,-0.22044517609367414,-0.4074868871627242,-0.11406124683865787,-0.7146061028966247,-0.2475754599309334,0.13096003652603191,-0.2610381177467537,-0.30926369453329006,-0.30258982597069184,0.09752143138392598,0.1647522780168356,0
2022-01-14,4716.8,4779.323333333334,96.103075,95.94869999999999,222.545,204.72,81.13499999999999,78.77666666666666,75.7025,75.60000000000001,68.6,70.82333333333334,153.70999999999998,159.06666666666666,3.6719999999999997,3.6140000000000003,264.634188370913,298.1595099140577,226.2146206019169,263.6306276279666,32.14025891384075,34.67303796796243,131.22455024719238,129.3822275797526,58.91462993621826,26.011639912923176,-0.615669092313622,-0.07226018275765714,-0.33836137646819175,-0.33840490543018237,-0.3396463893818503,-0.4074868871627242,-0.3131074031208824,-0.7146061028966247,0.03996215982492572,0.13096003652603191,-0.4400402570916513,-0.30926369453329006,0.07041305529991729,0.09752143138392598,1
2022-01-21,4686.318,4716.8,95.31798,96.103075,197.838,222.545,83.958,81.13499999999999,74.954,75.7025,65.428,68.6,151.314,153.70999999999998,4.043,3.6719999999999997,264.634188370913,264.634188370913,226.2146206019169,226.2146206019169,32.14025891384075,32.14025891384075,203.16237182617186,131.22455024719238,57.03971481323241,58.91462993621826,-0.6818581591259318,-0.615669092313622,-0.018800605513802294,-0.33836137646819175,-0.28896341552165117,-0.3396463893818503,-0.2212068871908237,-0.3131074031208824,-0.26197875611766674,0.03996215982492572,-0.31490764485478573,-0.4400402570916513,0.13524943765309572,0.07041305529991729,1
2022-01-28,4497.635,4686.318,95.6908,95.31798,184.1725,197.838,88.055,83.958,77.6225,74.954,58.725,65.428,145.2525,151.314,3.831,4.043,264.634188370913,264.634188370913,226.2146206019169,226.2146206019169,32.14025891384075,32.14025891384075,209.9098777770996,203.16237182617186,70.37891292572021,57.03971481323241,-0.7565548350330611,-0.6818581591259318,-0.31725102884968104,-0.018800605513802294,-0.528410004825442,-0.28896341552165117,-0.1217961451396718,-0.2212068871908237,-0.28242397089246063,-0.26197875611766674,-0.3884251147921918,-0.31490764485478573,-0.13388619154144843,0.13524943765309572,1
2022-02-04,4374.974,4497.635,96.56484,95.6908,221.73000000000002,184.1725,88.76,88.055,78.644,77.6225,53.327999999999996,58.725,133.95,145.2525,4.1122,3.831,264.634188370913,264.634188370913,226.2146206019169,226.2146206019169,32.14025891384075,32.14025891384075,359.9357604980469,209.9098777770996,79.56644210815429,70.37891292572021,-0.13086247227245176,-0.7565548350330611,0.44669018569242513,-0.31725102884968104,-0.15416368963304966,-0.528410004825442,0.25879267355160784,-0.1217961451396718,0.14862202373427746,-0.28242397089246063,0.20643084564536088,-0.3884251147921918,0.17719696549396785,-0.13388619154144843,1
2022-02-11,4525.888,4374.974,95.93728,96.56484,192.204,221.73000000000002,90.844,88.76,78.408,78.644,55.215999999999994,53.327999999999996,136.612,133.95,4.700799999999999,4.1122,229.301165304267,264.634188370913,187.98012850184983,226.2146206019169,32.15401809299982,32.14025891384075,259.9752487182617,359.9357604980469,47.31855583190918,79.56644210815429,-0.5674019286199249,-0.13086247227245176,-0.1814837880678261,0.44669018569242513,-0.4930427878521234,-0.15416368963304966,-0.28374811091291197,0.25879267355160784,-0.21944322695492957,0.14862202373427746,-0.3728570212093849,0.20643084564536088,-0.4039872319081967,0.17719696549396785,0
2022-02-18,4503.062,4525.888,95.65822,95.93728,184.676,192.204,92.174,90.844,79.056,78.408,56.166,55.215999999999994,135.746,136.612,4.0548,4.700799999999999,220.46790953760552,229.301165304267,178.4215054768331,187.98012850184983,32.15745788778959,32.15401809299982,224.35105895996094,259.9752487182617,47.50173797607422,47.31855583190918,-0.697585052050861,-0.5674019286199249,-0.039905239117723604,-0.1814837880678261,-0.4239230791694647,-0.4930427878521234,0.06944728453202045,-0.28374811091291197,-0.30233054819386174,-0.21944322695492957,-0.00015521999680492282,-0.3728570212093849,-0.21636252845601564,-0.4039872319081967,1
2022-02-25,4415.376,4503.062,96.00316000000001,95.65822,177.398,184.676,94.21600000000001,92.174,79.854,79.056,57.114,56.166,135.93400000000003,135.746,4.356,4.0548,220.46790953760552,220.46790953760552,178.4215054768331,178.4215054768331,32.15745788778959,32.15745788778959,338.1945007324219,224.35105895996094,91.62098159790038,47.50173797607422,-0.22533867632161586,-0.697585052050861,0.4111262828608728,-0.039905239117723604,-0.3291350633220304,-0.4239230791694647,0.14261934029250428,0.06944728453202045,0.019344242413742142,-0.30233054819386174,0.14896918505280216,-0.00015521999680492282,-0.22060581874978444,-0.21636252845601564,0
2022-03-04,4300.9025,4415.376,96.480675,96.00316000000001,237.96000000000004,177.398,97.6725,94.21600000000001,83.1575,79.854,54.1925,57.114,131.54500000000002,135.93400000000003,4.545,4.356,220.4679095376055,220.46790953760552,178.4215054768331,178.4215054768331,32.15745788778959,32.15745788778959,618.7855453491211,338.1945007324219,164.23890495300293,91.62098159790038,-0.106341083171718,-0.22533867632161586,0.4083197252838119,0.4111262828608728,-0.38598448077251785,-0.3291350633220304,0.07101688858683916,0.14261934029250428,0.04238201009798747,0.019344242413742142,2.1135881038257307,0.14896918505280216,0.12908414822244083,-0.22060581874978444,1
2022-03-11,4351.82,4300.9025,97.54051999999999,96.480675,353.226,237.96000000000004,109.492,97.6725,89.28,83.1575,57.977999999999994,54.1925,136.6,131.54500000000002,4.7154,4.545,357.70319840833497,220.4679095376055,277.4106175679804,178.4215054768331,33.62809462476797,32.15745788778959,656.8275512695312,618.7855453491211,257.9247253417969,164.23890495300293,0.17554034207545116,-0.106341083171718,0.04633994187122074,0.4083197252838119,-0.3526918318140223,-0.38598448077251785,0.21174350180538865,0.07101688858683916,0.0634824963009607,0.04238201009798747,1.3197316336130718,2.1135881038257307,0.004180663122879282,0.12908414822244083,1
2022-03-18,4222.7,4351.82,98.79823999999999,97.54051999999999,406.5,353.226,116.86600000000001,109.492,92.28200000000001,89.28,60.056,57.977999999999994,134.522,136.6,4.6834,4.7154,392.0120206260174,357.70319840833497,302.1578955907672,277.4106175679804,33.99575380901257,33.62809462476797,422.9339233398438,656.8275512695312,292.19940490722655,257.9247253417969,0.580316127370105,0.17554034207545116,0.13388155528816797,0.04633994187122074,-0.34697541238114205,-0.3526918318140223,0.5490870856507641,0.21174350180538865,-0.02746728427187086,0.0634824963009607,1.1226424617360924,1.3197316336130718,-0.06481602833518925,0.004180663122879282,0
2022-03-25,4333.642,4222.7,98.54642,98.79823999999999,256.382,406.5,103.88,116.86600000000001,90.36999999999999,92.28200000000001,60.444,60.056,134.466,134.522,4.8052,4.6834,392.0120206260174,392.0120206260174,302.1578955907672,302.1578955907672,33.99575380901257,33.99575380901257,453.6723876953125,422.9339233398438,237.0933044433594,292.19940490722655,-0.03684374775061272,0.580316127370105,0.09826416728211582,0.13388155528816797,-0.44772531106619623,-0.34697541238114205,0.15385379029017945,0.5490870856507641,0.11618651961641513,-0.02746728427187086,0.6183749306563606,1.1226424617360924,-0.04769235159370015,-0.06481602833518925,1
2022-04-01,4498.45,4333.642,98.63552,98.54642,247.56799999999998,256.382,118.476,103.88,91.788,90.36999999999999,65.23400000000001,60.444,140.672,134.466,5.2984,4.8052,392.0120206260174,392.0120206260174,302.1578955907672,302.1578955907672,33.99575380901257,33.99575380901257,341.3018829345703,453.6723876953125,263.8409149169922,237.0933044433594,-0.12791321877734535,-0.03684374775061272,0.1670036388396759,0.09826416728211582,-0.3596077557608933,-0.44772531106619623,0.219240569549854,0.15385379029017945,-0.10158580011178386,0.11618651961641513,0.38724479357437164,0.6183749306563606,-0.07855735263485064,-0.04769235159370015,0
2022-04-08,4577.168,4498.45,98.46802,98.63552,269.812,247.56799999999998,109.69200000000001,118.476,89.606,91.788,65.384,65.23400000000001,144.976,140.672,5.6044,5.2984,380.54341629567546,392.0120206260174,296.36467357125184,302.1578955907672,33.98087308880993,33.99575380901257,268.4745361328125,341.3018829345703,232.07320556640624,263.8409149169922,-0.08933035130088388,-0.12791321877734535,0.24746534566452993,0.1670036388396759,-0.327022408195182,-0.3596077557608933,0.43395792764703867,0.219240569549854,0.0003961151060656198,-0.10158580011178386,0.488186548784798,0.38724479357437164,0.0006919080790117965,-0.07855735263485064,0
2022-04-15,4515.4800000000005,4577.168,99.55248,98.46802,237.55,269.812,103.72,109.69200000000001,91.60799999999999,89.606,63.75,65.384,145.84,144.976,6.16,5.6044,334.6689989743078,380.54341629567546,273.1917854931903,296.36467357125184,33.92135020799937,33.98087308880993,252.55721435546874,268.4745361328125,156.389616394043,232.07320556640624,-0.2495203660575361,-0.08933035130088388,0.16443660006605412,0.24746534566452993,-0.2750152179787272,-0.327022408195182,0.3000039579993202,0.43395792764703867,-0.1618021237813501,0.0003961151060656198,0.5640019496042875,0.488186548784798,0.19672091272278266,0.0006919080790117965,1
2022-04-22,4412.29,4515.4800000000005,100.114425,99.55248,203.625,237.55,105.9,103.72,94.745,91.60799999999999,58.9725,63.75,139.5725,145.84,7.00125,6.16,334.6689989743078,334.6689989743078,273.1917854931903,273.1917854931903,33.92135020799937,33.92135020799937,258.9236183166504,252.55721435546874,263.4862937927246,156.389616394043,-0.17626546537315974,-0.2495203660575361,-0.06894292288658911,0.16443660006605412,-0.4102641457667553,-0.2750152179787272,0.23931978304947166,0.3000039579993202,-0.34525698378451336,-0.1618021237813501,0.14657857497264265,0.5640019496042875,-0.13084039179448137,0.19672091272278266,0
2022-04-29,4396.775,4412.29,100.76015000000001,100.114425,177.8675,203.625,107.2575,105.9,96.335,94.745,55.67,58.9725,134.99,139.5725,7.02525,7.00125,334.6689989743078,334.6689989743078,273.1917854931903,273.1917854931903,33.92135020799937,33.92135020799937,232.9893569946289,258.9236183166504,184.98650932312012,263.4862937927246,-0.21575467856017527,-0.17626546537315974,0.5559247022099288,-0.06894292288658911,-0.3763780912177074,-0.4102641457667553,0.2874950986480929,0.23931978304947166,0.02541658231267739,-0.34525698378451336,0.3433364757158777,0.14657857497264265,0.0242754887704427,-0.13084039179448137,1
2022-05-06,4214.942,4396.775,102.66748,100.76015000000001,151.786,177.8675,105.91199999999999,107.2575,97.316,96.335,51.894000000000005,55.67,127.66600000000001,134.99,7.094200000000001,7.02525,334.6689989743078,334.6689989743078,273.1917854931903,273.1917854931903,33.92135020799937,33.92135020799937,216.91603088378906,232.9893569946289,159.07541046142578,184.98650932312012,-0.2714995671366776,-0.21575467856017527,0.16500618546069984,0.5559247022099288,-0.3058263793421763,-0.3763780912177074,0.4209979342961779,0.2874950986480929,0.06323113933968025,0.02541658231267739,0.46592399083605107,0.3433364757158777,0.004091648706140039,0.0242754887704427,0
2022-05-13,4186.465,4214.942,103.307875,102.66748,154.77499999999998,151.786,109.6,105.91199999999999,95.66,97.316,53.4775,51.894000000000005,127.65,127.66600000000001,8.3665,7.094200000000001,328.4752137086073,334.6689989743078,280.8489250995917,273.1917854931903,34.4440771230424,33.92135020799937,181.02455139160156,216.91603088378906,174.32355499267578,159.07541046142578,-0.3423559347319441,-0.2714995671366776,0.09393909536803657,0.16500618546069984,-0.393955926915595,-0.3058263793421763,0.25164800620643774,0.4209979342961779,-0.14341280625503505,0.06323113933968025,0.29551768831297504,0.46592399083605107,-0.18834666490378343,0.004091648706140039,0
2022-05-20,3976.2879999999996,4186.465,104.17573999999999,103.307875,147.644,154.77499999999998,106.982,109.6,95.688,95.66,45.146,53.4775,115.394,127.65,7.58,8.3665,328.4752137086073,328.4752137086073,280.8489250995917,280.8489250995917,34.4440771230424,34.4440771230424,183.62831420898436,181.02455139160156,170.3489501953125,174.32355499267578,-0.32654340258017645,-0.3423559347319441,0.06701574408194841,0.09393909536803657,-0.30448202605808156,-0.393955926915595,0.17885560748330764,0.25164800620643774,-0.05608342327033098,-0.14341280625503505,0.3116258536281234,0.29551768831297504,-0.017890707338691886,-0.18834666490378343,0
2022-05-27,3964.5379999999996,3976.2879999999996,103.47428,104.17573999999999,171.23399999999998,147.644,111.974,106.982,98.21799999999999,95.688,49.236000000000004,45.146,121.67,115.394,8.296000000000001,7.58,328.4752137086073,328.4752137086073,280.8489250995917,280.8489250995917,34.4440771230424,34.4440771230424,200.65375671386718,183.62831420898436,136.12178955078124,170.3489501953125,-0.3942046157482901,-0.32654340258017645,0.15951171081825327,0.06701574408194841,-0.4438426460824923,-0.30448202605808156,0.03227095579708496,0.17885560748330764,-0.08529707168598903,-0.05608342327033098,0.11419023102017194,0.3116258536281234,-0.20499682638833563,-0.017890707338691886,1
2022-06-03,4022.0080000000003,3964.5379999999996,101.87414,103.47428,143.678,171.23399999999998,115.56800000000001,111.974,96.248,98.21799999999999,50.872,49.236000000000004,125.83,121.67,8.852599999999999,8.296000000000001,328.4752137086073,328.4752137086073,280.8489250995917,280.8489250995917,34.4440771230424,34.4440771230424,187.83080444335937,200.65375671386718,163.39057312011718,136.12178955078124,-0.4336795297439272,-0.3942046157482901,-0.02782490952466062,0.15951171081825327,-0.43981181793546603,-0.4438426460824923,0.05851713702977054,0.03227095579708496,-0.27091299626355825,-0.08529707168598903,-0.08960224753182888,0.11419023102017194,-0.2833852292620604,-0.20499682638833563,0
2022-06-10,4116.69,4022.0080000000003,102.16789999999999,101.87414,171.775,143.678,119.565,115.56800000000001,93.14,96.248,52.620000000000005,50.872,128.76999999999998,125.83,8.411999999999999,8.852599999999999,330.55173329168895,328.4752137086073,266.69562444045334,280.8489250995917,34.356275000865026,34.4440771230424,212.6538314819336,187.83080444335937,170.13865661621094,163.39057312011718,-0.4814520816198626,-0.4336795297439272,-0.3506982337244967,-0.02782490952466062,-0.4436599435915571,-0.43981181793546603,-0.06843033398662099,0.05851713702977054,-0.3108355707701519,-0.27091299626355825,-0.13441259977610576,-0.08960224753182888,-0.39272638375659574,-0.2833852292620604,1
2022-06-17,4063.3120000000004,4116.69,102.96304,102.16789999999999,142.74,171.775,121.748,119.565,94.84,93.14,53.572,52.620000000000005,130.58599999999998,128.76999999999998,9.021600000000001,8.411999999999999,332.6282528747705,330.55173329168895,252.5423237813149,266.69562444045334,34.26847287868765,34.356275000865026,177.60823211669918,212.6538314819336,105.9192283630371,170.13865661621094,-0.45986388749336726,-0.4814520816198626,-0.29625372256407545,-0.3506982337244967,-0.5325330743988957,-0.4436599435915571,0.0473940736229317,-0.06843033398662099,-0.3425436085978202,-0.3108355707701519,-0.14969140579915652,-0.13441259977610576,-0.4528966872333336,-0.39272638375659574,1
2022-06-24,3723.3419999999996,4063.3120000000004,104.81572000000001,102.96304,208.692,142.74,118.976,121.748,93.116,94.84,47.08,53.572,120.492,130.58599999999998,7.5098,9.021600000000001,332.6282528747705,332.6282528747705,252.5423237813149,252.5423237813149,34.26847287868765,34.26847287868765,142.00003967285156,177.60823211669918,114.66599731445312,105.9192283630371,-0.525533175523152,-0.45986388749336726,-0.3897061403222556,-0.29625372256407545,-0.5472621700712224,-0.5325330743988957,-0.16670084843502267,0.0473940736229317,-0.014687378987724204,-0.3425436085978202,-0.1971247724726005,-0.14969140579915652,-0.28762606769940197,-0.4528966872333336,1
2022-07-01,3808.0375,3723.3419999999996,104.295375,104.81572000000001,186.51500000000001,208.692,112.39,118.976,87.68,93.116,49.3275,47.08,127.1125,120.492,6.55475,7.5098,332.6282528747705,332.6282528747705,252.5423237813149,252.5423237813149,34.26847287868765,34.26847287868765,157.60428619384768,142.00003967285156,130.3546600341797,114.66599731445312,-0.3998029134213199,-0.525533175523152,-0.4203247621778038,-0.3897061403222556,-0.5763269004273995,-0.5472621700712224,-0.3294699495405543,-0.16670084843502267,-0.10338296804910002,-0.014687378987724204,-0.382884420086669,-0.1971247724726005,-0.4378875083463927,-0.28762606769940197,0
2022-07-08,3830.2400000000002,3808.0375,104.67832000000001,104.295375,200.404,186.51500000000001,115.154,112.39,84.65599999999999,87.68,46.866,49.3275,126.7,127.1125,6.1426,6.55475,346.88376062027174,332.6282528747705,261.6714723487268,252.5423237813149,34.284060794003665,34.26847287868765,207.04810485839843,157.60428619384768,147.02377624511718,130.3546600341797,-0.48781386685301636,-0.3998029134213199,-0.3123463586675753,-0.4203247621778038,-0.42618467380907765,-0.5763269004273995,-0.27582672682228304,-0.3294699495405543,-0.30983839607093666,-0.10338296804910002,-0.294103692966551,-0.382884420086669,-0.307417112923724,-0.4378875083463927,1
2022-07-15,3869.6175,3830.2400000000002,106.89265,104.67832000000001,280.16,200.404,103.7825,115.154,80.04,84.65599999999999,47.2575,46.866,128.1175,126.7,5.7995,6.1426,403.9057916022767,346.88376062027174,298.1880666183745,261.6714723487268,34.34641245526772,34.284060794003665,113.54626464843747,207.04810485839843,109.58102607727051,147.02377624511718,0.5983029716304646,-0.48781386685301636,0.0310680501567795,-0.3123463586675753,0.29578152462975216,-0.42618467380907765,0.34958798858447687,-0.27582672682228304,-0.2630953777595411,-0.30983839607093666,-0.30403903589120035,-0.294103692966551,0.4394158210800416,-0.307417112923724,0
2022-07-22,3825.71,3869.6175,108.20824,106.89265,234.61999999999998,280.16,101.28399999999999,103.7825,80.59200000000001,80.04,46.678,47.2575,125.29,128.1175,6.4732,5.7995,403.9057916022767,403.9057916022767,298.1880666183745,298.1880666183745,34.34641245526772,34.34641245526772,187.10715484619138,113.54626464843747,118.77418746948243,109.58102607727051,0.40960464988971956,0.5983029716304646,0.08549592057840702,0.0310680501567795,0.45827251376135464,0.29578152462975216,0.46256274052900787,0.34958798858447687,-0.08951453222628605,-0.2630953777595411,-0.1703410945281578,-0.30403903589120035,0.5489997874422171,0.4394158210800416,0
2022-07-29,3937.6040000000003,3825.71,106.86449999999999,108.20824,257.368,234.61999999999998,105.52000000000001,101.28399999999999,79.276,80.59200000000001,49.674,46.678,127.364,125.29,7.6882,6.4732,403.9057916022767,403.9057916022767,298.1880666183745,298.1880666183745,34.34641245526772,34.34641245526772,191.31519470214843,187.10715484619138,89.39902725219726,118.77418746948243,0.37081552882290725,0.40960464988971956,-0.04947344895725232,0.08549592057840702,0.6972558056129914,0.45827251376135464,0.3237712318754695,0.46256274052900787,0.2150275896454148,-0.08951453222628605,0.08541221201883473,-0.1703410945281578,0.5446873961906642,0.5489997874422171,1
2022-08-05,4022.844,3937.6040000000003,106.45496,106.86449999999999,342.75,257.368,106.66400000000002,105.52000000000001,79.082,79.276,51.715999999999994,49.674,131.006,127.364,8.4552,7.6882,403.9057916022767,403.9057916022767,298.1880666183745,298.1880666183745,34.34641245526772,34.34641245526772,141.10621185302733,191.31519470214843,93.74337615966797,89.39902725219726,0.4548921756873754,0.37081552882290725,0.09092109899552459,-0.04947344895725232,0.4460919942067655,0.6972558056129914,0.4925592362998669,0.3237712318754695,0.04092518031089194,0.2150275896454148,-0.14696358204010032,0.08541221201883473,0.4235663151983441,0.5446873961906642,1
2022-08-12,4132.424,4022.844,106.0865,106.45496,366.742,342.75,97.27799999999999,106.66400000000002,79.672,79.082,57.3,51.715999999999994,137.924,131.006,8.077000000000002,8.4552,327.9154084879612,403.9057916022767,239.3844594037766,298.1880666183745,35.66818324717374,34.34641245526772,236.5970489501953,141.10621185302733,123.96754150390628,93.74337615966797,0.31560015194406255,0.4548921756873754,0.20870690841936698,0.09092109899552459,0.5041718755115177,0.4460919942067655,0.4166301094958186,0.4925592362998669,-0.13529223210584013,0.04092518031089194,-0.27601337206369914,-0.14696358204010032,0.22911724053965427,0.4235663151983441,1
2022-08-19,4192.0380000000005,4132.424,105.74036000000001,106.0865,379.93,366.742,97.622,97.27799999999999,82.95599999999999,79.672,61.288,57.3,140.03199999999998,137.924,8.2406,8.077000000000002,327.9154084879612,327.9154084879612,239.3844594037766,239.3844594037766,35.66818324717374,35.66818324717374,181.29815216064452,236.5970489501953,124.3986083984375,123.96754150390628,0.5161784347089495,0.31560015194406255,-0.031770600604441465,0.20870690841936698,0.37965754197016854,0.5041718755115177,0.3880863884797262,0.4166301094958186,-0.08001445671389969,-0.13529223210584013,-0.24725418099550414,-0.27601337206369914,0.32036568288275874,0.22911724053965427,0
2022-08-26,4277.719999999999,4192.0380000000005,107.05024,105.74036000000001,444.38800000000003,379.93,94.88,97.622,82.346,82.95599999999999,61.391999999999996,61.288,139.85399999999998,140.03199999999998,9.1472,8.2406,327.9154084879612,327.9154084879612,239.3844594037766,239.3844594037766,35.66818324717374,35.66818324717374,133.2343536376953,181.29815216064452,102.66752700805664,124.3986083984375,0.5749071381099913,0.5161784347089495,-0.019161976550201104,-0.031770600604441465,0.4626303760393686,0.37965754197016854,0.24933089399604932,0.3880863884797262,0.03627538710667072,-0.08001445671389969,-0.07155086476394978,-0.24725418099550414,0.3779363190540116,0.32036568288275874,0
2022-09-02,4132.854,4277.719999999999,108.68789999999998,107.05024,559.714,444.38800000000003,99.65,94.88,84.082,82.346,58.66799999999999,61.391999999999996,134.538,139.85399999999998,9.343,9.1472,327.9154084879612,327.9154084879612,239.3844594037766,239.3844594037766,35.66818324717374,35.66818324717374,145.47867431640626,133.2343536376953,106.78625946044924,102.66752700805664,0.7846217732232428,0.5749071381099913,0.3151604896818477,-0.019161976550201104,0.6447837950658581,0.4626303760393686,0.807473232700082,0.24933089399604932,-0.0006027706046695198,0.03627538710667072,0.01763107922787594,-0.07155086476394978,0.4815842349172333,0.3779363190540116,0
2022-09-09,3958.0675,4132.854,109.195375,108.68789999999998,450.4825,559.714,95.295,99.65,84.84,84.082,56.010000000000005,58.66799999999999,128.6275,134.538,9.118,9.343,362.359600535469,327.9154084879612,245.8806165986807,239.3844594037766,35.36161054792927,35.66818324717374,131.11805152893066,145.47867431640626,118.02016448974611,106.78625946044924,0.6049871490712102,0.7846217732232428,0.3187870671637852,0.3151604896818477,0.6528973812439534,0.6447837950658581,0.7169655376268467,0.807473232700082,0.08298273487378005,-0.0006027706046695198,-0.044896419021255005,0.01763107922787594,0.4457038902034885,0.4815842349172333,1
2022-09-16,3990.4,3958.0675,109.609925,109.195375,405.36,450.4825,90.705,95.295,84.6,84.84,56.86,56.010000000000005,130.605,128.6275,8.032,9.118,396.8037925829767,362.359600535469,252.3767737935848,245.8806165986807,35.0550378486848,35.36161054792927,144.77781295776367,131.11805152893066,82.61258220672607,118.02016448974611,0.9676856582604311,0.6049871490712102,0.45637259153858956,0.3187870671637852,0.7056590264222175,0.6528973812439534,0.6245412767627216,0.7169655376268467,0.07614400163173132,0.08298273487378005,0.23280830127716878,-0.044896419021255005,0.47757506937354893,0.4457038902034885,0
2022-09-23,3952.7580000000003,3990.4,109.44356,109.609925,359.674,405.36,92.692,90.705,86.28200000000001,84.6,58.39399999999999,56.86,133.27,130.605,8.394200000000001,8.032,396.8037925829767,396.8037925829767,252.3767737935848,252.3767737935848,35.0550378486848,35.0550378486848,152.0815284729004,144.77781295776367,143.29790496826175,82.61258220672607,0.6737440357111701,0.9676856582604311,1.0514091327978172,0.45637259153858956,0.7023632642792108,0.7056590264222175,0.7640362788940911,0.6245412767627216,0.018444343017266683,0.07614400163173132,0.2892864573361458,0.23280830127716878,0.7455481720322145,0.47757506937354893,0
2022-09-30,3799.3940000000002,3952.7580000000003,111.09758,109.44356,293.51599999999996,359.674,89.812,92.692,86.132,86.28200000000001,53.818000000000005,58.39399999999999,125.776,133.27,7.5176,8.394200000000001,396.8037925829767,396.8037925829767,252.3767737935848,252.3767737935848,35.0550378486848,35.0550378486848,237.10573120117186,152.0815284729004,112.731787109375,143.29790496826175,0.7563670117239284,0.6737440357111701,0.9868226748683429,1.0514091327978172,0.6972671372999766,0.7023632642792108,0.914090542238416,0.7640362788940911,0.23551942747773377,0.018444343017266683,0.6233547793899114,0.2892864573361458,0.7530922352606647,0.7455481720322145,1
2022-10-07,3649.4919999999997,3799.3940000000002,113.02257999999999,111.09758,285.38,293.51599999999996,87.22,89.812,84.602,86.132,49.576,53.818000000000005,116.5,125.776,6.9872,7.5176,396.8037925829767,396.8037925829767,252.3767737935848,252.3767737935848,35.0550378486848,35.0550378486848,230.66502685546874,237.10573120117186,123.42102508544922,112.731787109375,0.6686755432327608,0.7563670117239284,1.2538492946052928,0.9868226748683429,0.7698277795502315,0.6972671372999766,1.1827198491857458,0.914090542238416,0.108446455085815,0.23551942747773377,0.8290236187994887,0.6233547793899114,0.8132182092821472,0.7530922352606647,0
2022-10-14,3727.364,3649.4919999999997,111.60712000000001,113.02257999999999,300.356,285.38,93.274,87.22,86.74000000000001,84.602,49.652,49.576,114.81800000000001,116.5,7.1004000000000005,6.9872,418.61884090325054,396.8037925829767,268.9299662844176,252.3767737935848,34.81212642660807,35.0550378486848,235.2302215576172,230.66502685546874,98.19715042114258,123.42102508544922,0.45722465593363193,0.6686755432327608,0.8295973020919856,1.2538492946052928,0.6358204628575792,0.7698277795502315,1.0107496404367842,1.1827198491857458,-0.10615373885729255,0.108446455085815,0.37682602256474446,0.8290236187994887,0.5457990216151077,0.8132182092821472,1
2022-10-21,3606.2480000000005,3727.364,113.09752,111.60712000000001,281.23199999999997,300.356,93.826,93.274,88.494,86.74000000000001,44.584,49.652,105.93599999999999,114.81800000000001,6.871599999999999,7.1004000000000005,418.61884090325054,418.61884090325054,268.9299662844176,268.9299662844176,34.81212642660807,34.81212642660807,209.18134765625,235.2302215576172,171.504182434082,98.19715042114258,0.78742376547832,0.45722465593363193,1.1415988784371323,0.8295973020919856,0.9321643976247378,0.6358204628575792,1.0727898026784892,1.0107496404367842,-0.00802199770157932,-0.10615373885729255,0.37746897579419636,0.37682602256474446,0.690015891875626,0.5457990216151077,1
2022-10-28,3702.3239999999996,3606.2480000000005,112.34202,113.09752,208.916,281.23199999999997,91.988,93.826,88.66799999999999,88.494,43.864,44.584,106.19800000000001,105.93599999999999,5.9908,6.871599999999999,418.61884090325054,418.61884090325054,268.9299662844176,268.9299662844176,34.81212642660807,34.81212642660807,200.78095703125,209.18134765625,122.01992187499998,171.504182434082,0.9349441395607018,0.78742376547832,1.208142306320647,1.1415988784371323,0.7211377723026451,0.9321643976247378,1.251438493730794,1.0727898026784892,0.04956873182174468,-0.00802199770157932,0.7369127995889312,0.37746897579419636,0.7156034331439719,0.690015891875626,0
2022-11-04,3839.082,3702.3239999999996,110.77002,112.34202,205.62399999999997,208.916,95.03999999999999,91.988,88.56,88.66799999999999,44.815999999999995,43.864,109.97,106.19800000000001,5.9732,5.9908,418.61884090325054,418.61884090325054,268.9299662844176,268.9299662844176,34.81212642660807,34.81212642660807,188.98522033691404,200.78095703125,109.42638473510742,122.01992187499998,0.48908443819792086,0.9349441395607018,1.0473442835813518,1.208142306320647,0.7396155396205262,0.7211377723026451,1.0330205462132516,1.251438493730794,0.04073007286056139,0.04956873182174468,0.4603724756135136,0.7369127995889312,0.7548004103328277,0.7156034331439719,0
2022-11-11,3795.642,3839.082,111.81038000000001,110.77002,296.06399999999996,205.62399999999997,95.776,95.03999999999999,90.686,88.56,45.048,44.815999999999995,111.94000000000001,109.97,6.4719999999999995,5.9732,369.3931121432122,418.61884090325054,307.1010941028839,268.9299662844176,33.954032617266236,34.81212642660807,167.13480682373046,188.98522033691404,122.74969787597658,109.42638473510742,0.3826087879167675,0.48908443819792086,0.9640712668097449,1.0473442835813518,0.7033876999080486,0.7396155396205262,1.4822409275037487,1.0330205462132516,-0.07900481104317082,0.04073007286056139,0.5984601984792961,0.4603724756135136,0.7082935714628535,0.7548004103328277,0
2022-11-18,3866.5559999999996,3795.642,108.90844,111.81038000000001,263.38800000000003,296.06399999999996,95.11800000000001,95.776,90.814,90.686,45.662,45.048,115.91600000000001,111.94000000000001,6.5738,6.4719999999999995,357.0866799532026,369.3931121432122,316.6438760575005,307.1010941028839,33.73950916493078,33.954032617266236,172.06804351806642,167.13480682373046,129.10353851318362,122.74969787597658,0.7723159383938872,0.3826087879167675,0.8695728711724214,0.9640712668097449,0.9671608353912177,0.7033876999080486,1.3082271342420166,1.4822409275037487,0.1862849083802665,-0.07900481104317082,0.5460772110232063,0.5984601984792961,0.567208131525853,0.7082935714628535,1
2022-11-25,3963.9339999999997,3866.5559999999996,106.68022,108.90844,276.184,263.38800000000003,91.452,95.11800000000001,91.458,90.814,47.44,45.662,119.388,115.91600000000001,6.552200000000001,6.5738,357.0866799532026,357.0866799532026,316.6438760575005,316.6438760575005,33.73950916493078,33.73950916493078,188.85811309814454,172.06804351806642,130.87084197998047,129.10353851318362,0.8032727933066479,0.7723159383938872,1.2043896772643585,0.8695728711724214,0.9350715651903039,0.9671608353912177,1.4289233838098538,1.3082271342420166,-0.01180270579316802,0.1862849083802665,0.6229219861420003,0.5460772110232063,0.5804918581996279,0.567208131525853,1
2022-12-02,4001.725,3963.9339999999997,106.80185,106.68022,283.365,276.184,86.2125,91.452,90.3775,91.458,46.2375,47.44,118.10499999999999,119.388,7.41675,6.552200000000001,357.0866799532026,357.0866799532026,316.6438760575005,316.6438760575005,33.73950916493078,33.73950916493078,123.50736808776855,188.85811309814454,101.75920104980467,130.87084197998047,0.3477139805703071,0.8032727933066479,0.6104228079239268,1.2043896772643585,0.415497594636172,0.9350715651903039,0.785033172169047,1.4289233838098538,-0.1770087875936941,-0.01180270579316802,0.006453977334564348,0.6229219861420003,0.3376236690628378,0.5804918581996279,1
2022-12-09,4029.9900000000002,4001.725,105.73553999999999,106.80185,332.756,283.365,84.82000000000001,86.2125,89.50800000000001,90.3775,45.936,46.2375,121.226,118.10499999999999,6.779599999999999,7.41675,326.11084659746354,357.0866799532026,287.63753400578844,316.6438760575005,33.60403060397307,33.73950916493078,118.5087646484375,123.50736808776855,58.49271469116211,101.75920104980467,0.5055135035120795,0.3477139805703071,1.0096143857504112,0.6104228079239268,0.7758475704028516,0.415497594636172,1.2308543245424126,0.785033172169047,-0.12245354728342997,-0.1770087875936941,0.722833436531862,0.006453977334564348,0.39979373902545023,0.3376236690628378,0
2022-12-16,3954.382,4029.9900000000002,105.15514,105.73553999999999,350.338,332.756,78.28999999999999,84.82000000000001,85.28999999999999,89.50800000000001,43.878,45.936,121.822,121.226,5.6762,6.779599999999999,279.6470965638549,326.11084659746354,244.1280209282203,287.63753400578844,33.40081276253651,33.60403060397307,153.4388397216797,118.5087646484375,99.97858047485353,58.49271469116211,0.4657643463773291,0.5055135035120795,1.6798748893941464,1.0096143857504112,0.713392130627444,0.7758475704028516,1.5530117093993838,1.2308543245424126,-0.0006759435785007373,-0.12245354728342997,0.9550579158248602,0.722833436531862,0.5192224078662129,0.39979373902545023,0
2022-12-23,3950.728,3954.382,104.42166,105.15514,326.162,350.338,80.324,78.28999999999999,87.232,85.28999999999999,43.468,43.878,120.67999999999999,121.822,6.4522,5.6762,279.6470965638549,279.6470965638549,244.1280209282203,244.1280209282203,33.40081276253651,33.40081276253651,124.82139739990234,153.4388397216797,128.65024185180664,99.97858047485353,0.31166166804561546,0.4657643463773291,1.2147055768445139,1.6798748893941464,0.7437356384105438,0.713392130627444,1.3003249860704864,1.5530117093993838,-0.07755755004263581,-0.0006759435785007373,0.9246721287883645,0.9550579158248602,0.3071273657026959,0.5192224078662129,0
2022-12-30,3836.986,3950.728,104.32198000000001,104.42166,240.31799999999998,326.162,81.378,80.324,89.294,87.232,39.436,43.468,114.202,120.67999999999999,5.2144,6.4522,279.6470965638549,279.6470965638549,244.1280209282203,244.1280209282203,33.40081276253651,33.40081276253651,145.8605728149414,124.82139739990234,162.42581176757818,128.65024185180664,0.18321781874472323,0.31166166804561546,0.2505926864517066,1.2147055768445139,0.28123216957861824,0.7437356384105438,0.2542641087408824,1.3003249860704864,0.36361828398083207,-0.07755755004263581,0.1922952629027593,0.9246721287883645,-0.06517000470445167,0.3071273657026959,0
2023-01-06,3824.0,3836.986,103.99776666666666,104.32198000000001,189.58666666666667,240.31799999999998,83.81,81.378,90.17,89.294,37.5,39.436,110.47666666666667,114.202,4.302,5.2144,279.6470965638549,279.6470965638549,244.1280209282203,244.1280209282203,33.40081276253651,33.40081276253651,141.98674774169925,145.8605728149414,127.61135864257812,162.42581176757818,0.11835565160243883,0.18321781874472323,-0.29192644077423985,0.2505926864517066,-0.09991718907746612,0.28123216957861824,-0.3917936934718819,0.2542641087408824,-0.35193645625227105,0.36361828398083207,-0.20916955639088317,0.1922952629027593,-0.20943562317696332,-0.06517000470445167,1
2023-01-13,3845.0724999999998,3824.0,104.4933,103.99776666666666,169.2475,189.58666666666667,79.3,83.81,87.0325,90.17,38.11,37.5,111.0125,110.47666666666667,3.55975,4.302,281.7782114891456,279.6470965638549,220.6459877765438,244.1280209282203,33.49592169896257,33.40081276253651,121.7764949798584,141.98674774169925,122.99088287353517,127.61135864257812,0.7075498281387571,0.11835565160243883,0.16486136575022636,-0.29192644077423985,0.6895121378722715,-0.09991718907746612,0.6554413212700592,-0.3917936934718819,-0.3175909778951039,-0.35193645625227105,0.5666342862170796,-0.20916955639088317,0.5613727206601371,-0.20943562317696332,1
2023-01-20,3952.642,3845.0724999999998,102.82966000000002,104.4933,169.106,169.2475,82.346,79.3,87.428,87.0325,42.470000000000006,38.11,116.804,111.0125,3.3548,3.55975,281.7782114891456,281.7782114891456,220.6459877765438,220.6459877765438,33.49592169896257,33.49592169896257,120.0776153564453,121.7764949798584,88.99507446289063,122.99088287353517,0.8647776644829088,0.7075498281387571,0.46395873809949306,0.16486136575022636,0.44241805412285257,0.6895121378722715,0.954859035614979,0.6554413212700592,-0.09639323608314496,-0.3175909778951039,0.8077571577876531,0.5666342862170796,0.7072861276599334,0.5613727206601371,1
2023-01-27,3947.8225,3952.642,102.2156,102.82966000000002,156.51,169.106,86.1725,82.346,88.9425,87.428,43.8825,42.470000000000006,117.66,116.804,3.1310000000000002,3.3548,281.7782114891456,281.7782114891456,220.6459877765438,220.6459877765438,33.49592169896257,33.49592169896257,137.388090133667,120.0776153564453,99.75836563110353,88.99507446289063,0.7880303033485633,0.8647776644829088,0.674088582018505,0.46395873809949306,1.0463585012666916,0.44241805412285257,1.0256245378017688,0.954859035614979,-0.3419553078316576,-0.09639323608314496,1.2869294922685073,0.8077571577876531,0.9584616104527539,0.7072861276599334,1
2023-02-03,4036.7940000000003,3947.8225,101.86426,102.2156,147.544,156.51,86.914,86.1725,88.69,88.9425,45.424,43.8825,119.75399999999999,117.66,2.9782,3.1310000000000002,281.7782114891456,281.7782114891456,220.6459877765438,220.6459877765438,33.49592169896257,33.49592169896257,90.43196411132814,137.388090133667,103.8437286376953,99.75836563110353,0.8642483372857507,0.7880303033485633,0.7848160713180183,0.674088582018505,0.5008650444964837,1.0463585012666916,1.0196173643668824,1.0256245378017688,-0.34671646898312963,-0.3419553078316576,0.8336673932824787,1.2869294922685073,0.7981185527985978,0.9584616104527539,0
2023-02-10,4105.964,4036.7940000000003,102.04650000000001,101.86426,145.85,147.544,82.86800000000001,86.914,90.75800000000001,88.69,46.532,45.424,122.47200000000001,119.75399999999999,2.602,2.9782,276.1526325313245,281.7782114891456,235.73065238324233,220.6459877765438,33.945399814347375,33.49592169896257,155.97141723632814,90.43196411132814,115.86876983642578,103.8437286376953,1.0196073255456137,0.8642483372857507,0.9889626436877768,0.7848160713180183,0.5985802226595559,0.5008650444964837,1.5471207365087338,1.0196173643668824,-0.08831192451035533,-0.34671646898312963,0.887769616671546,0.8336673932824787,0.8873068826349689,0.7981185527985978,1
2023-02-17,4112.9800000000005,4105.964,103.4511,102.04650000000001,137.534,145.85,84.13199999999999,82.86800000000001,89.93199999999999,90.75800000000001,45.032,46.532,121.03800000000001,122.47200000000001,2.555,2.602,272.4022465594438,276.1526325313245,245.78709545437468,235.73065238324233,34.24505189127058,33.945399814347375,167.58433532714847,155.97141723632814,128.19275360107423,115.86876983642578,0.932588447623349,1.0196073255456137,1.0420578486144456,0.9889626436877768,0.561873641202715,0.5985802226595559,1.3372643065934637,1.5471207365087338,0.18461200243513637,-0.08831192451035533,1.4418964899280318,0.887769616671546,1.0165296334420402,0.8873068826349689,1
2023-02-24,4118.104,4112.9800000000005,103.65996,103.4511,129.25,137.534,85.142,84.13199999999999,90.788,89.93199999999999,44.784,45.032,121.046,121.03800000000001,2.5086,2.555,272.4022465594438,272.4022465594438,245.78709545437468,245.78709545437468,34.24505189127058,34.24505189127058,132.9148971557617,167.58433532714847,89.2305694580078,128.19275360107423,0.8397589689851923,0.932588447623349,0.7776899809225228,1.0420578486144456,0.814640455283486,0.561873641202715,1.3309395841415474,1.3372643065934637,-0.3505902710232161,0.18461200243513637,1.3675676314204968,1.4418964899280318,0.771233723095337,1.0165296334420402,0
2023-03-03,3992.6875,4118.104,104.651175,103.65996,124.8425,129.25,82.255,85.142,90.5975,90.788,42.53,44.784,116.385,121.046,2.36375,2.5086,272.4022465594438,272.4022465594438,245.7870954543747,245.78709545437468,34.24505189127058,34.24505189127058,165.74670791625977,132.9148971557617,129.09497261047363,89.2305694580078,0.8799841137180676,0.8397589689851923,1.2351842670617417,0.7776899809225228,0.6002293213311324,0.814640455283486,1.127981875895915,1.3309395841415474,-0.19461428093671307,-0.3505902710232161,0.9890921591667016,1.3675676314204968,1.1168638617825855,0.771233723095337,1
2023-03-10,3986.154,3992.6875,104.7067,104.651175,116.74000000000001,124.8425,84.24600000000001,82.255,89.126,90.5975,42.794,42.53,117.02000000000001,116.385,2.9398,2.36375,303.8248562890748,272.4022465594438,290.1940736379492,245.7870954543747,34.08652482009875,34.24505189127058,131.74687042236326,165.74670791625977,139.9991500854492,129.09497261047363,0.9709097832633427,0.8799841137180676,1.1879848901871468,1.2351842670617417,0.7039793499945667,0.6002293213311324,1.2701094325937095,1.127981875895915,-0.22713807965201535,-0.19461428093671307,1.3822017201180592,0.9890921591667016,0.8672202655299047,1.1168638617825855,0
2023-03-17,3961.3419999999996,3986.154,105.09684,104.7067,112.88199999999999,116.74000000000001,83.3,84.24600000000001,88.452,89.126,41.518,42.794,115.78599999999999,117.02000000000001,2.705,2.9398,324.7732627754954,303.8248562890748,319.7987257603322,290.1940736379492,33.98084010598421,34.08652482009875,169.98525695800782,131.74687042236326,68.99905395507812,139.9991500854492,0.6959933563793875,0.9709097832633427,1.279572591631069,1.1879848901871468,0.5602591422249111,0.7039793499945667,1.1656210897207704,1.2701094325937095,-0.2747956234910013,-0.22713807965201535,1.3705634374491147,1.3822017201180592,0.8352973104714818,0.8672202655299047,0
2023-03-24,3908.78,3961.3419999999996,104.07112,105.09684,111.01199999999999,112.88199999999999,75.916,83.3,87.59400000000001,88.452,38.224000000000004,41.518,112.702,115.78599999999999,2.6068,2.705,324.7732627754954,324.7732627754954,319.7987257603322,319.7987257603322,33.98084010598421,33.98084010598421,134.3123306274414,169.98525695800782,113.1466567993164,68.99905395507812,0.664823777641243,0.6959933563793875,0.7842363619795341,1.279572591631069,0.7125769874127992,0.5602591422249111,1.1902487956736345,1.1656210897207704,-0.3039323692352176,-0.2747956234910013,0.8191999162474197,1.3705634374491147,1.2357622394751064,0.8352973104714818,1
2023-03-31,3962.2239999999997,3908.78,102.9585,104.07112,100.524,111.01199999999999,75.34,75.916,87.50800000000001,87.59400000000001,37.034000000000006,38.224000000000004,114.25399999999999,112.702,2.3533999999999997,2.6068,324.7732627754954,324.7732627754954,319.7987257603322,319.7987257603322,33.98084010598421,33.98084010598421,129.63910369873048,134.3123306274414,80.11604385375976,113.1466567993164,0.7745068152299434,0.664823777641243,0.7685428631735756,0.7842363619795341,0.5448689635937608,0.7125769874127992,1.4132145885523648,1.1902487956736345,-0.11760402869302966,-0.3039323692352176,1.0810360924287477,0.8191999162474197,1.0212635339914748,1.2357622394751064,1
2023-04-07,4027.35,3962.2239999999997,102.53892,102.9585,108.34,100.524,78.81800000000001,75.34,89.69,87.50800000000001,38.354,37.034000000000006,117.374,114.25399999999999,2.2738,2.3533999999999997,324.7732627754954,324.7732627754954,319.7987257603322,319.7987257603322,33.98084010598421,33.98084010598421,119.42674407958984,129.63910369873048,67.19300842285156,80.11604385375976,0.76602230566605,0.7745068152299434,0.7526672504013291,0.7685428631735756,0.6555618451710754,0.5448689635937608,1.4579306392730786,1.4132145885523648,-0.3945286154539801,-0.11760402869302966,0.9057474287608202,1.0810360924287477,0.6588664649878242,1.0212635339914748,0
2023-04-14,4105.1275000000005,4027.35,101.864325,102.53892,113.02000000000001,108.34,84.995,78.81800000000001,91.89500000000001,89.69,38.0175,38.354,118.54,117.374,2.324,2.2738,244.2315767835783,324.7732627754954,259.5943991955837,319.7987257603322,35.69909028936178,33.98084010598421,154.43964385986328,119.42674407958984,92.3825283050537,67.19300842285156,0.8932078003707674,0.76602230566605,0.8397072979587655,0.7526672504013291,0.6058379404057647,0.6555618451710754,1.2862569750055792,1.4579306392730786,-0.5014182661491273,-0.3945286154539801,0.6594617191296048,0.9057474287608202,0.4083537584831114,0.6588664649878242,0
2023-04-21,4121.1875,4105.1275000000005,101.568325,101.864325,100.4425,113.02000000000001,86.33500000000001,84.995,93.42,91.89500000000001,37.9775,38.0175,119.315,118.54,2.2800000000000002,2.324,244.2315767835783,244.2315767835783,259.5943991955837,259.5943991955837,35.69909028936178,35.69909028936178,140.6042881011963,154.43964385986328,72.22227001190186,92.3825283050537,0.4771257279411517,0.8932078003707674,0.8388505550383494,0.8397072979587655,0.5579590382501018,0.6058379404057647,1.0203994943800172,1.2862569750055792,-0.37069536255250846,-0.5014182661491273,0.9124019939382211,0.6594617191296048,0.5347214092257839,0.4083537584831114,0
2023-04-28,4144.804,4121.1875,101.85978,101.568325,97.696,100.4425,83.082,86.33500000000001,95.018,93.42,37.129999999999995,37.9775,119.21600000000001,119.315,2.4381999999999997,2.2800000000000002,244.2315767835783,244.2315767835783,259.5943991955837,259.5943991955837,35.69909028936178,35.69909028936178,115.16629180908203,140.6042881011963,123.78671569824219,72.22227001190186,0.4762331713514931,0.4771257279411517,0.7832444168622668,0.8388505550383494,0.5655920504172272,0.5579590382501018,1.4985817273895468,1.0203994943800172,-0.3449041767480009,-0.37069536255250846,0.840069934351359,0.9124019939382211,0.5541614883028196,0.5347214092257839,0
2023-05-05,4113.897999999999,4144.804,101.55593999999999,101.85978,91.922,97.696,79.82000000000001,83.082,94.69,95.018,35.53,37.129999999999995,115.394,119.21600000000001,2.4678,2.4381999999999997,244.2315767835783,244.2315767835783,259.5943991955837,259.5943991955837,35.69909028936178,35.69909028936178,132.73724670410158,115.16629180908203,131.78837890625002,123.78671569824219,0.6862726955505587,0.4762331713514931,1.0686222161874404,0.7832444168622668,0.6459140111139792,0.5655920504172272,1.4699986672404195,1.4985817273895468,-0.3713746932874745,-0.3449041767480009,1.054086021770638,0.840069934351359,0.7185880205783544,0.5541614883028196,1
2023-05-12,4101.95,4113.897999999999,101.4876,101.55593999999999,83.205,91.922,73.8625,79.82000000000001,93.9925,94.69,34.5075,35.53,113.72,115.394,2.34875,2.4678,265.5080334715194,244.2315767835783,214.6141054726988,259.5943991955837,33.54434430168811,35.69909028936178,99.23850536346436,132.73724670410158,102.40342283248901,131.78837890625002,0.6594026355223649,0.6862726955505587,0.9480876220759521,1.0686222161874404,0.6029896894528786,0.6459140111139792,1.299408135679856,1.4699986672404195,-0.2941736829092946,-0.3713746932874745,1.4314550671246562,1.054086021770638,0.786347451348037,0.7185880205783544,0
2023-05-19,4127.8775000000005,4101.95,101.968825,101.4876,79.8675,83.205,75.75,73.8625,94.64,93.9925,35.8925,34.5075,115.7675,113.72,2.3865,2.34875,265.5080334715194,265.5080334715194,214.6141054726988,214.6141054726988,33.54434430168811,33.54434430168811,153.3523769378662,99.23850536346436,98.23272705078125,102.40342283248901,0.5804977210156981,0.6594026355223649,0.7243185610293563,0.9480876220759521,0.5155016527380732,0.6029896894528786,1.4490253482046112,1.299408135679856,-0.3452157601986999,-0.2941736829092946,0.7682078109454018,1.4314550671246562,1.0338510901759834,0.786347451348037,0
2023-05-26,4149.2325,4127.8775000000005,102.779475,101.968825,72.3525,79.8675,75.67,75.75,92.2325,94.64,36.295,35.8925,116.70750000000001,115.7675,2.573,2.3865,265.5080334715194,265.5080334715194,214.6141054726988,214.6141054726988,33.54434430168811,33.54434430168811,142.03746795654297,153.3523769378662,102.65326452255249,98.23272705078125,0.7148663902705493,0.5804977210156981,0.589015299139101,0.7243185610293563,0.49759160986158085,0.5155016527380732,1.2424852857587279,1.4490253482046112,-0.3592976909732217,-0.3452157601986999,0.7228893447921737,0.7682078109454018,0.4845885160487474,1.0338510901759834,0
2023-06-02,4162.036,4149.2325,103.8253,102.779475,62.572,72.3525,76.88,75.67,92.25,92.2325,36.754000000000005,36.295,116.032,116.70750000000001,2.4997999999999996,2.573,265.5080334715194,265.5080334715194,214.61410547269878,214.6141054726988,33.54434430168811,33.54434430168811,135.5966003417969,142.03746795654297,87.84755630493164,102.65326452255249,0.5277069553538731,0.7148663902705493,0.3823131855379167,0.589015299139101,0.4676484299124485,0.49759160986158085,1.0912601482974398,1.2424852857587279,-0.5390330673967314,-0.3592976909732217,0.7667965199927074,0.7228893447921737,0.5360130556051853,0.4845885160487474,1
2023-06-09,4222.185,4162.036,103.966925,103.8253,57.760000000000005,62.572,74.1525,76.88,91.745,92.25,37.197500000000005,36.754000000000005,116.39750000000001,116.032,2.3365,2.4997999999999996,256.3613423821399,265.5080334715194,219.97965058836715,214.61410547269878,33.195904892787716,33.54434430168811,201.89439010620117,135.5966003417969,116.79930114746094,87.84755630493164,0.7471274452217015,0.5277069553538731,0.08956587122880083,0.3823131855379167,0.3848395728794865,0.4676484299124485,0.9296359540823682,1.0912601482974398,-0.510854767869065,-0.5390330673967314,0.11208501760295993,0.7667965199927074,0.5164320559370291,0.5360130556051853,1
2023-06-16,4283.59,4222.185,103.8326,103.966925,65.958,57.760000000000005,76.14,74.1525,93.638,91.745,38.626,37.197500000000005,119.34,116.39750000000001,2.3890000000000002,2.3365,247.21465129276038,256.3613423821399,225.3451957040355,219.97965058836715,32.84746548388732,33.195904892787716,121.09418334960938,201.89439010620117,93.29742660522462,116.79930114746094,0.6646218035543993,0.7471274452217015,0.7694467007169722,0.08956587122880083,0.49158636955656326,0.3848395728794865,0.7878755480245678,0.9296359540823682,-0.20774748255304928,-0.510854767869065,0.2280312070873766,0.11208501760295993,0.45019463417900163,0.5164320559370291,0
2023-06-23,4383.192,4283.59,102.87734,103.8326,90.612,65.958,74.322,76.14,99.03399999999999,93.638,40.134,38.626,123.362,119.34,2.4972000000000003,2.3890000000000002,247.21465129276038,247.21465129276038,225.3451957040355,225.3451957040355,32.84746548388732,32.84746548388732,107.45781860351562,121.09418334960938,85.31816177368164,93.29742660522462,0.768485164942699,0.6646218035543993,0.0013829984592396594,0.7694467007169722,0.6721215740392117,0.49158636955656326,0.7915388441711847,0.7878755480245678,-0.5058014958310724,-0.20774748255304928,0.09537141320017535,0.2280312070873766,0.07652845588267321,0.45019463417900163,0
2023-06-30,4371.155,4383.192,102.476975,102.87734,88.47749999999999,90.612,75.2525,74.322,102.185,99.03399999999999,37.900000000000006,40.134,120.9275,123.362,2.6985,2.4972000000000003,247.2146512927604,247.21465129276038,225.3451957040355,225.3451957040355,32.84746548388732,32.84746548388732,141.52327728271484,107.45781860351562,80.04498863220215,85.31816177368164,0.663228822751283,0.768485164942699,-0.08510845766378386,0.0013829984592396594,0.3786309356345594,0.6721215740392117,0.5137774495454268,0.7915388441711847,-0.30896464632059295,-0.5058014958310724,-0.0817920320142875,0.09537141320017535,0.02436001628544273,0.07652845588267321,0
2023-07-07,4386.182,4371.155,102.99292,102.476975,85.424,88.47749999999999,73.94200000000001,75.2525,94.644,102.185,38.498000000000005,37.900000000000006,119.88600000000001,120.9275,2.7628,2.6985,247.21465129276038,247.2146512927604,225.3451957040355,225.3451957040355,32.84746548388732,32.84746548388732,149.53917083740234,141.52327728271484,100.68064422607422,80.04498863220215,0.540853966910333,0.663228822751283,-0.07101075725285608,-0.08510845766378386,0.2616900809429382,0.3786309356345594,0.4184856910467648,0.5137774495454268,-0.5037258897679369,-0.30896464632059295,-0.20667948387152837,-0.0817920320142875,-0.0645858160316758,0.02436001628544273,0
2023-07-14,4428.2375,4386.182,102.9180075,102.99292,82.3125,85.424,76.5725,73.94200000000001,94.1525,94.644,40.385,38.498000000000005,123.305,119.88600000000001,2.6285,2.7628,263.5720264209058,247.21465129276038,195.222788863733,225.3451957040355,32.03486229972861,32.84746548388732,112.87087821960449,149.53917083740234,111.56969451904297,100.68064422607422,0.3959558743862901,0.540853966910333,0.4393768097710295,-0.07101075725285608,0.608738179835685,0.2616900809429382,0.2877663625171464,0.4184856910467648,0.08648358843889754,-0.5037258897679369,-0.046437511868568856,-0.20667948387152837,-0.23510766025842966,-0.0645858160316758,1
2023-07-21,4467.282,4428.2375,100.78371999999999,102.9180075,67.336,82.3125,79.686,76.5725,95.284,94.1525,42.616,40.385,126.148,123.305,2.5987999999999998,2.6285,263.5720264209058,263.5720264209058,195.222788863733,195.222788863733,32.03486229972861,32.03486229972861,166.44190826416016,112.87087821960449,102.42520980834963,111.56969451904297,0.3445543255958848,0.3959558743862901,0.15036138470238852,0.4393768097710295,0.3943052585421013,0.608738179835685,0.350074982550998,0.2877663625171464,0.6303758709891776,0.08648358843889754,-0.07345559168319894,-0.046437511868568856,-0.2474616391650663,-0.23510766025842966,1
2023-07-28,4542.9400000000005,4467.282,100.40902,100.78371999999999,67.466,67.336,79.66,79.686,98.84200000000001,95.284,42.974000000000004,42.616,127.78799999999998,126.148,2.629,2.5987999999999998,263.5720264209058,263.5720264209058,195.222788863733,195.222788863733,32.03486229972861,32.03486229972861,163.3568069458008,166.44190826416016,124.16166381835937,102.42520980834963,0.4590874683071096,0.3445543255958848,0.2595332350451286,0.15036138470238852,0.5453502467837357,0.3943052585421013,0.21212152228675812,0.350074982550998,0.7204149685193545,0.6303758709891776,-0.06556281157676054,-0.07345559168319894,-0.2406640486803544,-0.2474616391650663,0
2023-08-04,4561.697999999999,4542.9400000000005,101.43172,100.40902,73.02799999999999,67.466,83.70599999999999,79.66,101.11,98.84200000000001,41.802,42.974000000000004,127.924,127.78799999999998,2.6952000000000003,2.629,263.5720264209058,263.5720264209058,195.222788863733,195.222788863733,32.03486229972861,32.03486229972861,134.70897064208984,163.3568069458008,86.29635772705078,124.16166381835937,0.23099285273820525,0.4590874683071096,0.18279662707088803,0.2595332350451286,0.379824967738449,0.5453502467837357,0.31321817761017556,0.21212152228675812,0.3969033262987388,0.7204149685193545,0.14526848426672842,-0.06556281157676054,-0.09007862119226458,-0.2406640486803544,0
2023-08-11,4531.8,4561.697999999999,102.24166,101.43172,72.03200000000001,73.02799999999999,85.01,83.70599999999999,95.912,101.11,41.8,41.802,125.36399999999999,127.924,2.67,2.6952000000000003,283.0844519508856,263.5720264209058,181.64681736810275,195.222788863733,32.113769213613125,32.03486229972861,134.067724609375,134.70897064208984,111.10978698730469,86.29635772705078,0.3649906638063526,0.23099285273820525,0.4331913168008234,0.18279662707088803,0.3605877532260051,0.379824967738449,0.31314416859008076,0.31321817761017556,0.029344635677778175,0.3969033262987388,-0.07124846150420948,0.14526848426672842,-0.25427349212233014,-0.09007862119226458,1
2023-08-18,4483.682,4531.8,102.52582,102.24166,87.876,72.03200000000001,86.454,85.01,94.90599999999999,95.912,39.077999999999996,41.8,120.354,125.36399999999999,2.8964,2.67,287.9625583333805,283.0844519508856,178.2528244941952,181.64681736810275,32.13349594208425,32.113769213613125,137.0786880493164,134.067724609375,95.98322601318361,111.10978698730469,0.40990634504401646,0.3649906638063526,0.22881534202577986,0.4331913168008234,0.29688294962147355,0.3605877532260051,0.2010569387566116,0.31314416859008076,0.10835769065227874,0.029344635677778175,-0.14176250704362342,-0.07124846150420948,-0.21713985981128198,-0.25427349212233014,0
2023-08-25,4414.396,4483.682,103.33617999999998,102.52582,92.874,87.876,84.694,86.454,95.284,94.90599999999999,36.272000000000006,39.077999999999996,113.71600000000001,120.354,2.7702,2.8964,287.9625583333805,287.9625583333805,178.2528244941952,178.2528244941952,32.13349594208425,32.13349594208425,130.38485107421874,137.0786880493164,84.70312271118163,95.98322601318361,0.5390395602591761,0.40990634504401646,0.1874007870644206,0.22881534202577986,0.20701985710969,0.29688294962147355,0.16829267322893274,0.2010569387566116,0.2964511968867608,0.10835769065227874,-0.08288435005071508,-0.14176250704362342,-0.04264599757489522,-0.21713985981128198,0
2023-09-01,4401.070000000001,4414.396,103.69824000000001,103.33617999999998,93.488,92.874,83.90799999999999,84.694,95.476,95.284,35.263999999999996,36.272000000000006,112.15799999999999,113.71600000000001,2.656,2.7702,287.9625583333805,287.9625583333805,178.2528244941952,178.2528244941952,32.13349594208425,32.13349594208425,91.20402984619143,130.38485107421874,60.4173002243042,84.70312271118163,0.331594147336858,0.5390395602591761,0.22608457002515822,0.1874007870644206,0.3463579249834769,0.20701985710969,0.24863574163466198,0.16829267322893274,0.47837897088128695,0.2964511968867608,0.38290980658737617,-0.08288435005071508,0.6062553214717089,-0.04264599757489522,0
2023-09-08,4493.848,4401.070000000001,103.70934,103.69824000000001,87.45,93.488,86.236,83.90799999999999,97.836,95.476,36.484,35.263999999999996,115.66599999999998,112.15799999999999,2.9532,2.656,294.27244462433544,287.9625583333805,183.44681325229828,178.2528244941952,32.05421401703494,32.13349594208425,130.05780639648435,91.20402984619143,76.26463241577149,60.4173002243042,0.5357746881373817,0.331594147336858,0.2703994736560575,0.22608457002515822,0.3003125304860145,0.3463579249834769,0.4961470720935199,0.24863574163466198,0.29997959244346134,0.47837897088128695,0.20455119437829206,0.38290980658737617,0.4631990545017552,0.6062553214717089,0
2023-09-15,4467.735,4493.848,104.93965,103.70934,80.7775,87.45,90.30250000000001,86.236,99.0975,97.836,35.4975,36.484,112.0625,115.66599999999998,2.9645,2.9532,319.5119897881551,294.27244462433544,204.2227682847106,183.44681325229828,31.73708631683767,32.05421401703494,112.96571350097656,130.05780639648435,57.19442176818848,76.26463241577149,0.6653347276713085,0.5357746881373817,0.4802127933355641,0.2703994736560575,0.515962865533027,0.3003125304860145,0.6192747626846147,0.4961470720935199,0.3702573875202094,0.29997959244346134,0.3638518785960522,0.20455119437829206,0.6067902973463604,0.4631990545017552,1
2023-09-22,4474.444,4467.735,104.91318000000001,104.93965,90.098,80.7775,92.44200000000001,90.30250000000001,99.114,99.0975,35.084,35.4975,112.992,112.0625,2.9707999999999997,2.9645,319.5119897881551,319.5119897881551,204.2227682847106,204.2227682847106,31.73708631683767,31.73708631683767,161.4934860229492,112.96571350097656,64.86262969970703,57.19442176818848,0.5463672512115388,0.6653347276713085,0.9214483147009205,0.4802127933355641,0.6068343123080883,0.515962865533027,1.0548860103523876,0.6192747626846147,0.5377124289088717,0.3702573875202094,0.7504025111924819,0.3638518785960522,0.5964765009842379,0.6067902973463604,0
2023-09-29,4389.947999999999,4474.444,105.31569999999999,104.91318000000001,95.842,90.098,93.774,92.44200000000001,98.97,99.114,32.78,35.084,110.104,112.992,2.9334,2.9707999999999997,319.5119897881551,319.5119897881551,204.2227682847106,204.2227682847106,31.73708631683767,31.73708631683767,226.28974609375,161.4934860229492,123.17007904052737,64.86262969970703,0.8185821640775564,0.5463672512115388,0.9109541631200152,0.9214483147009205,0.8436162068852916,0.6068343123080883,0.8779672438964795,1.0548860103523876,0.3421298137227414,0.5377124289088717,0.6487706207543401,0.7504025111924819,0.2771116571311648,0.5964765009842379,0
2023-10-06,4294.646,4389.947999999999,106.23173999999999,105.31569999999999,104.024,95.842,94.898,93.774,96.968,98.97,31.362000000000002,32.78,104.94800000000001,110.104,3.0604,2.9334,319.5119897881551,319.5119897881551,204.2227682847106,204.2227682847106,31.73708631683767,31.73708631683767,113.90513305664062,226.28974609375,52.77430419921875,123.17007904052737,0.7905018947345523,0.8185821640775564,0.9789608999459485,0.9109541631200152,0.65440031232951,0.8436162068852916,0.8191636844880998,0.8779672438964795,0.4961925482571985,0.3421298137227414,0.6224095766064108,0.6487706207543401,0.47446074427209545,0.2771116571311648,1
2023-10-13,4269.656,4294.646,106.67006,106.23173999999999,94.17999999999999,104.024,87.21799999999999,94.898,96.482,96.968,29.381999999999998,31.362000000000002,100.136,104.94800000000001,3.4036,3.0604,314.2168954860354,319.5119897881551,193.0310287624587,204.2227682847106,33.26695747319868,31.73708631683767,117.64024810791015,113.90513305664062,63.109648895263675,52.77430419921875,0.7671263642121219,0.7905018947345523,0.9585916110199617,0.9789608999459485,0.5527476786671046,0.65440031232951,0.809540041730114,0.8191636844880998,0.4734712357206858,0.4961925482571985,0.7576327185382369,0.6224095766064108,0.6185660792541728,0.47446074427209545,0
2023-10-20,4349.647999999999,4269.656,106.16322,106.67006,124.256,94.17999999999999,87.702,87.21799999999999,96.586,96.482,29.802,29.381999999999998,101.78999999999999,100.136,3.6342,3.4036,314.2168954860354,314.2168954860354,193.0310287624587,193.0310287624587,33.26695747319868,33.26695747319868,265.49395751953125,117.64024810791015,269.8188873291016,63.109648895263675,0.8760216655232267,0.7671263642121219,0.8925777222649064,0.9585916110199617,1.0269002475564997,0.5527476786671046,0.8758972102395444,0.809540041730114,0.27992988271517755,0.4734712357206858,1.4842525412128467,0.7576327185382369,0.3307536845488369,0.6185660792541728,0
2023-10-27,4312.718,4349.647999999999,106.26762,106.16322,123.77000000000001,124.256,91.11800000000001,87.702,98.134,96.586,28.442,29.802,98.938,101.78999999999999,3.3988,3.6342,314.2168954860354,314.2168954860354,193.0310287624587,193.0310287624587,33.26695747319868,33.26695747319868,328.3780029296875,265.49395751953125,358.6932434082031,269.8188873291016,0.9478059804671904,0.8760216655232267,1.132936721721313,0.8925777222649064,0.6765852721965878,1.0269002475564997,1.0597488986174484,0.8758972102395444,0.33716782798312045,0.27992988271517755,1.2323132478194627,1.4842525412128467,0.46428977778120845,0.3307536845488369,0
2023-11-03,4181.218,4312.718,106.32512,106.26762,125.002,123.77000000000001,89.288,91.11800000000001,96.9,98.134,25.72,28.442,95.674,98.938,3.3862,3.3988,314.2168954860354,314.2168954860354,193.0310287624587,193.0310287624587,33.26695747319868,33.26695747319868,234.7364288330078,328.3780029296875,297.26763916015625,358.6932434082031,0.6790748089803276,0.9478059804671904,1.098407555332289,1.132936721721313,0.6931718761448378,0.6765852721965878,1.103324693335692,1.0597488986174484,0.19111387871509833,0.33716782798312045,0.8947608916325406,1.2323132478194627,0.3136868228859423,0.46428977778120845,0
2023-11-10,4254.92,4181.218,106.14272000000001,106.32512,124.252,125.002,86.24600000000001,89.288,95.854,96.9,25.48,25.72,96.49,95.674,3.7399999999999998,3.3862,315.149502500994,314.2168954860354,203.8701531716909,193.0310287624587,33.61397638913794,33.26695747319868,188.39859466552736,234.7364288330078,242.3912567138672,297.26763916015625,0.8093525807184399,0.6790748089803276,1.1719619054163568,1.098407555332289,0.6671304929250989,0.6931718761448378,1.0769210081573233,1.103324693335692,0.4097871638626964,0.19111387871509833,1.0915102642578087,0.8947608916325406,0.3317948873144729,0.3136868228859423,1
2023-11-17,4377.946,4254.92,105.6117,106.14272000000001,117.23599999999999,124.252,81.554,86.24600000000001,96.09,95.854,25.54,25.48,98.498,96.49,3.4066,3.7399999999999998,315.7712405109664,315.149502500994,211.096236111179,203.8701531716909,33.84532233309744,33.61397638913794,143.01944122314458,188.39859466552736,219.6118560791016,242.3912567138672,0.8265315913995026,0.8093525807184399,1.3022597480663536,1.1719619054163568,0.6200972606485928,0.6671304929250989,0.8919976224656528,1.0769210081573233,0.3210063461220901,0.4097871638626964,0.8522241344161715,1.0915102642578087,0.7068143559292904,0.3317948873144729,0
2023-11-24,4486.478,4377.946,104.46896,105.6117,117.226,117.23599999999999,80.84,81.554,96.522,96.09,26.52,25.54,102.00999999999999,98.498,3.2896,3.4066,315.7712405109664,315.7712405109664,211.096236111179,211.096236111179,33.84532233309744,33.84532233309744,133.75435791015624,143.01944122314458,158.86678161621094,219.6118560791016,0.8011932748690365,0.8265315913995026,1.1937796099056928,1.3022597480663536,0.6852276946848086,0.6200972606485928,1.057406406565771,0.8919976224656528,0.44050440965121374,0.3210063461220901,1.0856834719704582,0.8522241344161715,0.47589154172943327,0.7068143559292904,0
2023-12-01,4550.3825,4486.478,103.60185,104.46896,115.2325,117.226,81.8275,80.84,96.755,96.522,26.5125,26.52,103.8725,102.00999999999999,3.01875,3.2896,315.7712405109664,315.7712405109664,211.096236111179,211.096236111179,33.84532233309744,33.84532233309744,164.0277004241943,133.75435791015624,179.43222427368164,158.86678161621094,0.6986720679665384,0.8011932748690365,0.8205293487993661,1.1937796099056928,0.5024436925550905,0.6852276946848086,0.8913155744439968,1.057406406565771,0.1649534652757881,0.44050440965121374,0.32609876971253837,1.0856834719704582,0.15676232303090637,0.47589154172943327,0
2023-12-08,4563.666,4550.3825,103.10212000000001,103.60185,108.002,115.2325,81.29400000000001,81.8275,94.852,96.755,26.45,26.5125,103.752,103.8725,2.8176,3.01875,308.95915613056064,315.7712405109664,214.30868391347676,211.096236111179,33.810200548061985,33.84532233309744,131.3660545349121,164.0277004241943,173.76993103027343,179.43222427368164,1.1000907280696897,0.6986720679665384,1.3304361835475016,0.8205293487993661,0.6016952241806186,0.5024436925550905,1.2923196990438695,0.8913155744439968,0.422339542137085,0.1649534652757881,0.9266980343515809,0.32609876971253837,0.5180510457155333,0.15676232303090637,0
2023-12-15,4575.252,4563.666,103.88108,103.10212000000001,98.286,108.002,75.884,81.29400000000001,91.244,94.852,27.266,26.45,104.38199999999999,103.752,2.5718,2.8176,281.7108186089376,308.95915613056064,227.1584751226679,214.30868391347676,33.66971340792014,33.810200548061985,145.37236480712892,131.3660545349121,172.18009414672855,173.76993103027343,1.0150640480632012,1.1000907280696897,1.6042502803719123,1.3304361835475016,0.8941865637339939,0.6016952241806186,1.287596625528907,1.2923196990438695,0.692414640578802,0.422339542137085,0.9104244153307244,0.9266980343515809,0.44331262837732643,0.5180510457155333,1
2023-12-22,4682.394,4575.252,103.07701999999999,103.88108,87.176,98.286,75.338,75.884,87.89599999999999,91.244,28.308,27.266,106.36399999999999,104.38199999999999,2.3308,2.5718,281.7108186089376,281.7108186089376,227.1584751226679,227.1584751226679,33.66971340792014,33.66971340792014,170.4583938598633,145.37236480712892,194.07674865722655,172.18009414672855,1.0577089454796142,1.0150640480632012,1.3464114222216481,1.6042502803719123,0.8299815979670381,0.8941865637339939,1.2360553867601762,1.287596625528907,0.2359510991573905,0.692414640578802,0.9147764216058342,0.9104244153307244,0.3656022412131816,0.44331262837732643,1
2023-12-29,4741.732,4682.394,102.10048,103.07701999999999,84.712,87.176,79.06800000000001,75.338,85.244,87.89599999999999,29.381999999999998,28.308,107.67,106.36399999999999,2.4156,2.3308,281.7108186089376,281.7108186089376,227.1584751226679,227.1584751226679,33.66971340792014,33.66971340792014,114.71942291259765,170.4583938598633,184.41338195800782,194.07674865722655,0.6051164464314265,1.0577089454796142,0.38094577402531615,1.3464114222216481,0.42691805708754194,0.8299815979670381,0.2810087925879631,1.2360553867601762,-0.005593748625650002,0.2359510991573905,0.2597997380508983,0.9147764216058342,0.20654345805292756,0.3656022412131816,0
2024-01-05,4778.253333333333,4741.732,101.1878,102.10048,84.76666666666667,84.712,78.36,79.06800000000001,84.92333333333333,85.244,30.263333333333332,29.381999999999998,110.79333333333334,107.67,2.380333333333333,2.4156,281.7108186089376,281.7108186089376,227.1584751226679,227.1584751226679,33.66971340792014,33.66971340792014,178.4728749593099,114.71942291259765,197.56989542643228,184.41338195800782,0.1495153485774098,0.6051164464314265,-0.345886624321718,0.38094577402531615,-0.025409490347035896,0.42691805708754194,-0.35168013401167403,0.2810087925879631,-0.24768684230311835,-0.005593748625650002,-0.2627361157834057,0.2597997380508983,-0.1725051630102056,0.20654345805292756,0
2024-01-12,4708.39,4778.253333333333,102.39497499999999,101.1878,82.16,84.76666666666667,77.6225,78.36,84.26,84.92333333333333,27.985,30.263333333333332,106.445,110.79333333333334,2.5035,2.380333333333333,323.4101058768188,281.7108186089376,244.285043112096,227.1584751226679,33.00507396469725,33.66971340792014,130.1776943206787,178.4728749593099,219.19118499755862,197.56989542643228,0.7514410841368782,0.1495153485774098,-0.029569368530921097,-0.345886624321718,0.18057882032735487,-0.025409490347035896,-0.04568172490782605,-0.35168013401167403,-0.37838740949672656,-0.24768684230311835,-0.07645886908517285,-0.2627361157834057,-0.26932035203831206,-0.1725051630102056,0
2024-01-19,4773.512,4708.39,102.3812,102.39497499999999,77.798,82.16,77.242,77.6225,84.97999999999999,84.26,26.374000000000002,27.985,104.396,106.445,2.6028,2.5035,323.4101058768188,323.4101058768188,244.285043112096,244.285043112096,33.00507396469725,33.00507396469725,151.5620407104492,130.1776943206787,199.74844665527345,219.19118499755862,0.8541125761440794,0.7514410841368782,0.525935711028639,-0.029569368530921097,0.709774146591108,0.18057882032735487,0.5116771872546917,-0.04568172490782605,0.0211485986034348,-0.37838740949672656,0.4676096393714734,-0.07645886908517285,0.0716233427317656,-0.26932035203831206,0
2024-01-26,4781.485,4773.512,103.33632499999999,102.3812,70.03999999999999,77.798,78.4575,77.242,85.9525,84.97999999999999,23.735,26.374000000000002,97.55,104.396,2.4095,2.6028,323.4101058768188,323.4101058768188,244.285043112096,244.285043112096,33.00507396469725,33.00507396469725,193.44349288940427,151.5620407104492,223.43914413452146,199.74844665527345,1.0836540726623627,0.8541125761440794,0.5164339122490302,0.525935711028639,0.5758142208625172,0.709774146591108,0.4354738981662747,0.5116771872546917,0.07706479052156731,0.0211485986034348,1.0238244015821838,0.4676096393714734,0.4121358820566428,0.0716233427317656,0
2024-02-02,4873.742,4781.485,103.42246,103.33632499999999,68.572,70.03999999999999,81.126,78.4575,88.204,85.9525,24.304,23.735,96.03,97.55,2.1818,2.4095,323.4101058768188,323.4101058768188,244.285043112096,244.285043112096,33.00507396469725,33.00507396469725,135.5610504150391,193.44349288940427,233.5302947998047,223.43914413452146,0.765665868680389,1.0836540726623627,0.6568334352303838,0.5164339122490302,0.566023516916498,0.5758142208625172,0.584819469027052,0.4354738981662747,-0.35361625178232875,0.07706479052156731,0.867029789403786,1.0238244015821838,0.13551775133134794,0.4121358820566428,0
2024-02-09,4912.67,4873.742,103.48335999999999,103.42246,71.92,68.572,80.602,81.126,87.19800000000001,88.204,24.214,24.304,95.486,96.03,2.0858,2.1818,304.8389987137672,323.4101058768188,214.67835078570175,244.285043112096,32.84224226368867,33.00507396469725,159.92759704589847,135.5610504150391,221.96053161621094,233.5302947998047,0.9710461083196968,0.765665868680389,1.0307074494574726,0.6568334352303838,0.8399550484231758,0.566023516916498,1.0192610433748144,0.584819469027052,-0.37707941461332195,-0.35361625178232875,1.0100192956312193,0.867029789403786,0.35043264658326423,0.13551775133134794,0
2024-02-16,4983.324,4912.67,104.17921999999999,103.48335999999999,68.634,71.92,79.922,80.602,87.11,87.19800000000001,23.919999999999998,24.214,94.42,95.486,1.9788000000000001,2.0858,276.9823379691897,304.8389987137672,170.2683122961104,214.67835078570175,32.59799471217578,32.84224226368867,102.14036178588867,159.92759704589847,178.22440490722656,221.96053161621094,0.9663657526742281,0.9710461083196968,1.3049048340907974,1.0307074494574726,0.7718719067511477,0.8399550484231758,0.8897863721247508,1.0192610433748144,-0.24226855072371323,-0.37707941461332195,1.176090457442295,1.0100192956312193,0.567312022157115,0.35043264658326423,0
2024-02-23,5002.186,4983.324,104.45524,104.17921999999999,61.513999999999996,68.634,82.53999999999999,79.922,85.572,87.11,25.286,23.919999999999998,96.144,94.42,1.7068,1.9788000000000001,276.9823379691897,276.9823379691897,170.2683122961104,170.2683122961104,32.59799471217578,32.59799471217578,169.10272521972655,102.14036178588867,196.23089294433595,178.22440490722656,1.1822967800054323,0.9663657526742281,1.2561663238405982,1.3049048340907974,0.6969403834866548,0.7718719067511477,0.9708766010488901,0.8897863721247508,-0.4201227361101692,-0.24226855072371323,0.9468220704070285,1.176090457442295,0.3566481670594795,0.567312022157115,1
2024-03-01,5033.285,5002.186,103.990075,104.45524,58.0425,61.513999999999996,82.665,82.53999999999999,83.34,85.572,23.4225,25.286,95.4675,96.144,1.76,1.7068,276.9823379691897,276.9823379691897,170.2683122961104,170.2683122961104,32.59799471217578,32.59799471217578,208.30604934692386,169.10272521972655,183.27167892456052,196.23089294433595,0.91267009623344,1.1822967800054323,1.1366068460545866,1.2561663238405982,0.7259791388662573,0.6969403834866548,0.936051273070593,0.9708766010488901,-0.40576229156647137,-0.4201227361101692,0.8541490002517401,0.9468220704070285,0.21178782978830654,0.3566481670594795,1
2024-03-08,5090.164,5033.285,103.90932000000001,103.990075,61.965999999999994,58.0425,83.406,82.665,83.49,83.34,23.55,23.4225,96.914,95.4675,1.9174,1.76,267.84942581372286,276.9823379691897,172.65619236166793,170.2683122961104,32.6981351148257,32.59799471217578,175.66080322265626,208.30604934692386,167.11311950683594,183.27167892456052,0.7788624063277182,0.91267009623344,1.204002382556061,1.1366068460545866,0.8212285216935775,0.7259791388662573,0.9706098678295261,0.936051273070593,-0.19415493846752052,-0.40576229156647137,0.9527321337478218,0.8541490002517401,0.17758498126168895,0.21178782978830654,0
2024-03-15,5119.082,5090.164,103.30642,103.90932000000001,66.724,61.965999999999994,82.568,83.406,82.14,83.49,23.240000000000002,23.55,97.114,96.914,2.023,1.9174,231.31777719185544,267.84942581372286,182.2077126238981,172.65619236166793,33.09869672542538,32.6981351148257,126.02966003417968,175.66080322265626,139.79826812744142,167.11311950683594,0.6781189073375505,0.7788624063277182,1.2083029002736498,1.204002382556061,0.6997548711090538,0.8212285216935775,1.092962957421612,0.9706098678295261,-0.3033249258656142,-0.19415493846752052,1.2243321602486388,0.9527321337478218,0.23403033707759194,0.17758498126168895,1
2024-03-22,5145.218,5119.082,103.08176,103.30642,64.11,66.724,83.784,82.568,85.008,82.14,22.419999999999998,23.240000000000002,98.17,97.114,1.8240000000000003,2.023,231.31777719185544,231.31777719185544,182.2077126238981,182.2077126238981,33.09869672542538,33.09869672542538,156.07291259765623,126.02966003417968,197.27916870117187,139.79826812744142,0.6643150187851624,0.6781189073375505,0.9888511589596408,1.2083029002736498,0.6569181629278625,0.6997548711090538,0.7321644547869772,1.092962957421612,-0.46927092634842493,-0.3033249258656142,0.6709410676244343,1.2243321602486388,0.40143444539145934,0.23403033707759194,1
2024-03-29,5205.652,5145.218,103.84888000000001,103.08176,71.69,64.11,86.286,83.784,85.216,85.008,21.846,22.419999999999998,97.584,98.17,1.8394,1.8240000000000003,231.31777719185544,231.31777719185544,182.2077126238981,182.2077126238981,33.09869672542538,33.09869672542538,128.77383728027343,156.07291259765623,154.6694763183594,197.27916870117187,0.7401542771790046,0.6643150187851624,0.94652372867566,0.9888511589596408,0.7057976615793727,0.6569181629278625,0.9548373022726407,0.7321644547869772,-0.4086894621469977,-0.46927092634842493,1.0216117424887297,0.6709410676244343,0.3007341075069358,0.40143444539145934,0
2024-04-05,5231.1525,5205.652,104.34027499999999,103.84888000000001,69.955,71.69,86.6425,86.286,85.6475,85.216,22.36,21.846,97.875,97.584,1.88175,1.8394,231.3177771918554,231.31777719185544,182.2077126238981,182.2077126238981,33.09869672542538,33.09869672542538,121.82412338256833,128.77383728027343,177.46483993530273,154.6694763183594,0.6968367438276173,0.7401542771790046,0.8648756116018945,0.94652372867566,0.5500840961559739,0.7057976615793727,0.6358592238304734,0.9548373022726407,-0.4529355384463425,-0.4086894621469977,0.705965368028178,1.0216117424887297,0.4198119505467843,0.3007341075069358,1
2024-04-12,5192.2125,5231.1525,104.38447500000001,104.34027499999999,64.685,69.955,90.02250000000001,86.6425,85.71000000000001,85.6475,22.275,22.36,96.05,97.875,2.04475,1.88175,268.1714967088272,231.3177771918554,173.8118230730195,182.2077126238981,32.74527317002182,33.09869672542538,163.30493354797366,121.82412338256833,193.91907119750977,177.46483993530273,0.7304687207170598,0.6968367438276173,0.8705573581774131,0.8648756116018945,0.8727131095445699,0.5500840961559739,0.6408666683589928,0.6358592238304734,-0.06860598819607742,-0.4529355384463425,0.9965899349839001,0.705965368028178,0.2095150632681806,0.4198119505467843,1
2024-04-19,5179.082,5192.2125,104.95174000000002,104.38447500000001,71.03,64.685,90.09400000000001,90.02250000000001,83.47,85.71000000000001,22.032,22.275,96.47200000000001,96.05,2.0436,2.04475,268.1714967088272,268.1714967088272,173.8118230730195,173.8118230730195,32.74527317002182,32.74527317002182,144.25998229980468,163.30493354797366,170.44020843505862,193.91907119750977,0.6447856403308679,0.7304687207170598,0.9874290984593653,0.8705573581774131,0.6220648036517465,0.8727131095445699,0.8940427276114375,0.6408666683589928,-0.3196131549289708,-0.06860598819607742,1.1700851713992493,0.9965899349839001,0.2400287400991318,0.2095150632681806,0
2024-04-26,5022.758,5179.082,106.15964,104.95174000000002,79.422,71.03,88.362,90.09400000000001,80.208,83.47,19.869999999999997,22.032,91.796,96.47200000000001,1.9739999999999998,2.0436,268.1714967088272,268.1714967088272,173.8118230730195,173.8118230730195,32.74527317002182,32.74527317002182,284.74065551757815,144.25998229980468,208.77295532226563,170.44020843505862,0.7821942218006612,0.6447856403308679,1.1238315737354774,0.9874290984593653,0.7007530285554024,0.6220648036517465,1.0457534116432674,0.8940427276114375,-0.06707807851853739,-0.3196131549289708,1.793245661712644,1.1700851713992493,0.6352696068253902,0.2400287400991318,1
2024-05-03,5060.232,5022.758,105.86238,106.15964,72.804,79.422,88.39,88.362,81.22,80.208,19.682,19.869999999999997,93.292,91.796,2.0094000000000003,1.9739999999999998,268.1714967088272,268.1714967088272,173.8118230730195,173.8118230730195,32.74527317002182,32.74527317002182,172.97958374023432,284.74065551757815,130.6302780151367,208.77295532226563,0.7833198106019592,0.7821942218006612,1.3148334638878834,1.1238315737354774,0.8346560881139753,0.7007530285554024,0.8740497741805806,1.0457534116432674,0.14732057052390915,-0.06707807851853739,1.4519165381439694,1.793245661712644,0.5326649000532454,0.6352696068253902,1
2024-05-10,5072.447999999999,5060.232,105.62249999999999,105.86238,72.024,72.804,85.26599999999999,88.39,80.478,81.22,20.887999999999998,19.682,97.486,93.292,2.341,2.0094000000000003,281.76976956400915,268.1714967088272,181.8515844028457,173.8118230730195,33.02942824801367,32.74527317002182,136.94759140014645,172.97958374023432,155.13420867919922,130.6302780151367,0.5855953046291035,0.7833198106019592,1.2533955722961445,1.3148334638878834,0.654609505726978,0.8346560881139753,0.9567331416877642,0.8740497741805806,-0.08021028120344756,0.14732057052390915,1.1004881569197713,1.4519165381439694,0.268785459256237,0.5326649000532454,0
2024-05-17,5203.0325,5072.447999999999,105.3621,105.62249999999999,74.7825,72.024,83.35249999999999,85.26599999999999,81.9975,80.478,21.535,20.887999999999998,100.83,97.486,2.4915000000000003,2.341,290.8352848007972,281.76976956400915,187.2114252893965,181.8515844028457,33.21886496667491,33.02942824801367,175.60886764526364,136.94759140014645,170.31670379638672,155.13420867919922,0.6246006353346315,0.5855953046291035,1.1116309290160395,1.2533955722961445,0.6094032045474524,0.654609505726978,0.7288260090571972,0.9567331416877642,-0.23774813831251226,-0.08021028120344756,1.1922041253081055,1.1004881569197713,0.2752298402642402,0.268785459256237,1
2024-05-24,5275.3240000000005,5203.0325,104.70284000000001,105.3621,72.582,74.7825,83.148,83.35249999999999,80.64,81.9975,22.042,21.535,102.67999999999999,100.83,2.6506,2.4915000000000003,290.8352848007972,290.8352848007972,187.2114252893965,187.2114252893965,33.21886496667491,33.21886496667491,163.5384735107422,175.60886764526364,156.96213073730468,170.31670379638672,0.5833108658074879,0.6246006353346315,0.7822718898406165,1.1116309290160395,0.613433481882997,0.6094032045474524,0.7980085218780376,0.7288260090571972,-0.23172984359584947,-0.23774813831251226,0.9869315656529558,1.1922041253081055,0.06704569290819082,0.2752298402642402,0
2024-05-31,5301.822,5275.3240000000005,104.79428,104.70284000000001,81.188,72.582,82.394,83.148,81.28,80.64,22.201999999999998,22.042,101.992,102.67999999999999,2.8975999999999997,2.6506,290.8352848007972,290.8352848007972,187.2114252893965,187.2114252893965,33.21886496667491,33.21886496667491,151.85389556884763,163.5384735107422,110.57564392089844,156.96213073730468,0.5010390008261547,0.5833108658074879,0.8958875380046306,0.7822718898406165,0.4010364351196272,0.613433481882997,0.6948366810614844,0.7980085218780376,-0.391240379023455,-0.23172984359584947,0.547165337300409,0.9869315656529558,-0.02092051569335189,0.06704569290819082,0
2024-06-07,5271.495,5301.822,104.78354999999999,104.79428,82.16,81.188,82.825,82.394,80.785,81.28,22.9225,22.201999999999998,103.53999999999999,101.992,2.7,2.8975999999999997,290.8352848007972,290.8352848007972,187.2114252893965,187.2114252893965,33.21886496667491,33.21886496667491,130.76030158996582,151.85389556884763,130.87382888793942,110.57564392089844,0.4673762695293474,0.5010390008261547,0.5443769658209632,0.8958875380046306,0.7467882206279123,0.4010364351196272,0.49899010297495144,0.6948366810614844,-0.29006516539931176,-0.391240379023455,0.5124280405122081,0.547165337300409,-0.17229418443754718,-0.02092051569335189,0
2024-06-14,5325.744000000001,5271.495,104.31703999999999,104.78354999999999,81.19800000000001,82.16,78.756,82.825,80.33200000000001,80.785,22.556,22.9225,103.878,103.53999999999999,2.838,2.7,327.5062611150888,290.8352848007972,175.4020087741585,187.2114252893965,33.36914747810007,33.21886496667491,113.39518432617187,130.76030158996582,125.89698333740235,130.87382888793942,0.6351119428666806,0.4673762695293474,0.48065006772554913,0.5443769658209632,0.71126446746828,0.7467882206279123,0.7657297405898673,0.49899010297495144,-0.31894934003289166,-0.29006516539931176,0.2729450120909304,0.5124280405122081,-0.07532010468642195,-0.17229418443754718,0
2024-06-21,5404.496,5325.744000000001,105.17211999999999,104.31703999999999,82.772,81.19800000000001,82.304,78.756,80.732,80.33200000000001,22.172,22.556,101.458,103.878,3.0584,2.838,327.5062611150888,327.5062611150888,175.4020087741585,175.4020087741585,33.36914747810007,33.36914747810007,119.49478759765626,113.39518432617187,123.86165313720703,125.89698333740235,0.5927538891305764,0.6351119428666806,0.17418896214931487,0.48065006772554913,0.7558323627070322,0.71126446746828,0.6581619746537208,0.7657297405898673,-0.3341616469394339,-0.31894934003289166,0.3445859752323961,0.2729450120909304,-0.028148448942911592,-0.07532010468642195,0
2024-06-28,5474.5125,5404.496,105.52102500000001,105.17211999999999,80.375,82.772,85.1325,82.304,79.85,80.732,20.89,22.172,98.9175,101.458,2.88675,3.0584,327.5062611150888,327.5062611150888,175.4020087741585,175.4020087741585,33.36914747810007,33.36914747810007,173.1731414794922,119.49478759765626,120.10900211334229,123.86165313720703,0.17376272031362733,0.5927538891305764,0.12786035461513343,0.17418896214931487,0.3458587219969759,0.7558323627070322,0.37018593451717846,0.6581619746537208,-0.301832119464952,-0.3341616469394339,0.40740665256434644,0.3445859752323961,-0.2862051979662691,-0.028148448942911592,1
2024-07-05,5467.683999999999,5474.5125,105.78842,105.52102500000001,80.47999999999999,80.375,85.814,85.1325,79.526,79.85,20.444,20.89,98.26,98.9175,2.7658,2.88675,327.5062611150888,327.5062611150888,175.4020087741585,175.4020087741585,33.36914747810007,33.36914747810007,167.67356567382814,173.1731414794922,132.16509246826172,120.10900211334229,0.30312194394572617,0.17376272031362733,0.789052063312149,0.12786035461513343,0.36932649884427693,0.3458587219969759,0.18360139924925778,0.37018593451717846,-0.4553178895762211,-0.301832119464952,-0.07954747298863282,0.40740665256434644,-0.26127464720934085,-0.2862051979662691,0
2024-07-12,5522.0775,5467.683999999999,105.430975,105.78842,77.5675,80.47999999999999,86.68,85.814,81.145,79.526,20.135,20.444,99.72999999999999,98.26,2.43575,2.7658,361.8537868862849,327.5062611150888,233.336918937219,175.4020087741585,33.90730516590097,33.36914747810007,80.0256462097168,167.67356567382814,93.9415407180786,132.16509246826172,0.4207386921935457,0.30312194394572617,0.034169184133449826,0.789052063312149,0.21941870745227232,0.36932649884427693,0.5280669408014568,0.18360139924925778,-0.26665688590787046,-0.4553178895762211,-0.4209544946848611,-0.07954747298863282,-0.2673331890929945,-0.26127464720934085,0
2024-07-19,5596.726000000001,5522.0775,104.73980000000002,105.430975,72.858,77.5675,85.184,86.68,78.856,81.145,21.678,20.135,103.95,99.72999999999999,2.34,2.43575,361.8537868862849,361.8537868862849,233.33691893721897,233.336918937219,33.90730516590097,33.90730516590097,107.31988677978515,80.0256462097168,111.96374206542968,93.9415407180786,0.6165865582179654,0.4207386921935457,-0.03804221219497845,0.034169184133449826,0.42240521125322134,0.21941870745227232,0.31545754502927725,0.5280669408014568,-0.14774828575608662,-0.26665688590787046,-0.2728995636046917,-0.4209544946848611,-0.3251778272210872,-0.2673331890929945,1
2024-07-26,5587.255999999999,5596.726000000001,104.15556,104.73980000000002,74.606,72.858,84.28,85.184,77.048,78.856,22.8,21.678,103.718,103.95,2.1576,2.34,361.8537868862849,361.8537868862849,233.33691893721897,233.33691893721897,33.90730516590097,33.90730516590097,103.63496437072754,107.31988677978515,102.12048416137695,111.96374206542968,0.5709337833791086,0.6165865582179654,0.21500227212467182,-0.03804221219497845,0.30441625955164536,0.42240521125322134,0.46075357009094475,0.31545754502927725,-0.3451727617447044,-0.14774828575608662,-0.2117503247832261,-0.2728995636046917,-0.2233788655911501,-0.3251778272210872,1
2024-08-02,5481.12,5587.255999999999,104.36332,104.15556,74.65599999999999,74.606,81.724,84.28,75.788,77.048,21.79,22.8,102.426,103.718,2.1582,2.1576,361.8537868862849,361.8537868862849,233.33691893721897,233.33691893721897,33.90730516590097,33.90730516590097,85.24639549255372,103.63496437072754,92.28523635864259,102.12048416137695,0.4324222944724232,0.5709337833791086,0.022868849878789243,0.21500227212467182,0.256144107086012,0.30441625955164536,0.37180546067632153,0.46075357009094475,-0.16311597131889552,-0.3451727617447044,-0.33236921383639784,-0.2117503247832261,-0.042175294359384725,-0.2233788655911501,1
2024-08-09,5443.104,5481.12,104.13409999999999,104.36332,85.42999999999999,74.65599999999999,79.092,81.724,74.84,75.788,20.83,21.79,101.63,102.426,2.1231999999999998,2.1582,322.48357076935264,361.8537868862849,217.72626325215998,233.33691893721897,34.74854539165229,33.90730516590097,157.1902816772461,85.24639549255372,133.65621643066407,92.28523635864259,0.6616776897721574,0.4324222944724232,0.010857577883333363,0.022868849878789243,0.14496537102916332,0.256144107086012,0.32060450791024164,0.37180546067632153,-0.27272735311239477,-0.16311597131889552,-0.24491141834422123,-0.33236921383639784,-0.1959764010262454,-0.042175294359384725,1
2024-08-16,5257.866,5443.104,103.03472,104.13409999999999,93.712,85.42999999999999,77.986,79.092,73.52799999999999,74.84,18.476,20.83,97.566,101.63,2.1933999999999996,2.1231999999999998,263.4282465939542,322.48357076935264,194.3102797245714,217.72626325215998,36.01040573027928,34.74854539165229,155.6535217285156,157.1902816772461,173.25162658691409,133.65621643066407,0.2485622911427357,0.6616776897721574,0.1357081686349279,0.010857577883333363,0.23979736515495748,0.14496537102916332,0.12286733825003018,0.32060450791024164,-0.08050425381428251,-0.27272735311239477,-0.12401847314596234,-0.24491141834422123,0.17014955082919372,-0.1959764010262454,1
2024-08-23,5466.3,5257.866,102.76115999999999,103.03472,95.55199999999999,93.712,80.694,77.986,72.512,73.52799999999999,18.535999999999998,18.476,99.704,97.566,2.3088,2.1933999999999996,263.4282465939542,263.4282465939542,194.3102797245714,194.3102797245714,36.01040573027928,36.01040573027928,140.62253875732424,155.6535217285156,161.53265991210938,173.25162658691409,0.4989363329502816,0.2485622911427357,0.13199992084896428,0.1357081686349279,0.15727418561268477,0.23979736515495748,0.21084228001162852,0.12286733825003018,-0.22457912777225442,-0.08050425381428251,0.1642679603436902,-0.12401847314596234,-0.013140340991648422,0.17014955082919372,0
2024-08-30,5606.294,5466.3,101.31967999999999,102.76115999999999,90.478,95.55199999999999,77.42999999999999,80.694,72.148,72.512,19.419999999999998,18.535999999999998,102.1,99.704,2.275,2.3088,263.4282465939542,263.4282465939542,194.3102797245714,194.3102797245714,36.01040573027928,36.01040573027928,122.9416717529297,140.62253875732424,169.43441772460935,161.53265991210938,0.6395409621858771,0.4989363329502816,0.186404998186012,0.13199992084896428,0.42891450293825095,0.15727418561268477,0.4138328723122463,0.21084228001162852,-0.3319862209840619,-0.22457912777225442,-0.010693670151857796,0.1642679603436902,0.3467684095501061,-0.013140340991648422,0
2024-09-06,5614.585,5606.294,101.1824,101.31967999999999,93.48,90.478,79.235,77.42999999999999,75.775,72.148,19.3475,19.419999999999998,102.285,102.1,2.30225,2.275,263.4282465939542,263.4282465939542,194.3102797245714,194.3102797245714,36.01040573027928,36.01040573027928,121.97619819641115,122.9416717529297,199.15631866455078,169.43441772460935,0.5842746058332671,0.6395409621858771,0.21297297052901173,0.186404998186012,0.22310612618703252,0.42891450293825095,0.5841318880946951,0.4138328723122463,-0.27924251527780164,-0.3319862209840619,0.5235541014973067,-0.010693670151857796,-0.1035828479241418,0.3467684095501061,0
2024-09-13,5490.2075,5614.585,101.32015,101.1824,87.5425,93.48,72.55,79.235,75.9425,75.775,18.307499999999997,19.3475,102.0875,102.285,2.558,2.30225,345.0509574492747,263.4282465939542,205.4983508849386,194.3102797245714,35.06388105304776,36.01040573027928,153.92749404907227,121.97619819641115,159.000093460083,199.15631866455078,1.0970086970912323,0.5842746058332671,0.9900613969459486,0.21297297052901173,0.3164166158548497,0.22310612618703252,0.62692050222164,0.5841318880946951,-0.2688366256322374,-0.27924251527780164,0.476251643579368,0.5235541014973067,0.1600377939514441,-0.1035828479241418,0
2024-09-20,5548.496000000001,5490.2075,101.48208,101.32015,86.402,87.5425,71.04400000000001,72.55,74.97,75.9425,18.596,18.307499999999997,104.16799999999998,102.0875,2.5742000000000003,2.558,345.0509574492747,345.0509574492747,205.4983508849386,205.4983508849386,35.06388105304776,35.06388105304776,151.80733489990234,153.92749404907227,143.28202362060546,159.000093460083,0.9107199635045559,1.0970086970912323,0.8668383488179361,0.9900613969459486,0.3484513818464451,0.3164166158548497,0.8346562687352076,0.62692050222164,-0.1068902980360785,-0.2688366256322374,0.9676177842656033,0.476251643579368,0.2547527002800077,0.1600377939514441,1
2024-09-27,5660.424000000001,5548.496000000001,100.79886,101.48208,82.454,86.402,73.894,71.04400000000001,78.814,74.97,19.28,18.596,107.30999999999999,104.16799999999998,2.6262,2.5742000000000003,345.0509574492747,345.0509574492747,205.4983508849386,205.4983508849386,35.06388105304776,35.06388105304776,108.71671981811524,151.80733489990234,127.4465316772461,143.28202362060546,0.7029565755649104,0.9107199635045559,0.9795741971499508,0.8668383488179361,0.4994121214213355,0.3484513818464451,1.0616899447806531,0.8346562687352076,0.014218337493468663,-0.1068902980360785,0.7985557154825614,0.9676177842656033,0.11692578006248618,0.2547527002800077,0
2024-10-04,5731.46,5660.424000000001,100.63874,100.79886,89.114,82.454,73.22200000000001,73.894,83.21799999999999,78.814,19.464,19.28,110.598,107.30999999999999,2.9038,2.6262,345.0509574492747,345.0509574492747,205.4983508849386,205.4983508849386,35.06388105304776,35.06388105304776,206.401611328125,108.71671981811524,163.4978790283203,127.4465316772461,0.8812365948891369,0.7029565755649104,0.9715334792240732,0.9795741971499508,0.5564612243362504,0.4994121214213355,1.1317318397550944,1.0616899447806531,-0.05013700146675676,0.014218337493468663,0.7754208189447598,0.7985557154825614,0.09175461071501477,0.11692578006248618,0
2024-10-11,5726.356,5731.46,101.61269999999999,100.63874,98.774,89.114,74.97999999999999,73.22200000000001,84.252,83.21799999999999,19.794,19.464,111.57000000000001,110.598,3.3207999999999998,2.9038,382.6719132619072,345.0509574492747,207.8927449898481,205.4983508849386,34.567024929880496,35.06388105304776,178.42192687988282,206.401611328125,202.54352111816405,163.4978790283203,0.7610144197886147,0.8812365948891369,1.2026352756890262,0.9715334792240732,0.45073177086705324,0.5564612243362504,0.9736264689833811,1.1317318397550944,-0.12146469799832335,-0.05013700146675676,1.0351803409839964,0.7754208189447598,0.2851265722815409,0.09175461071501477,1
2024-10-18,5766.838,5726.356,102.72526,101.61269999999999,98.674,98.774,78.626,74.97999999999999,82.9,84.252,20.344,19.794,108.674,111.57000000000001,3.1364,3.3207999999999998,392.0771522150653,382.6719132619072,208.4913435160755,207.8927449898481,34.44281089908868,34.567024929880496,107.30614471435547,178.42192687988282,147.4890197753906,202.54352111816405,0.7726616998271064,0.7610144197886147,1.0050081846152117,1.2026352756890262,0.4288273418858003,0.45073177086705324,0.9095764809424368,0.9736264689833811,-0.07561516980110569,-0.12146469799832335,0.6936369583060252,1.0351803409839964,-0.07788169065473985,0.2851265722815409,1
2024-10-25,5844.744000000001,5766.838,103.43299999999999,102.72526,98.77,98.674,74.688,78.626,81.45,82.9,20.418,20.344,104.92,108.674,2.862,3.1364,392.0771522150653,392.0771522150653,208.4913435160755,208.4913435160755,34.44281089908868,34.44281089908868,113.91092834472656,107.30614471435547,126.9014663696289,147.4890197753906,0.7969392078069208,0.7726616998271064,0.9397514491028138,1.0050081846152117,0.5077578422836251,0.4288273418858003,0.8978858662741098,0.9095764809424368,-0.2522696443516564,-0.07561516980110569,0.7197985545048543,0.6936369583060252,0.3061836052009755,-0.07788169065473985,1
2024-11-01,5824.116,5844.744000000001,104.1656,103.43299999999999,104.446,98.77,75.144,74.688,82.20599999999999,81.45,20.182,20.418,104.67999999999999,104.92,2.9425999999999997,2.862,392.0771522150653,392.0771522150653,208.4913435160755,208.4913435160755,34.44281089908868,34.44281089908868,166.52769775390624,113.91092834472656,177.41511535644526,126.9014663696289,0.8963346347006185,0.7969392078069208,1.05208958249638,0.9397514491028138,0.547359509329247,0.5077578422836251,1.097570259674431,0.8978858662741098,-0.18402967289758676,-0.2522696443516564,0.9011588824206302,0.7197985545048543,0.3856209093831175,0.3061836052009755,0
2024-11-08,5780.872,5824.116,104.18304,104.1656,103.854,104.446,72.27000000000001,75.144,82.48400000000001,82.20599999999999,20.548000000000002,20.182,105.36600000000001,104.67999999999999,2.9454000000000002,2.9425999999999997,409.6594670672398,392.0771522150653,224.00341168946588,208.4913435160755,36.02598397112922,34.44281089908868,140.75945434570312,166.52769775390624,147.25097656250003,177.41511535644526,0.9051128156288246,0.8963346347006185,0.940929136428705,1.05208958249638,0.5039964433127659,0.547359509329247,1.20539948528062,1.097570259674431,-0.22101401117970992,-0.18402967289758676,0.5036858558974303,0.9011588824206302,0.11984822273200701,0.3856209093831175,1
2024-11-15,5878.626,5780.872,104.35052,104.18304,103.744,103.854,75.006,72.27000000000001,83.854,82.48400000000001,20.436,20.548000000000002,103.09200000000001,105.36600000000001,2.9698,2.9454000000000002,479.9887264759378,409.6594670672398,286.0516843830275,224.00341168946588,42.35867625929139,36.02598397112922,118.09925003051758,140.75945434570312,88.85923919677734,147.25097656250003,0.6778485238431277,0.9051128156288246,0.8158095406475485,0.940929136428705,0.4918334415627862,0.5039964433127659,1.169038619117174,1.20539948528062,-0.14994638004917682,-0.22101401117970992,0.6001630912050757,0.5036858558974303,0.208408294497669,0.11984822273200701,1
2024-11-22,5958.102000000001,5878.626,106.29549999999999,104.35052,113.58600000000001,103.744,71.92,75.006,82.428,83.854,19.71,20.436,100.26599999999999,103.09200000000001,3.1222000000000003,2.9698,479.9887264759378,479.9887264759378,286.0516843830275,286.0516843830275,42.35867625929139,42.35867625929139,126.55954437255859,118.09925003051758,98.42114334106445,88.85923919677734,0.8960606611366673,0.6778485238431277,1.3188178551700385,0.8158095406475485,0.8568314513152705,0.4918334415627862,1.214287823715773,1.169038619117174,-0.013043420145377519,-0.14994638004917682,0.818883976340636,0.6001630912050757,0.29665980111704754,0.208408294497669,0
2024-11-29,5929.152,5958.102000000001,106.71862000000002,106.29549999999999,117.69200000000001,113.58600000000001,73.764,71.92,82.20599999999999,82.428,19.830000000000002,19.71,100.426,100.26599999999999,3.215,3.1222000000000003,479.9887264759378,479.9887264759378,286.0516843830275,286.0516843830275,42.35867625929139,42.35867625929139,209.03556060791016,126.55954437255859,188.79371490478513,98.42114334106445,0.9532099499199724,0.8960606611366673,1.3727853673305708,1.3188178551700385,0.8005568608977439,0.8568314513152705,1.451119303035393,1.214287823715773,0.0047763334687666,-0.013043420145377519,0.9069379883865599,0.818883976340636,0.23349559430008027,0.29665980111704754,0
2024-12-06,6010.03,5929.152,106.40265,106.71862000000002,118.5875,117.69200000000001,72.89750000000001,73.764,80.405,82.20599999999999,21.2775,19.830000000000002,102.18,100.426,3.34175,3.215,479.9887264759378,479.9887264759378,286.0516843830275,286.0516843830275,42.35867625929139,42.35867625929139,158.2845287322998,209.03556060791016,221.7861595153809,188.79371490478513,0.6093419957402334,0.9532099499199724,0.5582586174360946,1.3727853673305708,0.5232172692057587,0.8005568608977439,0.8502966875101651,1.451119303035393,-0.3537955614369139,0.0047763334687666,0.5452257435775009,0.9069379883865599,-0.08546311054595476,0.23349559430008027,0
2024-12-13,6069.780000000001,6010.03,106.16024,106.40265,118.46,118.5875,72.194,72.89750000000001,80.75,80.405,21.07,21.2775,102.44800000000001,102.18,3.0906,3.34175,484.41530853193433,479.9887264759378,331.62173519591,286.0516843830275,46.47130617202325,42.35867625929139,151.2005142211914,158.2845287322998,173.74881286621093,221.7861595153809,0.6631014305270947,0.6093419957402334,1.067008806431006,0.5582586174360946,0.7184512588737404,0.5232172692057587,1.3023579506065073,0.8502966875101651,0.09318626401803345,-0.3537955614369139,1.279999198613459,0.5452257435775009,0.18506727554393232,-0.08546311054595476,0
2024-12-20,6054.858,6069.780000000001,106.63676000000001,106.16024,108.75399999999999,118.46,73.15,72.194,81.298,80.75,20.912,21.07,104.19000000000001,102.44800000000001,3.2916,3.0906,484.41530853193433,484.41530853193433,331.62173519591,331.62173519591,46.47130617202325,46.47130617202325,137.5187194824219,151.2005142211914,261.68035888671875,173.74881286621093,0.9042264560590825,0.6631014305270947,1.3962758867989442,1.067008806431006,0.5830624935103267,0.7184512588737404,1.0620810062431159,1.3023579506065073,-0.13631011995707307,0.09318626401803345,1.050763685074068,1.279999198613459,0.05057724669205772,0.18506727554393232,1
2024-12-27,5958.956,6054.858,107.6655,106.63676000000001,104.71,108.75399999999999,73.262,73.15,78.05199999999999,81.298,19.958000000000002,20.912,102.346,104.19000000000001,3.121,3.2916,484.41530853193433,484.41530853193433,331.62173519591,331.62173519591,46.47130617202325,46.47130617202325,169.64996032714845,137.5187194824219,160.93897247314456,261.68035888671875,0.6157435559933849,0.9042264560590825,0.7387161549623761,1.3962758867989442,0.4132690595522267,0.5830624935103267,0.6688980290094593,1.0620810062431159,-0.3030695420944339,-0.13631011995707307,0.7404740022695482,1.050763685074068,-0.11599415112146774,0.05057724669205772,1
2025-01-03,5994.983333333334,5958.956,108.0698,107.6655,116.05,104.71,73.46,73.262,77.83999999999999,78.05199999999999,20.64,19.958000000000002,100.97000000000001,102.346,3.7053333333333334,3.121,484.4153085319344,484.41530853193433,331.62173519591,331.62173519591,46.47130617202325,46.47130617202325,143.6378402709961,169.64996032714845,152.2915013631185,160.93897247314456,0.08393709716012225,0.6157435559933849,-0.3181609398130206,0.7387161549623761,-0.3044702660510738,0.4132690595522267,-0.338899332499392,0.6688980290094593,-0.43435686541120416,-0.3030695420944339,-0.16010385652869838,0.7404740022695482,-0.48416418803837763,-0.11599415112146774,0
2025-01-10,5899.8975,5994.983333333334,108.66975,108.0698,122.6525,116.05,75.3675,73.46,78.1075,77.83999999999999,20.8475,20.64,99.695,100.97000000000001,3.64575,3.7053333333333334,482.1596665885978,484.4153085319344,322.1959945622193,331.62173519591,46.88859231847191,46.47130617202325,105.50480651855467,143.6378402709961,143.13652992248535,152.2915013631185,0.3908164138257086,0.08393709716012225,-0.34664056003390953,-0.3181609398130206,-0.25619966400894467,-0.3044702660510738,-0.2045393688548665,-0.338899332499392,-0.5154983794555806,-0.43435686541120416,-0.06103925211152677,-0.16010385652869838,-0.24924152417259524,-0.48416418803837763,1
2025-01-17,5907.425,5899.8975,108.89942500000001,108.66975,115.79249999999999,122.6525,77.3175,75.3675,78.9175,78.1075,21.677500000000002,20.8475,99.4125,99.695,3.69025,3.64575,479.9040246452613,482.1596665885978,312.7702539285287,322.1959945622193,47.30587846492057,46.88859231847191,95.93471050262451,105.50480651855467,73.38405609130861,143.13652992248535,0.6750879828169923,0.3908164138257086,0.37622499692944905,-0.34664056003390953,0.2332717951572465,-0.25619966400894467,0.12297852818479157,-0.2045393688548665,0.10874560943857117,-0.5154983794555806,-0.10545535855329628,-0.06103925211152677,0.4837388844388506,-0.24924152417259524,1
2025-01-24,5912.608,5907.425,109.24623999999999,108.89942500000001,118.654,115.79249999999999,81.00800000000001,77.3175,79.832,78.9175,20.392000000000003,21.677500000000002,98.49,99.4125,4.0382,3.69025,479.9040246452613,479.9040246452613,312.7702539285287,312.7702539285287,47.30587846492057,47.30587846492057,136.85342559814453,95.93471050262451,99.20611419677735,73.38405609130861,0.743788654401747,0.6750879828169923,0.5583793378877542,0.37622499692944905,0.37768454630321274,0.2332717951572465,0.7101965226894665,0.12297852818479157,0.03338805958813816,0.10874560943857117,0.4748082045698775,-0.10545535855329628,0.17146626124865152,0.4837388844388506,1
2025-01-31,6088.889999999999,5912.608,107.962425,109.24623999999999,124.42750000000001,118.654,77.915,81.00800000000001,80.33,79.832,20.2125,20.392000000000003,99.47749999999999,98.49,3.70525,4.0382,479.9040246452613,479.9040246452613,312.7702539285287,312.7702539285287,47.30587846492057,47.30587846492057,133.23950386047363,136.85342559814453,112.18051242828369,99.20611419677735,0.709378473470516,0.743788654401747,0.5604043667820722,0.5583793378877542,0.7033238434049248,0.37768454630321274,0.7368127115155474,0.7101965226894665,0.20409413781090072,0.03338805958813816,0.12820859221237701,0.4748082045698775,-0.011419019498377377,0.17146626124865152,0
2025-02-07,6046.197999999999,6088.889999999999,107.97113999999999,107.962425,125.974,124.42750000000001,76.95599999999999,77.915,81.97999999999999,80.33,19.454,20.2125,98.97999999999999,99.47749999999999,3.3588,3.70525,479.9040246452613,479.9040246452613,312.7702539285287,312.7702539285287,47.30587846492057,47.30587846492057,146.7848098754883,133.23950386047363,138.86254882812497,112.18051242828369,0.9044627415047591,0.709378473470516,0.7779120856163019,0.5604043667820722,0.5157063271783284,0.7033238434049248,0.7158636253539367,0.7368127115155474,-0.14480406525521478,0.20409413781090072,0.3447112577180226,0.12820859221237701,0.07306261203347184,-0.011419019498377377,0
2025-02-14,6040.697999999999,6046.197999999999,107.96988000000002,107.97113999999999,131.382,125.974,75.144,76.95599999999999,83.032,81.97999999999999,19.322,19.454,99.44,98.97999999999999,3.3364,3.3588,396.8071464857468,479.9040246452613,330.4799257127634,312.7702539285287,47.71367688774779,47.30587846492057,141.62534790039064,146.7848098754883,131.0927703857422,138.86254882812497,0.6901861867487973,0.9044627415047591,1.0271449626932874,0.7779120856163019,0.575749402143644,0.5157063271783284,0.6101447530557308,0.7158636253539367,-0.15430281105952556,-0.14480406525521478,0.4210078799754796,0.3447112577180226,0.02574784187050678,0.07306261203347184,0
2025-02-21,6083.322,6040.697999999999,107.62528,107.96988000000002,132.66400000000002,131.382,75.562,75.144,84.03,83.032,19.07,19.322,100.146,99.44,3.5762,3.3364,396.8071464857468,396.8071464857468,330.4799257127634,330.4799257127634,47.71367688774779,47.71367688774779,143.28597106933594,141.62534790039064,109.30184478759766,131.0927703857422,0.7470887613581056,0.6901861867487973,1.2984004971464216,1.0271449626932874,0.5617264714189509,0.575749402143644,0.5967196659784691,0.6101447530557308,-0.08217371988644899,-0.15430281105952556,0.40122078015520063,0.4210078799754796,0.020571751050819844,0.02574784187050678,0
2025-02-28,6101.095,6083.322,106.814325,107.62528,114.69,132.66400000000002,75.3,75.562,86.74,84.03,19.490000000000002,19.07,102.095,100.146,4.142,3.5762,396.8071464857468,396.8071464857468,330.4799257127634,330.4799257127634,47.71367688774779,47.71367688774779,203.7701187133789,143.28597106933594,223.35783004760742,109.30184478759766,1.0209910106655973,0.7470887613581056,0.9176927193550299,1.2984004971464216,0.516643611514036,0.5617264714189509,0.8875349386956488,0.5967196659784691,0.22017596687362312,-0.08217371988644899,0.4728873867557099,0.40122078015520063,0.10119402026435056,0.020571751050819844,0
2025-03-07,5942.126,6101.095,106.86038,106.814325,105.84200000000001,114.69,73.41600000000001,75.3,83.95,86.74,18.06,19.490000000000002,102.022,102.095,3.9684,4.142,396.8071464857468,396.8071464857468,330.4799257127634,330.4799257127634,47.71367688774779,47.71367688774779,126.08074188232422,203.7701187133789,165.3106918334961,223.35783004760742,0.8552080352527609,1.0209910106655973,1.396447615919034,0.9176927193550299,0.6541911901505056,0.516643611514036,0.8030516402733566,0.8875349386956488,-0.15185705215740603,0.22017596687362312,0.5518049558163673,0.4728873867557099,0.1936184226390942,0.10119402026435056,1
2025-03-14,5795.844,5942.126,104.8987,106.86038,100.312,105.84200000000001,70.356,73.41600000000001,79.368,83.95,16.836000000000002,18.06,100.20599999999999,102.022,4.324599999999999,3.9684,576.936630614579,396.8071464857468,475.42039377794583,330.4799257127634,52.263124316290394,47.71367688774779,233.72596130371093,126.08074188232422,160.57988433837892,165.3106918334961,1.048922261643917,0.8552080352527609,1.1228865059082962,1.396447615919034,0.6440948637831533,0.6541911901505056,0.8512999027799937,0.8030516402733566,0.03354274257858962,-0.15185705215740603,1.06839897807735,0.5518049558163673,0.3729406357229224,0.1936184226390942,1
2025-03-21,5589.278,5795.844,103.69406,104.8987,103.44000000000001,100.312,70.05,70.356,80.636,79.368,16.663999999999998,16.836000000000002,102.264,100.20599999999999,4.2486,4.324599999999999,576.936630614579,576.936630614579,475.42039377794583,475.42039377794583,52.263124316290394,52.263124316290394,250.03819274902344,233.72596130371093,218.8896453857422,160.57988433837892,0.9673675521606354,1.048922261643917,1.011215787230872,1.1228865059082962,0.5753554445101945,0.6440948637831533,0.6694511623103674,0.8512999027799937,-0.1388667574044636,0.03354274257858962,0.43595661645339334,1.06839897807735,0.5475695299927945,0.3729406357229224,0
2025-03-28,5659.104,5589.278,103.61724,103.69406,103.054,103.44000000000001,70.824,70.05,82.414,80.636,17.272,16.663999999999998,103.95,102.264,4.114,4.2486,576.936630614579,576.936630614579,475.42039377794583,475.42039377794583,52.263124316290394,52.263124316290394,224.33611145019532,250.03819274902344,204.05777893066406,218.8896453857422,0.9769007623148133,0.9673675521606354,1.1239417364429798,1.011215787230872,0.5435425973438092,0.5753554445101945,0.6908838763570823,0.6694511623103674,-0.0736975982900087,-0.1388667574044636,0.3651114725903714,0.43595661645339334,0.04299912791078756,0.5475695299927945,0
2025-04-04,5706.134,5659.104,104.27372,103.61724,100.41,103.054,73.36800000000001,70.824,81.08399999999999,82.414,16.846,17.272,102.606,103.95,3.9260000000000006,4.114,576.936630614579,576.936630614579,475.42039377794583,475.42039377794583,52.263124316290394,52.263124316290394,160.4754409790039,224.33611145019532,138.8074462890625,204.05777893066406,0.7373908077758301,0.9769007623148133,0.9221023263356416,1.1239417364429798,0.618507217274296,0.5435425973438092,0.7980675940349486,0.6908838763570823,-0.022176091636123642,-0.0736975982900087,0.36857503926458923,0.3651114725903714,0.08685840150206336,0.04299912791078756,0
2025-04-11,5477.298000000001,5706.134,103.38863999999998,104.27372,96.774,100.41,71.97999999999999,73.36800000000001,82.562,81.08399999999999,15.382,16.846,100.556,102.606,4.0200000000000005,3.9260000000000006,738.8015202799713,576.936630614579,599.0383320709929,475.42039377794583,57.47554493099299,52.263124316290394,148.87305755615236,160.4754409790039,116.62559204101562,138.8074462890625,0.8198491704949855,0.7373908077758301,1.0810096939236362,0.9221023263356416,0.5882596653946373,0.618507217274296,0.6221377345022268,0.7980675940349486,0.014458189666788999,-0.022176091636123642,0.5736868420823769,0.36857503926458923,0.13327051095088566,0.08685840150206336,1
2025-04-18,5226.666,5477.298000000001,102.02688,103.38863999999998,85.602,96.774,64.12,71.97999999999999,81.736,82.562,14.288,15.382,93.99600000000001,100.556,3.604,4.0200000000000005,779.2677426963195,738.8015202799713,629.9428166442547,599.0383320709929,58.77865008466863,57.47554493099299,146.18109283447262,148.87305755615236,143.43725738525393,116.62559204101562,1.041165070963699,0.8198491704949855,1.153359026398609,1.0810096939236362,0.6683753311551606,0.5882596653946373,0.7578329521084128,0.6221377345022268,-0.13507952976588897,0.014458189666788999,0.70301172139136,0.5736868420823769,0.5546695020931048,0.13327051095088566,0
2025-04-25,5340.25,5226.666,99.63742500000001,102.02688,85.96,85.602,65.84,64.12,82.2175,81.736,14.7025,14.288,98.18,93.99600000000001,3.2865,3.604,779.2677426963195,779.2677426963195,629.9428166442547,629.9428166442547,58.77865008466863,58.77865008466863,164.14535903930664,146.18109283447262,148.03211212158203,143.43725738525393,0.6871640846750966,1.041165070963699,1.029446700249236,1.153359026398609,0.5379122743006913,0.6683753311551606,0.8507804339242349,0.7578329521084128,-0.036612293182928544,-0.13507952976588897,0.543673896951403,0.70301172139136,0.08558294605497313,0.5546695020931048,1
2025-05-02,5418.4,5340.25,99.439225,99.63742500000001,81.85499999999999,85.96,66.27000000000001,65.84,82.755,82.2175,15.3175,14.7025,100.9625,98.18,2.974,3.2865,779.2677426963195,779.2677426963195,629.9428166442547,629.9428166442547,58.77865008466863,58.77865008466863,189.22980880737305,164.14535903930664,163.86287879943848,148.03211212158203,0.6652164039671082,0.6871640846750966,1.4743320206285755,1.029446700249236,0.6075867448078469,0.5379122743006913,0.6851816929479957,0.8507804339242349,0.17709319267292062,-0.036612293182928544,0.6587849590247583,0.543673896951403,0.34623448994676687,0.08558294605497313,1
2025-05-09,5586.3275,5418.4,99.4571,99.439225,78.255,81.85499999999999,63.629999999999995,66.27000000000001,81.53,82.755,15.9375,15.3175,103.3525,100.9625,3.378,2.974,728.7811672101028,779.2677426963195,602.4586038990882,629.9428166442547,59.274478672381655,58.77865008466863,172.00331115722656,189.22980880737305,126.33486366271974,163.86287879943848,0.8214014750522989,0.6652164039671082,1.2150476568156112,1.4743320206285755,0.749162676069753,0.6075867448078469,1.1214527032469706,0.6851816929479957,0.031912364842766425,0.17709319267292062,0.7114196229579728,0.6587849590247583,0.40645229683367556,0.34623448994676687,1
2025-05-16,5640.51,5586.3275,100.055075,99.4571,83.585,78.255,62.504999999999995,63.629999999999995,79.6975,81.53,16.66,15.9375,103.8725,103.3525,3.61775,3.378,577.3214407514528,728.7811672101028,520.0059656635888,602.4586038990882,60.76196443552074,59.274478672381655,235.1360969543457,172.00331115722656,252.50865936279297,126.33486366271974,0.7640405247083825,0.8214014750522989,0.900002242670303,1.2150476568156112,0.4878243255584269,0.749162676069753,0.786361079422866,1.1214527032469706,-0.04119897947969615,0.031912364842766425,1.2659329216800805,0.7114196229579728,0.1560573254694065,0.40645229683367556,0
2025-05-23,5899.726000000001,5640.51,101.13291999999998,100.055075,84.354,83.585,65.524,62.504999999999995,80.934,79.6975,18.416,16.66,110.548,103.8725,3.4962000000000004,3.61775,577.3214407514528,577.3214407514528,520.0059656635888,520.0059656635888,60.76196443552074,60.76196443552074,232.08161315917968,235.1360969543457,117.35110168457031,252.50865936279297,0.8899019387862989,0.7640405247083825,0.8420082383259444,0.900002242670303,0.5238393933737064,0.4878243255584269,0.6629545837723414,0.786361079422866,0.0559628139985468,-0.04119897947969615,0.7482144068243762,1.2659329216800805,-0.024170501935179826,0.1560573254694065,0
2025-05-30,5878.7,5899.726000000001,99.81156,101.13291999999998,87.038,84.354,64.414,65.524,80.774,80.934,17.630000000000003,18.416,110.724,110.548,3.5086,3.4962000000000004,577.3214407514528,577.3214407514528,520.0059656635888,520.0059656635888,60.76196443552074,60.76196443552074,231.9778472900391,232.08161315917968,157.94263305664063,117.35110168457031,0.8495700858238007,0.8899019387862989,0.4789953847919888,0.8420082383259444,0.4140629556868013,0.5238393933737064,0.5992366606696639,0.6629545837723414,-0.0443802782814544,0.0559628139985468,0.5232494452335065,0.7482144068243762,0.06276881841457416,-0.024170501935179826,0
